subject	model_label	fit_response	smoothed	spherical_noise	separate_sigmas	n	fisher_information	condition
1	15	False	True	True	False	10.0	5.692601	narrow
1	15	False	True	True	False	11.0	3.7024772	narrow
1	15	False	True	True	False	12.0	0.9791511	narrow
1	15	False	True	True	False	13.0	1.1857673	narrow
1	15	False	True	True	False	14.0	0.5378784	narrow
1	15	False	True	True	False	15.0	0.19836074	narrow
1	15	False	True	True	False	16.0	0.13257447	narrow
1	15	False	True	True	False	17.0	0.12914844	narrow
1	15	False	True	True	False	18.0	0.13525742	narrow
1	15	False	True	True	False	19.0	0.14137359	narrow
1	15	False	True	True	False	20.0	0.14541659	narrow
1	15	False	True	True	False	21.0	0.14698593	narrow
1	15	False	True	True	False	22.0	0.1462408	narrow
1	15	False	True	True	False	23.0	0.14353862	narrow
1	15	False	True	True	False	24.0	0.13928771	narrow
1	15	False	True	True	False	25.0	0.13388157	narrow
1	15	False	True	True	False	10.0	1.1748483	wide
1	15	False	True	True	False	11.0	1.8505104	wide
1	15	False	True	True	False	12.0	1.738798	wide
1	15	False	True	True	False	13.0	0.5430555	wide
1	15	False	True	True	False	14.0	0.37587205	wide
1	15	False	True	True	False	15.0	0.52931905	wide
1	15	False	True	True	False	16.0	0.37964866	wide
1	15	False	True	True	False	17.0	0.19645639	wide
1	15	False	True	True	False	18.0	0.09791752	wide
1	15	False	True	True	False	19.0	0.05975249	wide
1	15	False	True	True	False	20.0	0.047204837	wide
1	15	False	True	True	False	21.0	0.04353129	wide
1	15	False	True	True	False	22.0	0.04277965	wide
1	15	False	True	True	False	23.0	0.04298154	wide
1	15	False	True	True	False	24.0	0.043433476	wide
1	15	False	True	True	False	25.0	0.043849893	wide
1	15	False	True	True	False	26.0	0.044107795	wide
1	15	False	True	True	False	27.0	0.044159323	wide
1	15	False	True	True	False	28.0	0.04399468	wide
1	15	False	True	True	False	29.0	0.043623894	wide
1	15	False	True	True	False	30.0	0.043066904	wide
1	15	False	True	True	False	31.0	0.042347774	wide
1	15	False	True	True	False	32.0	0.041491784	wide
1	15	False	True	True	False	33.0	0.04052348	wide
1	15	False	True	True	False	34.0	0.039465785	wide
1	15	False	True	True	False	35.0	0.038339518	wide
1	15	False	True	True	False	36.0	0.03716313	wide
1	15	False	True	True	False	37.0	0.03595279	wide
1	15	False	True	True	False	38.0	0.034722418	wide
1	15	False	True	True	False	39.0	0.03348385	wide
1	15	False	True	True	False	40.0	0.032247037	wide
1	15	False	True	True	True	10.0	5.765044	narrow
1	15	False	True	True	True	11.0	3.7045717	narrow
1	15	False	True	True	True	12.0	1.0573722	narrow
1	15	False	True	True	True	13.0	1.3813163	narrow
1	15	False	True	True	True	14.0	0.60619354	narrow
1	15	False	True	True	True	15.0	0.22333302	narrow
1	15	False	True	True	True	16.0	0.15067428	narrow
1	15	False	True	True	True	17.0	0.14660612	narrow
1	15	False	True	True	True	18.0	0.15298387	narrow
1	15	False	True	True	True	19.0	0.15942615	narrow
1	15	False	True	True	True	20.0	0.16364913	narrow
1	15	False	True	True	True	21.0	0.16519952	narrow
1	15	False	True	True	True	22.0	0.16423869	narrow
1	15	False	True	True	True	23.0	0.16114822	narrow
1	15	False	True	True	True	24.0	0.15636845	narrow
1	15	False	True	True	True	25.0	0.15032607	narrow
1	15	False	True	True	True	10.0	1.2168608	wide
1	15	False	True	True	True	11.0	1.958771	wide
1	15	False	True	True	True	12.0	1.8037287	wide
1	15	False	True	True	True	13.0	0.53553104	wide
1	15	False	True	True	True	14.0	0.44281968	wide
1	15	False	True	True	True	15.0	0.6214991	wide
1	15	False	True	True	True	16.0	0.4340469	wide
1	15	False	True	True	True	17.0	0.22116923	wide
1	15	False	True	True	True	18.0	0.11023636	wide
1	15	False	True	True	True	19.0	0.06790412	wide
1	15	False	True	True	True	20.0	0.054001957	wide
1	15	False	True	True	True	21.0	0.04984399	wide
1	15	False	True	True	True	22.0	0.04889024	wide
1	15	False	True	True	True	23.0	0.04899159	wide
1	15	False	True	True	True	24.0	0.049379524	wide
1	15	False	True	True	True	25.0	0.049740452	wide
1	15	False	True	True	True	26.0	0.049938124	wide
1	15	False	True	True	True	27.0	0.04991851	wide
1	15	False	True	True	True	28.0	0.04966946	wide
1	15	False	True	True	True	29.0	0.04920072	wide
1	15	False	True	True	True	30.0	0.048533134	wide
1	15	False	True	True	True	31.0	0.047692247	wide
1	15	False	True	True	True	32.0	0.04670508	wide
1	15	False	True	True	True	33.0	0.04559799	wide
1	15	False	True	True	True	34.0	0.044395663	wide
1	15	False	True	True	True	35.0	0.043120578	wide
1	15	False	True	True	True	36.0	0.041792665	wide
1	15	False	True	True	True	37.0	0.04042943	wide
1	15	False	True	True	True	38.0	0.03904591	wide
1	15	False	True	True	True	39.0	0.037654955	wide
1	15	False	True	True	True	40.0	0.036267344	wide
1	15	False	True	True	True	10.0	5.7387156	narrow
1	15	False	True	True	True	11.0	3.7807734	narrow
1	15	False	True	True	True	12.0	0.9435871	narrow
1	15	False	True	True	True	13.0	1.059393	narrow
1	15	False	True	True	True	14.0	0.48989254	narrow
1	15	False	True	True	True	15.0	0.180587	narrow
1	15	False	True	True	True	16.0	0.120043784	narrow
1	15	False	True	True	True	17.0	0.11721266	narrow
1	15	False	True	True	True	18.0	0.12317598	narrow
1	15	False	True	True	True	19.0	0.1290698	narrow
1	15	False	True	True	True	20.0	0.13297707	narrow
1	15	False	True	True	True	21.0	0.13454252	narrow
1	15	False	True	True	True	22.0	0.13392802	narrow
1	15	False	True	True	True	23.0	0.13147639	narrow
1	15	False	True	True	True	24.0	0.12757476	narrow
1	15	False	True	True	True	25.0	0.12259413	narrow
1	15	False	True	True	True	10.0	1.1556106	wide
1	15	False	True	True	True	11.0	1.7989994	wide
1	15	False	True	True	True	12.0	1.7262712	wide
1	15	False	True	True	True	13.0	0.5572506	wide
1	15	False	True	True	True	14.0	0.33558142	wide
1	15	False	True	True	True	15.0	0.47064716	wide
1	15	False	True	True	True	16.0	0.342854	wide
1	15	False	True	True	True	17.0	0.17895332	wide
1	15	False	True	True	True	18.0	0.089096725	wide
1	15	False	True	True	True	19.0	0.054012086	wide
1	15	False	True	True	True	20.0	0.04251036	wide
1	15	False	True	True	True	21.0	0.03922358	wide
1	15	False	True	True	True	22.0	0.03863527	wide
1	15	False	True	True	True	23.0	0.03891633	wide
1	15	False	True	True	True	24.0	0.039414883	wide
1	15	False	True	True	True	25.0	0.039867993	wide
1	15	False	True	True	True	26.0	0.04016362	wide
1	15	False	True	True	True	27.0	0.040259194	wide
1	15	False	True	True	True	28.0	0.04014717	wide
1	15	False	True	True	True	29.0	0.03983815	wide
1	15	False	True	True	True	30.0	0.03935171	wide
1	15	False	True	True	True	31.0	0.038711056	wide
1	15	False	True	True	True	32.0	0.037940342	wide
1	15	False	True	True	True	33.0	0.03706292	wide
1	15	False	True	True	True	34.0	0.036100514	wide
1	15	False	True	True	True	35.0	0.035072815	wide
1	15	False	True	True	True	36.0	0.03399723	wide
1	15	False	True	True	True	37.0	0.032889005	wide
1	15	False	True	True	True	38.0	0.031761244	wide
1	15	False	True	True	True	39.0	0.03062507	wide
1	15	False	True	True	True	40.0	0.029489854	wide
1	18	False	True	True	False	10.0	6.6450734	narrow
1	18	False	True	True	False	11.0	3.7851176	narrow
1	18	False	True	True	False	12.0	0.80540925	narrow
1	18	False	True	True	False	13.0	0.6747755	narrow
1	18	False	True	True	False	14.0	0.33937263	narrow
1	18	False	True	True	False	15.0	0.16907334	narrow
1	18	False	True	True	False	16.0	0.12276949	narrow
1	18	False	True	True	False	17.0	0.113583475	narrow
1	18	False	True	True	False	18.0	0.11207325	narrow
1	18	False	True	True	False	19.0	0.11132732	narrow
1	18	False	True	True	False	20.0	0.10992926	narrow
1	18	False	True	True	False	21.0	0.10764875	narrow
1	18	False	True	True	False	22.0	0.10454789	narrow
1	18	False	True	True	False	23.0	0.100773364	narrow
1	18	False	True	True	False	24.0	0.09649078	narrow
1	18	False	True	True	False	25.0	0.091858335	narrow
1	18	False	True	True	False	10.0	0.60736537	wide
1	18	False	True	True	False	11.0	2.92202	wide
1	18	False	True	True	False	12.0	2.1234457	wide
1	18	False	True	True	False	13.0	0.89057285	wide
1	18	False	True	True	False	14.0	0.22355306	wide
1	18	False	True	True	False	15.0	0.35767606	wide
1	18	False	True	True	False	16.0	0.30923602	wide
1	18	False	True	True	False	17.0	0.18652228	wide
1	18	False	True	True	False	18.0	0.104258746	wide
1	18	False	True	True	False	19.0	0.0647617	wide
1	18	False	True	True	False	20.0	0.0483515	wide
1	18	False	True	True	False	21.0	0.04193656	wide
1	18	False	True	True	False	22.0	0.039432794	wide
1	18	False	True	True	False	23.0	0.038407292	wide
1	18	False	True	True	False	24.0	0.03792953	wide
1	18	False	True	True	False	25.0	0.037627622	wide
1	18	False	True	True	False	26.0	0.03733923	wide
1	18	False	True	True	False	27.0	0.03698965	wide
1	18	False	True	True	False	28.0	0.036546424	wide
1	18	False	True	True	False	29.0	0.035999693	wide
1	18	False	True	True	False	30.0	0.035352133	wide
1	18	False	True	True	False	31.0	0.034612957	wide
1	18	False	True	True	False	32.0	0.033794668	wide
1	18	False	True	True	False	33.0	0.03291092	wide
1	18	False	True	True	False	34.0	0.03197533	wide
1	18	False	True	True	False	35.0	0.031000797	wide
1	18	False	True	True	False	36.0	0.029999094	wide
1	18	False	True	True	False	37.0	0.028980754	wide
1	18	False	True	True	False	38.0	0.027954979	wide
1	18	False	True	True	False	39.0	0.026929677	wide
1	18	False	True	True	False	40.0	0.025911545	wide
1	18	False	True	True	True	10.0	6.562608	narrow
1	18	False	True	True	True	11.0	3.6258912	narrow
1	18	False	True	True	True	12.0	0.89674526	narrow
1	18	False	True	True	True	13.0	0.79154843	narrow
1	18	False	True	True	True	14.0	0.38180488	narrow
1	18	False	True	True	True	15.0	0.18968526	narrow
1	18	False	True	True	True	16.0	0.13920248	narrow
1	18	False	True	True	True	17.0	0.12915726	narrow
1	18	False	True	True	True	18.0	0.12734437	narrow
1	18	False	True	True	True	19.0	0.1263311	narrow
1	18	False	True	True	True	20.0	0.12459971	narrow
1	18	False	True	True	True	21.0	0.12190492	narrow
1	18	False	True	True	True	22.0	0.11831589	narrow
1	18	False	True	True	True	23.0	0.11399324	narrow
1	18	False	True	True	True	24.0	0.10911833	narrow
1	18	False	True	True	True	25.0	0.10386467	narrow
1	18	False	True	True	True	10.0	0.6486657	wide
1	18	False	True	True	True	11.0	2.8934658	wide
1	18	False	True	True	True	12.0	2.1490235	wide
1	18	False	True	True	True	13.0	0.88028115	wide
1	18	False	True	True	True	14.0	0.2533924	wide
1	18	False	True	True	True	15.0	0.43016222	wide
1	18	False	True	True	True	16.0	0.36160266	wide
1	18	False	True	True	True	17.0	0.21164437	wide
1	18	False	True	True	True	18.0	0.11701159	wide
1	18	False	True	True	True	19.0	0.07316487	wide
1	18	False	True	True	True	20.0	0.055182297	wide
1	18	False	True	True	True	21.0	0.048124935	wide
1	18	False	True	True	True	22.0	0.04531311	wide
1	18	False	True	True	True	23.0	0.04410831	wide
1	18	False	True	True	True	24.0	0.043502383	wide
1	18	False	True	True	True	25.0	0.04309089	wide
1	18	False	True	True	True	26.0	0.04269648	wide
1	18	False	True	True	True	27.0	0.042237252	wide
1	18	False	True	True	True	28.0	0.04167756	wide
1	18	False	True	True	True	29.0	0.041006602	wide
1	18	False	True	True	True	30.0	0.040227327	wide
1	18	False	True	True	True	31.0	0.039349906	wide
1	18	False	True	True	True	32.0	0.03838812	wide
1	18	False	True	True	True	33.0	0.037356995	wide
1	18	False	True	True	True	34.0	0.036271505	wide
1	18	False	True	True	True	35.0	0.035145834	wide
1	18	False	True	True	True	36.0	0.033992898	wide
1	18	False	True	True	True	37.0	0.03282423	wide
1	18	False	True	True	True	38.0	0.031649884	wide
1	18	False	True	True	True	39.0	0.030478481	wide
1	18	False	True	True	True	40.0	0.029317325	wide
1	18	False	True	True	True	10.0	6.844346	narrow
1	18	False	True	True	True	11.0	3.98176	narrow
1	18	False	True	True	True	12.0	0.75860023	narrow
1	18	False	True	True	True	13.0	0.60072255	narrow
1	18	False	True	True	True	14.0	0.30969965	narrow
1	18	False	True	True	True	15.0	0.15440853	narrow
1	18	False	True	True	True	16.0	0.111385375	narrow
1	18	False	True	True	True	17.0	0.10295828	narrow
1	18	False	True	True	True	18.0	0.10172953	narrow
1	18	False	True	True	True	19.0	0.101204164	narrow
1	18	False	True	True	True	20.0	0.10005326	narrow
1	18	False	True	True	True	21.0	0.098063916	narrow
1	18	False	True	True	True	22.0	0.09529723	narrow
1	18	False	True	True	True	23.0	0.09189293	narrow
1	18	False	True	True	True	24.0	0.0880076	narrow
1	18	False	True	True	True	25.0	0.08379032	narrow
1	18	False	True	True	True	10.0	0.5802711	wide
1	18	False	True	True	True	11.0	2.9939685	wide
1	18	False	True	True	True	12.0	2.1516643	wide
1	18	False	True	True	True	13.0	0.91554374	wide
1	18	False	True	True	True	14.0	0.20557223	wide
1	18	False	True	True	True	15.0	0.31364363	wide
1	18	False	True	True	True	16.0	0.27589658	wide
1	18	False	True	True	True	17.0	0.16936213	wide
1	18	False	True	True	True	18.0	0.095185146	wide
1	18	False	True	True	True	19.0	0.05882168	wide
1	18	False	True	True	True	20.0	0.04362512	wide
1	18	False	True	True	True	21.0	0.037724387	wide
1	18	False	True	True	True	22.0	0.035470016	wide
1	18	False	True	True	True	23.0	0.034587674	wide
1	18	False	True	True	True	24.0	0.034208417	wide
1	18	False	True	True	True	25.0	0.033986613	wide
1	18	False	True	True	True	26.0	0.033772282	wide
1	18	False	True	True	True	27.0	0.033496864	wide
1	18	False	True	True	True	28.0	0.033130866	wide
1	18	False	True	True	True	29.0	0.03266563	wide
1	18	False	True	True	True	30.0	0.032104008	wide
1	18	False	True	True	True	31.0	0.031454824	wide
1	18	False	True	True	True	32.0	0.030729927	wide
1	18	False	True	True	True	33.0	0.029942157	wide
1	18	False	True	True	True	34.0	0.029104296	wide
1	18	False	True	True	True	35.0	0.02822846	wide
1	18	False	True	True	True	36.0	0.02732569	wide
1	18	False	True	True	True	37.0	0.026405856	wide
1	18	False	True	True	True	38.0	0.025477603	wide
1	18	False	True	True	True	39.0	0.02454836	wide
1	18	False	True	True	True	40.0	0.023624431	wide
2	15	False	True	True	False	10.0	0.46444413	narrow
2	15	False	True	True	False	11.0	0.18895182	narrow
2	15	False	True	True	False	12.0	0.11992884	narrow
2	15	False	True	True	False	13.0	0.111158065	narrow
2	15	False	True	True	False	14.0	0.054546937	narrow
2	15	False	True	True	False	15.0	0.06163277	narrow
2	15	False	True	True	False	16.0	0.086442746	narrow
2	15	False	True	True	False	17.0	0.1114222	narrow
2	15	False	True	True	False	18.0	0.13284223	narrow
2	15	False	True	True	False	19.0	0.1496824	narrow
2	15	False	True	True	False	20.0	0.16212997	narrow
2	15	False	True	True	False	21.0	0.17110641	narrow
2	15	False	True	True	False	22.0	0.1779704	narrow
2	15	False	True	True	False	23.0	0.18425496	narrow
2	15	False	True	True	False	24.0	0.19136922	narrow
2	15	False	True	True	False	25.0	0.20026153	narrow
2	15	False	True	True	False	10.0	0.49510863	wide
2	15	False	True	True	False	11.0	0.37910977	wide
2	15	False	True	True	False	12.0	0.22877377	wide
2	15	False	True	True	False	13.0	0.10811874	wide
2	15	False	True	True	False	14.0	0.112338275	wide
2	15	False	True	True	False	15.0	0.07698452	wide
2	15	False	True	True	False	16.0	0.038539845	wide
2	15	False	True	True	False	17.0	0.027549723	wide
2	15	False	True	True	False	18.0	0.02944809	wide
2	15	False	True	True	False	19.0	0.035163783	wide
2	15	False	True	True	False	20.0	0.041931007	wide
2	15	False	True	True	False	21.0	0.048674416	wide
2	15	False	True	True	False	22.0	0.05483289	wide
2	15	False	True	True	False	23.0	0.06011728	wide
2	15	False	True	True	False	24.0	0.06440974	wide
2	15	False	True	True	False	25.0	0.06769957	wide
2	15	False	True	True	False	26.0	0.07004049	wide
2	15	False	True	True	False	27.0	0.07152271	wide
2	15	False	True	True	False	28.0	0.07225458	wide
2	15	False	True	True	False	29.0	0.07235184	wide
2	15	False	True	True	False	30.0	0.07193124	wide
2	15	False	True	True	False	31.0	0.07110683	wide
2	15	False	True	True	False	32.0	0.06998845	wide
2	15	False	True	True	False	33.0	0.06868085	wide
2	15	False	True	True	False	34.0	0.06728295	wide
2	15	False	True	True	False	35.0	0.065887034	wide
2	15	False	True	True	False	36.0	0.06457692	wide
2	15	False	True	True	False	37.0	0.063426115	wide
2	15	False	True	True	False	38.0	0.06249492	wide
2	15	False	True	True	False	39.0	0.06182772	wide
2	15	False	True	True	False	40.0	0.061450202	wide
2	15	False	True	True	True	10.0	0.4050822	narrow
2	15	False	True	True	True	11.0	0.16466202	narrow
2	15	False	True	True	True	12.0	0.103433006	narrow
2	15	False	True	True	True	13.0	0.0952341	narrow
2	15	False	True	True	True	14.0	0.046858083	narrow
2	15	False	True	True	True	15.0	0.05344478	narrow
2	15	False	True	True	True	16.0	0.07536792	narrow
2	15	False	True	True	True	17.0	0.09744605	narrow
2	15	False	True	True	True	18.0	0.11640944	narrow
2	15	False	True	True	True	19.0	0.13135482	narrow
2	15	False	True	True	True	20.0	0.14244501	narrow
2	15	False	True	True	True	21.0	0.1504932	narrow
2	15	False	True	True	True	22.0	0.15670039	narrow
2	15	False	True	True	True	23.0	0.16242196	narrow
2	15	False	True	True	True	24.0	0.16890223	narrow
2	15	False	True	True	True	25.0	0.17697495	narrow
2	15	False	True	True	True	10.0	0.43523479	wide
2	15	False	True	True	True	11.0	0.33148277	wide
2	15	False	True	True	True	12.0	0.19984937	wide
2	15	False	True	True	True	13.0	0.094711475	wide
2	15	False	True	True	True	14.0	0.09726989	wide
2	15	False	True	True	True	15.0	0.06642253	wide
2	15	False	True	True	True	16.0	0.033249546	wide
2	15	False	True	True	True	17.0	0.023797495	wide
2	15	False	True	True	True	18.0	0.02550834	wide
2	15	False	True	True	True	19.0	0.030556547	wide
2	15	False	True	True	True	20.0	0.03653582	wide
2	15	False	True	True	True	21.0	0.042500693	wide
2	15	False	True	True	True	22.0	0.047955267	wide
2	15	False	True	True	True	23.0	0.05264294	wide
2	15	False	True	True	True	24.0	0.05645823	wide
2	15	False	True	True	True	25.0	0.059390362	wide
2	15	False	True	True	True	26.0	0.061485723	wide
2	15	False	True	True	True	27.0	0.062823154	wide
2	15	False	True	True	True	28.0	0.06349783	wide
2	15	False	True	True	True	29.0	0.06361168	wide
2	15	False	True	True	True	30.0	0.06326775	wide
2	15	False	True	True	True	31.0	0.06256678	wide
2	15	False	True	True	True	32.0	0.061605994	wide
2	15	False	True	True	True	33.0	0.060478143	wide
2	15	False	True	True	True	34.0	0.05927087	wide
2	15	False	True	True	True	35.0	0.058065955	wide
2	15	False	True	True	True	36.0	0.056937683	wide
2	15	False	True	True	True	37.0	0.05595115	wide
2	15	False	True	True	True	38.0	0.05515971	wide
2	15	False	True	True	True	39.0	0.054602508	wide
2	15	False	True	True	True	40.0	0.054302163	wide
2	15	False	True	True	True	10.0	0.54866743	narrow
2	15	False	True	True	True	11.0	0.224131	narrow
2	15	False	True	True	True	12.0	0.14407988	narrow
2	15	False	True	True	True	13.0	0.13433577	narrow
2	15	False	True	True	True	14.0	0.06600702	narrow
2	15	False	True	True	True	15.0	0.073630944	narrow
2	15	False	True	True	True	16.0	0.10234432	narrow
2	15	False	True	True	True	17.0	0.13126585	narrow
2	15	False	True	True	True	18.0	0.1560212	narrow
2	15	False	True	True	True	19.0	0.17542255	narrow
2	15	False	True	True	True	20.0	0.1896865	narrow
2	15	False	True	True	True	21.0	0.19987896	narrow
2	15	False	True	True	True	22.0	0.2075697	narrow
2	15	False	True	True	True	23.0	0.21452992	narrow
2	15	False	True	True	True	24.0	0.22239009	narrow
2	15	False	True	True	True	25.0	0.23225446	narrow
2	15	False	True	True	True	10.0	0.57936686	wide
2	15	False	True	True	True	11.0	0.44641852	wide
2	15	False	True	True	True	12.0	0.26990575	wide
2	15	False	True	True	True	13.0	0.12745889	wide
2	15	False	True	True	True	14.0	0.13393651	wide
2	15	False	True	True	True	15.0	0.09219724	wide
2	15	False	True	True	True	16.0	0.046302084	wide
2	15	False	True	True	True	17.0	0.033102248	wide
2	15	False	True	True	True	18.0	0.03521604	wide
2	15	False	True	True	True	19.0	0.04182496	wide
2	15	False	True	True	True	20.0	0.04965833	wide
2	15	False	True	True	True	21.0	0.057458125	wide
2	15	False	True	True	True	22.0	0.064571604	wide
2	15	False	True	True	True	23.0	0.07066392	wide
2	15	False	True	True	True	24.0	0.07559988	wide
2	15	False	True	True	True	25.0	0.079368785	wide
2	15	False	True	True	True	26.0	0.08203452	wide
2	15	False	True	True	True	27.0	0.083703	wide
2	15	False	True	True	True	28.0	0.08450073	wide
2	15	False	True	True	True	29.0	0.08456247	wide
2	15	False	True	True	True	30.0	0.08402384	wide
2	15	False	True	True	True	31.0	0.08301694	wide
2	15	False	True	True	True	32.0	0.0816689	wide
2	15	False	True	True	True	33.0	0.080100685	wide
2	15	False	True	True	True	34.0	0.07842647	wide
2	15	False	True	True	True	35.0	0.07675267	wide
2	15	False	True	True	True	36.0	0.07517595	wide
2	15	False	True	True	True	37.0	0.07378108	wide
2	15	False	True	True	True	38.0	0.07263776	wide
2	15	False	True	True	True	39.0	0.07179732	wide
2	15	False	True	True	True	40.0	0.071289845	wide
2	18	False	True	True	False	10.0	0.3975278	narrow
2	18	False	True	True	False	11.0	0.14163043	narrow
2	18	False	True	True	False	12.0	0.10213259	narrow
2	18	False	True	True	False	13.0	0.09596276	narrow
2	18	False	True	True	False	14.0	0.044988	narrow
2	18	False	True	True	False	15.0	0.05589572	narrow
2	18	False	True	True	False	16.0	0.080912225	narrow
2	18	False	True	True	False	17.0	0.10474201	narrow
2	18	False	True	True	False	18.0	0.12455866	narrow
2	18	False	True	True	False	19.0	0.1398298	narrow
2	18	False	True	True	False	20.0	0.15104151	narrow
2	18	False	True	True	False	21.0	0.15925834	narrow
2	18	False	True	True	False	22.0	0.16581857	narrow
2	18	False	True	True	False	23.0	0.17205572	narrow
2	18	False	True	True	False	24.0	0.17901483	narrow
2	18	False	True	True	False	25.0	0.18719143	narrow
2	18	False	True	True	False	10.0	0.4225382	wide
2	18	False	True	True	False	11.0	0.3255122	wide
2	18	False	True	True	False	12.0	0.19739212	wide
2	18	False	True	True	False	13.0	0.08117667	wide
2	18	False	True	True	False	14.0	0.09412704	wide
2	18	False	True	True	False	15.0	0.06617405	wide
2	18	False	True	True	False	16.0	0.030065859	wide
2	18	False	True	True	False	17.0	0.02057102	wide
2	18	False	True	True	False	18.0	0.023503855	wide
2	18	False	True	True	False	19.0	0.029697949	wide
2	18	False	True	True	False	20.0	0.036539815	wide
2	18	False	True	True	False	21.0	0.043113545	wide
2	18	False	True	True	False	22.0	0.048973933	wide
2	18	False	True	True	False	23.0	0.053910747	wide
2	18	False	True	True	False	24.0	0.05785777	wide
2	18	False	True	True	False	25.0	0.060836248	wide
2	18	False	True	True	False	26.0	0.062917836	wide
2	18	False	True	True	False	27.0	0.064200796	wide
2	18	False	True	True	False	28.0	0.06479473	wide
2	18	False	True	True	False	29.0	0.064811714	wide
2	18	False	True	True	False	30.0	0.06436136	wide
2	18	False	True	True	False	31.0	0.063547805	wide
2	18	False	True	True	False	32.0	0.062468845	wide
2	18	False	True	True	False	33.0	0.06121523	wide
2	18	False	True	True	False	34.0	0.059870455	wide
2	18	False	True	True	False	35.0	0.058510356	wide
2	18	False	True	True	False	36.0	0.05720218	wide
2	18	False	True	True	False	37.0	0.05600372	wide
2	18	False	True	True	False	38.0	0.054961774	wide
2	18	False	True	True	False	39.0	0.054110806	wide
2	18	False	True	True	False	40.0	0.053471595	wide
2	18	False	True	True	True	10.0	0.34647247	narrow
2	18	False	True	True	True	11.0	0.12336648	narrow
2	18	False	True	True	True	12.0	0.08781232	narrow
2	18	False	True	True	True	13.0	0.0820864	narrow
2	18	False	True	True	True	14.0	0.0386708	narrow
2	18	False	True	True	True	15.0	0.04858915	narrow
2	18	False	True	True	True	16.0	0.07069934	narrow
2	18	False	True	True	True	17.0	0.09177712	narrow
2	18	False	True	True	True	18.0	0.1093422	narrow
2	18	False	True	True	True	19.0	0.12292074	narrow
2	18	False	True	True	True	20.0	0.13293847	narrow
2	18	False	True	True	True	21.0	0.14033379	narrow
2	18	False	True	True	True	22.0	0.14628802	narrow
2	18	False	True	True	True	23.0	0.15197805	narrow
2	18	False	True	True	True	24.0	0.15832384	narrow
2	18	False	True	True	True	25.0	0.16575664	narrow
2	18	False	True	True	True	10.0	0.37197888	wide
2	18	False	True	True	True	11.0	0.28477624	wide
2	18	False	True	True	True	12.0	0.17242128	wide
2	18	False	True	True	True	13.0	0.071279965	wide
2	18	False	True	True	True	14.0	0.08146324	wide
2	18	False	True	True	True	15.0	0.057053532	wide
2	18	False	True	True	True	16.0	0.025943203	wide
2	18	False	True	True	True	17.0	0.017806794	wide
2	18	False	True	True	True	18.0	0.020419424	wide
2	18	False	True	True	True	19.0	0.025880082	wide
2	18	False	True	True	True	20.0	0.03191782	wide
2	18	False	True	True	True	21.0	0.03772743	wide
2	18	False	True	True	True	22.0	0.042914867	wide
2	18	False	True	True	True	23.0	0.04729286	wide
2	18	False	True	True	True	24.0	0.050801206	wide
2	18	False	True	True	True	25.0	0.05345712	wide
2	18	False	True	True	True	26.0	0.05532258	wide
2	18	False	True	True	True	27.0	0.056483395	wide
2	18	False	True	True	True	28.0	0.05703565	wide
2	18	False	True	True	True	29.0	0.057077926	wide
2	18	False	True	True	True	30.0	0.056706794	wide
2	18	False	True	True	True	31.0	0.056014165	wide
2	18	False	True	True	True	32.0	0.055086493	wide
2	18	False	True	True	True	33.0	0.054004088	wide
2	18	False	True	True	True	34.0	0.052840907	wide
2	18	False	True	True	True	35.0	0.051664103	wide
2	18	False	True	True	True	36.0	0.050533306	wide
2	18	False	True	True	True	37.0	0.049499705	wide
2	18	False	True	True	True	38.0	0.04860473	wide
2	18	False	True	True	True	39.0	0.0478788	wide
2	18	False	True	True	True	40.0	0.047340285	wide
2	18	False	True	True	True	10.0	0.47033176	narrow
2	18	False	True	True	True	11.0	0.16844487	narrow
2	18	False	True	True	True	12.0	0.12329057	narrow
2	18	False	True	True	True	13.0	0.11629317	narrow
2	18	False	True	True	True	14.0	0.054459233	narrow
2	18	False	True	True	True	15.0	0.066564776	narrow
2	18	False	True	True	True	16.0	0.09550522	narrow
2	18	False	True	True	True	17.0	0.1230675	narrow
2	18	False	True	True	True	18.0	0.14593367	narrow
2	18	False	True	True	True	19.0	0.16348334	narrow
2	18	False	True	True	True	20.0	0.17628008	narrow
2	18	False	True	True	True	21.0	0.18555671	narrow
2	18	False	True	True	True	22.0	0.19286202	narrow
2	18	False	True	True	True	23.0	0.19974017	narrow
2	18	False	True	True	True	24.0	0.20740582	narrow
2	18	False	True	True	True	25.0	0.21644458	narrow
2	18	False	True	True	True	10.0	0.49380147	wide
2	18	False	True	True	True	11.0	0.3832912	wide
2	18	False	True	True	True	12.0	0.2330713	wide
2	18	False	True	True	True	13.0	0.09560814	wide
2	18	False	True	True	True	14.0	0.112387374	wide
2	18	False	True	True	True	15.0	0.079367094	wide
2	18	False	True	True	True	16.0	0.03614796	wide
2	18	False	True	True	True	17.0	0.024675878	wide
2	18	False	True	True	True	18.0	0.02800405	wide
2	18	False	True	True	True	19.0	0.03518289	wide
2	18	False	True	True	True	20.0	0.04311526	wide
2	18	False	True	True	True	21.0	0.050728377	wide
2	18	False	True	True	True	22.0	0.057504307	wide
2	18	False	True	True	True	23.0	0.06320003	wide
2	18	False	True	True	True	24.0	0.06774053	wide
2	18	False	True	True	True	25.0	0.071152434	wide
2	18	False	True	True	True	26.0	0.07352071	wide
2	18	False	True	True	True	27.0	0.07496086	wide
2	18	False	True	True	True	28.0	0.07560112	wide
2	18	False	True	True	True	29.0	0.07557226	wide
2	18	False	True	True	True	30.0	0.07500178	wide
2	18	False	True	True	True	31.0	0.07401058	wide
2	18	False	True	True	True	32.0	0.07271196	wide
2	18	False	True	True	True	33.0	0.07121089	wide
2	18	False	True	True	True	34.0	0.0696038	wide
2	18	False	True	True	True	35.0	0.06797823	wide
2	18	False	True	True	True	36.0	0.066411756	wide
2	18	False	True	True	True	37.0	0.06497103	wide
2	18	False	True	True	True	38.0	0.0637101	wide
2	18	False	True	True	True	39.0	0.06266883	wide
2	18	False	True	True	True	40.0	0.06187144	wide
3	15	False	True	True	False	10.0	23.42192	narrow
3	15	False	True	True	False	11.0	5.06375	narrow
3	15	False	True	True	False	12.0	0.036528878	narrow
3	15	False	True	True	False	13.0	0.016197976	narrow
3	15	False	True	True	False	14.0	0.0073261308	narrow
3	15	False	True	True	False	15.0	0.0067221737	narrow
3	15	False	True	True	False	16.0	0.011308266	narrow
3	15	False	True	True	False	17.0	0.018346755	narrow
3	15	False	True	True	False	18.0	0.025739605	narrow
3	15	False	True	True	False	19.0	0.03215815	narrow
3	15	False	True	True	False	20.0	0.03697081	narrow
3	15	False	True	True	False	21.0	0.04005295	narrow
3	15	False	True	True	False	22.0	0.041577727	narrow
3	15	False	True	True	False	23.0	0.04184745	narrow
3	15	False	True	True	False	24.0	0.041184567	narrow
3	15	False	True	True	False	25.0	0.039875023	narrow
3	15	False	True	True	False	10.0	2.0514197	wide
3	15	False	True	True	False	11.0	18.557634	wide
3	15	False	True	True	False	12.0	0.10091079	wide
3	15	False	True	True	False	13.0	0.066117585	wide
3	15	False	True	True	False	14.0	0.044239208	wide
3	15	False	True	True	False	15.0	0.028886037	wide
3	15	False	True	True	False	16.0	0.01853846	wide
3	15	False	True	True	False	17.0	0.012068506	wide
3	15	False	True	True	False	18.0	0.008620515	wide
3	15	False	True	True	False	19.0	0.0074992455	wide
3	15	False	True	True	False	20.0	0.008096199	wide
3	15	False	True	True	False	21.0	0.009859647	wide
3	15	False	True	True	False	22.0	0.0122968815	wide
3	15	False	True	True	False	23.0	0.014990814	wide
3	15	False	True	True	False	24.0	0.01761561	wide
3	15	False	True	True	False	25.0	0.01994273	wide
3	15	False	True	True	False	26.0	0.02183553	wide
3	15	False	True	True	False	27.0	0.023235053	wide
3	15	False	True	True	False	28.0	0.024141002	wide
3	15	False	True	True	False	29.0	0.024592482	wide
3	15	False	True	True	False	30.0	0.024650939	wide
3	15	False	True	True	False	31.0	0.024386724	wide
3	15	False	True	True	False	32.0	0.023869958	wide
3	15	False	True	True	False	33.0	0.02316478	wide
3	15	False	True	True	False	34.0	0.022326495	wide
3	15	False	True	True	False	35.0	0.021400753	wide
3	15	False	True	True	False	36.0	0.020423818	wide
3	15	False	True	True	False	37.0	0.019423697	wide
3	15	False	True	True	False	38.0	0.018421387	wide
3	15	False	True	True	False	39.0	0.017432215	wide
3	15	False	True	True	False	40.0	0.016467048	wide
3	15	False	True	True	True	10.0	25.041319	narrow
3	15	False	True	True	True	11.0	5.4270816	narrow
3	15	False	True	True	True	12.0	0.03590987	narrow
3	15	False	True	True	True	13.0	0.015696364	narrow
3	15	False	True	True	True	14.0	0.0070362254	narrow
3	15	False	True	True	True	15.0	0.0066360137	narrow
3	15	False	True	True	True	16.0	0.011361305	narrow
3	15	False	True	True	True	17.0	0.018466735	narrow
3	15	False	True	True	True	18.0	0.025874346	narrow
3	15	False	True	True	True	19.0	0.03228125	narrow
3	15	False	True	True	True	20.0	0.03707497	narrow
3	15	False	True	True	True	21.0	0.04014039	narrow
3	15	False	True	True	True	22.0	0.041652925	narrow
3	15	False	True	True	True	23.0	0.041913413	narrow
3	15	False	True	True	True	24.0	0.0412419	narrow
3	15	False	True	True	True	25.0	0.039922494	narrow
3	15	False	True	True	True	10.0	2.186476	wide
3	15	False	True	True	True	11.0	19.803503	wide
3	15	False	True	True	True	12.0	0.1012117	wide
3	15	False	True	True	True	13.0	0.06595577	wide
3	15	False	True	True	True	14.0	0.04394532	wide
3	15	False	True	True	True	15.0	0.028506609	wide
3	15	False	True	True	True	16.0	0.018138058	wide
3	15	False	True	True	True	17.0	0.011707854	wide
3	15	False	True	True	True	18.0	0.008342107	wide
3	15	False	True	True	True	19.0	0.0073220087	wide
3	15	False	True	True	True	20.0	0.008017796	wide
3	15	False	True	True	True	21.0	0.009863228	wide
3	15	False	True	True	True	22.0	0.012358919	wide
3	15	False	True	True	True	23.0	0.0150875915	wide
3	15	False	True	True	True	24.0	0.017727325	wide
3	15	False	True	True	True	25.0	0.020055184	wide
3	15	False	True	True	True	26.0	0.02194006	wide
3	15	False	True	True	True	27.0	0.023327464	wide
3	15	False	True	True	True	28.0	0.024220167	wide
3	15	False	True	True	True	29.0	0.02465903	wide
3	15	False	True	True	True	30.0	0.024706261	wide
3	15	False	True	True	True	31.0	0.02443232	wide
3	15	False	True	True	True	32.0	0.023907095	wide
3	15	False	True	True	True	33.0	0.023194365	wide
3	15	False	True	True	True	34.0	0.022349106	wide
3	15	False	True	True	True	35.0	0.0214167	wide
3	15	False	True	True	True	36.0	0.020433266	wide
3	15	False	True	True	True	37.0	0.019426737	wide
3	15	False	True	True	True	38.0	0.018418126	wide
3	15	False	True	True	True	39.0	0.017422803	wide
3	15	False	True	True	True	40.0	0.016451722	wide
3	15	False	True	True	True	10.0	22.026148	narrow
3	15	False	True	True	True	11.0	4.750966	narrow
3	15	False	True	True	True	12.0	0.037523374	narrow
3	15	False	True	True	True	13.0	0.016881049	narrow
3	15	False	True	True	True	14.0	0.0077035795	narrow
3	15	False	True	True	True	15.0	0.0068731513	narrow
3	15	False	True	True	True	16.0	0.01134423	narrow
3	15	False	True	True	True	17.0	0.018365303	narrow
3	15	False	True	True	True	18.0	0.025800707	narrow
3	15	False	True	True	True	19.0	0.032283865	narrow
3	15	False	True	True	True	20.0	0.0371575	narrow
3	15	False	True	True	True	21.0	0.04028528	narrow
3	15	False	True	True	True	22.0	0.04183877	narrow
3	15	False	True	True	True	23.0	0.042123772	narrow
3	15	False	True	True	True	24.0	0.04146759	narrow
3	15	False	True	True	True	25.0	0.040160246	narrow
3	15	False	True	True	True	10.0	1.9365976	wide
3	15	False	True	True	True	11.0	17.4836	wide
3	15	False	True	True	True	12.0	0.101660244	wide
3	15	False	True	True	True	13.0	0.06696713	wide
3	15	False	True	True	True	14.0	0.044992186	wide
3	15	False	True	True	True	15.0	0.029567238	wide
3	15	False	True	True	True	16.0	0.019136583	wide
3	15	False	True	True	True	17.0	0.01256138	wide
3	15	False	True	True	True	18.0	0.008993347	wide
3	15	False	True	True	True	19.0	0.007753223	wide
3	15	False	True	True	True	20.0	0.008248355	wide
3	15	False	True	True	True	21.0	0.009937311	wide
3	15	False	True	True	True	22.0	0.012330481	wide
3	15	False	True	True	True	23.0	0.015007819	wide
3	15	False	True	True	True	24.0	0.017636929	wide
3	15	False	True	True	True	25.0	0.01998158	wide
3	15	False	True	True	True	26.0	0.02189815	wide
3	15	False	True	True	True	27.0	0.023322377	wide
3	15	False	True	True	True	28.0	0.024250586	wide
3	15	False	True	True	True	29.0	0.024720186	wide
3	15	False	True	True	True	30.0	0.024792206	wide
3	15	False	True	True	True	31.0	0.024537344	wide
3	15	False	True	True	True	32.0	0.024026468	wide
3	15	False	True	True	True	33.0	0.023324568	wide
3	15	False	True	True	True	34.0	0.02248774	wide
3	15	False	True	True	True	35.0	0.021562258	wide
3	15	False	True	True	True	36.0	0.02058486	wide
3	15	False	True	True	True	37.0	0.019583855	wide
3	15	False	True	True	True	38.0	0.01858041	wide
3	15	False	True	True	True	39.0	0.017589945	wide
3	15	False	True	True	True	40.0	0.016623352	wide
3	18	False	True	True	False	10.0	8.614423	narrow
3	18	False	True	True	False	11.0	5.0265064	narrow
3	18	False	True	True	False	12.0	0.23156498	narrow
3	18	False	True	True	False	13.0	0.1798812	narrow
3	18	False	True	True	False	14.0	0.13389154	narrow
3	18	False	True	True	False	15.0	0.06641945	narrow
3	18	False	True	True	False	16.0	0.016027331	narrow
3	18	False	True	True	False	17.0	0.023492351	narrow
3	18	False	True	True	False	18.0	0.05503818	narrow
3	18	False	True	True	False	19.0	0.07206659	narrow
3	18	False	True	True	False	20.0	0.074750215	narrow
3	18	False	True	True	False	21.0	0.107976764	narrow
3	18	False	True	True	False	22.0	0.13218638	narrow
3	18	False	True	True	False	23.0	0.18924758	narrow
3	18	False	True	True	False	24.0	0.080360316	narrow
3	18	False	True	True	False	25.0	0.070419274	narrow
3	18	False	True	True	False	10.0	5.3633885	wide
3	18	False	True	True	False	11.0	7.3691516	wide
3	18	False	True	True	False	12.0	0.13447417	wide
3	18	False	True	True	False	13.0	0.084797494	wide
3	18	False	True	True	False	14.0	0.068119794	wide
3	18	False	True	True	False	15.0	0.05086674	wide
3	18	False	True	True	False	16.0	0.031148124	wide
3	18	False	True	True	False	17.0	0.013597268	wide
3	18	False	True	True	False	18.0	0.0041609607	wide
3	18	False	True	True	False	19.0	0.0040811095	wide
3	18	False	True	True	False	20.0	0.009655773	wide
3	18	False	True	True	False	21.0	0.016091239	wide
3	18	False	True	True	False	22.0	0.020554703	wide
3	18	False	True	True	False	23.0	0.022667117	wide
3	18	False	True	True	False	24.0	0.028789813	wide
3	18	False	True	True	False	25.0	0.062348526	wide
3	18	False	True	True	False	26.0	0.0392524	wide
3	18	False	True	True	False	27.0	0.035421304	wide
3	18	False	True	True	False	28.0	0.05515441	wide
3	18	False	True	True	False	29.0	0.028328067	wide
3	18	False	True	True	False	30.0	0.020351442	wide
3	18	False	True	True	False	31.0	0.019417914	wide
3	18	False	True	True	False	32.0	0.018888004	wide
3	18	False	True	True	False	33.0	0.018313423	wide
3	18	False	True	True	False	34.0	0.01769052	wide
3	18	False	True	True	False	35.0	0.017028272	wide
3	18	False	True	True	False	36.0	0.016336795	wide
3	18	False	True	True	False	37.0	0.015626073	wide
3	18	False	True	True	False	38.0	0.014905356	wide
3	18	False	True	True	False	39.0	0.014182872	wide
3	18	False	True	True	False	40.0	0.013465738	wide
3	18	False	True	True	True	10.0	9.0495	narrow
3	18	False	True	True	True	11.0	5.296803	narrow
3	18	False	True	True	True	12.0	0.22640133	narrow
3	18	False	True	True	True	13.0	0.17962699	narrow
3	18	False	True	True	True	14.0	0.13667007	narrow
3	18	False	True	True	True	15.0	0.06824112	narrow
3	18	False	True	True	True	16.0	0.015907517	narrow
3	18	False	True	True	True	17.0	0.024045343	narrow
3	18	False	True	True	True	18.0	0.05724211	narrow
3	18	False	True	True	True	19.0	0.07453846	narrow
3	18	False	True	True	True	20.0	0.076301	narrow
3	18	False	True	True	True	21.0	0.10879782	narrow
3	18	False	True	True	True	22.0	0.13240467	narrow
3	18	False	True	True	True	23.0	0.18952407	narrow
3	18	False	True	True	True	24.0	0.07898702	narrow
3	18	False	True	True	True	25.0	0.068732634	narrow
3	18	False	True	True	True	10.0	5.6327677	wide
3	18	False	True	True	True	11.0	7.7106643	wide
3	18	False	True	True	True	12.0	0.13424382	wide
3	18	False	True	True	True	13.0	0.08446683	wide
3	18	False	True	True	True	14.0	0.0690055	wide
3	18	False	True	True	True	15.0	0.05219481	wide
3	18	False	True	True	True	16.0	0.032150857	wide
3	18	False	True	True	True	17.0	0.01396767	wide
3	18	False	True	True	True	18.0	0.004138305	wide
3	18	False	True	True	True	19.0	0.004109217	wide
3	18	False	True	True	True	20.0	0.010009928	wide
3	18	False	True	True	True	21.0	0.016767653	wide
3	18	False	True	True	True	22.0	0.021381333	wide
3	18	False	True	True	True	23.0	0.02345646	wide
3	18	False	True	True	True	24.0	0.029486181	wide
3	18	False	True	True	True	25.0	0.06323534	wide
3	18	False	True	True	True	26.0	0.0396749	wide
3	18	False	True	True	True	27.0	0.035632536	wide
3	18	False	True	True	True	28.0	0.05546291	wide
3	18	False	True	True	True	29.0	0.028220925	wide
3	18	False	True	True	True	30.0	0.02007548	wide
3	18	False	True	True	True	31.0	0.019077376	wide
3	18	False	True	True	True	32.0	0.01850549	wide
3	18	False	True	True	True	33.0	0.017902855	wide
3	18	False	True	True	True	34.0	0.017262911	wide
3	18	False	True	True	True	35.0	0.016592333	wide
3	18	False	True	True	True	36.0	0.015899343	wide
3	18	False	True	True	True	37.0	0.015192385	wide
3	18	False	True	True	True	38.0	0.014479442	wide
3	18	False	True	True	True	39.0	0.013767725	wide
3	18	False	True	True	True	40.0	0.013063542	wide
3	18	False	True	True	True	10.0	8.23239	narrow
3	18	False	True	True	True	11.0	4.7919	narrow
3	18	False	True	True	True	12.0	0.24003085	narrow
3	18	False	True	True	True	13.0	0.18269315	narrow
3	18	False	True	True	True	14.0	0.13295612	narrow
3	18	False	True	True	True	15.0	0.0655325	narrow
3	18	False	True	True	True	16.0	0.016363597	narrow
3	18	False	True	True	True	17.0	0.023070432	narrow
3	18	False	True	True	True	18.0	0.05322633	narrow
3	18	False	True	True	True	19.0	0.070179544	narrow
3	18	False	True	True	True	20.0	0.07385066	narrow
3	18	False	True	True	True	21.0	0.107849926	narrow
3	18	False	True	True	True	22.0	0.13270065	narrow
3	18	False	True	True	True	23.0	0.18975669	narrow
3	18	False	True	True	True	24.0	0.08248073	narrow
3	18	False	True	True	True	25.0	0.07284986	narrow
3	18	False	True	True	True	10.0	5.1253963	wide
3	18	False	True	True	True	11.0	7.0632687	wide
3	18	False	True	True	True	12.0	0.13640581	wide
3	18	False	True	True	True	13.0	0.08630748	wide
3	18	False	True	True	True	14.0	0.06816027	wide
3	18	False	True	True	True	15.0	0.050217077	wide
3	18	False	True	True	True	16.0	0.030564986	wide
3	18	False	True	True	True	17.0	0.013420104	wide
3	18	False	True	True	True	18.0	0.004240154	wide
3	18	False	True	True	True	19.0	0.0040767035	wide
3	18	False	True	True	True	20.0	0.0093621155	wide
3	18	False	True	True	True	21.0	0.015533534	wide
3	18	False	True	True	True	22.0	0.019894369	wide
3	18	False	True	True	True	23.0	0.022071516	wide
3	18	False	True	True	True	24.0	0.028301291	wide
3	18	False	True	True	True	25.0	0.06168887	wide
3	18	False	True	True	True	26.0	0.039045215	wide
3	18	False	True	True	True	27.0	0.035422504	wide
3	18	False	True	True	True	28.0	0.05506728	wide
3	18	False	True	True	True	29.0	0.02864254	wide
3	18	False	True	True	True	30.0	0.020829728	wide
3	18	False	True	True	True	31.0	0.019958677	wide
3	18	False	True	True	True	32.0	0.019468125	wide
3	18	False	True	True	True	33.0	0.01891817	wide
3	18	False	True	True	True	34.0	0.018308092	wide
3	18	False	True	True	True	35.0	0.017649228	wide
3	18	False	True	True	True	36.0	0.016953677	wide
3	18	False	True	True	True	37.0	0.016233083	wide
3	18	False	True	True	True	38.0	0.015498067	wide
3	18	False	True	True	True	39.0	0.014757985	wide
3	18	False	True	True	True	40.0	0.014020877	wide
4	15	False	True	True	False	10.0	1.9014329	narrow
4	15	False	True	True	False	11.0	2.2233915	narrow
4	15	False	True	True	False	12.0	0.44977954	narrow
4	15	False	True	True	False	13.0	1.4818144	narrow
4	15	False	True	True	False	14.0	0.71521866	narrow
4	15	False	True	True	False	15.0	0.6419101	narrow
4	15	False	True	True	False	16.0	0.5475356	narrow
4	15	False	True	True	False	17.0	0.47163108	narrow
4	15	False	True	True	False	18.0	0.43038243	narrow
4	15	False	True	True	False	19.0	0.40613875	narrow
4	15	False	True	True	False	20.0	0.3854658	narrow
4	15	False	True	True	False	21.0	0.36348647	narrow
4	15	False	True	True	False	22.0	0.339406	narrow
4	15	False	True	True	False	23.0	0.31381574	narrow
4	15	False	True	True	False	24.0	0.28763956	narrow
4	15	False	True	True	False	25.0	0.26174304	narrow
4	15	False	True	True	False	10.0	1.7385576	wide
4	15	False	True	True	False	11.0	1.2078507	wide
4	15	False	True	True	False	12.0	0.9630292	wide
4	15	False	True	True	False	13.0	1.2804059	wide
4	15	False	True	True	False	14.0	0.29289734	wide
4	15	False	True	True	False	15.0	0.6790683	wide
4	15	False	True	True	False	16.0	0.45761797	wide
4	15	False	True	True	False	17.0	0.28296039	wide
4	15	False	True	True	False	18.0	0.24095751	wide
4	15	False	True	True	False	19.0	0.21677564	wide
4	15	False	True	True	False	20.0	0.19201982	wide
4	15	False	True	True	False	21.0	0.16895325	wide
4	15	False	True	True	False	22.0	0.15024714	wide
4	15	False	True	True	False	23.0	0.13642937	wide
4	15	False	True	True	False	24.0	0.12656306	wide
4	15	False	True	True	False	25.0	0.11929712	wide
4	15	False	True	True	False	26.0	0.113505155	wide
4	15	False	True	True	False	27.0	0.10845567	wide
4	15	False	True	True	False	28.0	0.103744425	wide
4	15	False	True	True	False	29.0	0.09917638	wide
4	15	False	True	True	False	30.0	0.094672516	wide
4	15	False	True	True	False	31.0	0.09021223	wide
4	15	False	True	True	False	32.0	0.08580254	wide
4	15	False	True	True	False	33.0	0.081461735	wide
4	15	False	True	True	False	34.0	0.07721155	wide
4	15	False	True	True	False	35.0	0.073072985	wide
4	15	False	True	True	False	36.0	0.0690643	wide
4	15	False	True	True	False	37.0	0.06520038	wide
4	15	False	True	True	False	38.0	0.06149241	wide
4	15	False	True	True	False	39.0	0.05794799	wide
4	15	False	True	True	False	40.0	0.054571573	wide
4	15	False	True	True	True	10.0	1.8173556	narrow
4	15	False	True	True	True	11.0	2.1113446	narrow
4	15	False	True	True	True	12.0	0.42365724	narrow
4	15	False	True	True	True	13.0	1.4056814	narrow
4	15	False	True	True	True	14.0	0.69770706	narrow
4	15	False	True	True	True	15.0	0.6304334	narrow
4	15	False	True	True	True	16.0	0.5338068	narrow
4	15	False	True	True	True	17.0	0.4549753	narrow
4	15	False	True	True	True	18.0	0.41128823	narrow
4	15	False	True	True	True	19.0	0.38566235	narrow
4	15	False	True	True	True	20.0	0.36466253	narrow
4	15	False	True	True	True	21.0	0.3431535	narrow
4	15	False	True	True	True	22.0	0.3200749	narrow
4	15	False	True	True	True	23.0	0.29581037	narrow
4	15	False	True	True	True	24.0	0.27113086	narrow
4	15	False	True	True	True	25.0	0.24679127	narrow
4	15	False	True	True	True	10.0	1.6370776	wide
4	15	False	True	True	True	11.0	1.1431539	wide
4	15	False	True	True	True	12.0	0.91090786	wide
4	15	False	True	True	True	13.0	1.2157248	wide
4	15	False	True	True	True	14.0	0.27496362	wide
4	15	False	True	True	True	15.0	0.6503177	wide
4	15	False	True	True	True	16.0	0.433435	wide
4	15	False	True	True	True	17.0	0.27402887	wide
4	15	False	True	True	True	18.0	0.23660618	wide
4	15	False	True	True	True	19.0	0.21325667	wide
4	15	False	True	True	True	20.0	0.18841983	wide
4	15	False	True	True	True	21.0	0.16501138	wide
4	15	False	True	True	True	22.0	0.14589116	wide
4	15	False	True	True	True	23.0	0.13167268	wide
4	15	False	True	True	True	24.0	0.12147114	wide
4	15	False	True	True	True	25.0	0.11396378	wide
4	15	False	True	True	True	26.0	0.10803129	wide
4	15	False	True	True	True	27.0	0.10293418	wide
4	15	False	True	True	True	28.0	0.09825316	wide
4	15	False	True	True	True	29.0	0.09377666	wide
4	15	False	True	True	True	30.0	0.08941055	wide
4	15	False	True	True	True	31.0	0.0851217	wide
4	15	False	True	True	True	32.0	0.08090699	wide
4	15	False	True	True	True	33.0	0.07677676	wide
4	15	False	True	True	True	34.0	0.072746426	wide
4	15	False	True	True	True	35.0	0.0688321	wide
4	15	False	True	True	True	36.0	0.06504823	wide
4	15	False	True	True	True	37.0	0.061406747	wide
4	15	False	True	True	True	38.0	0.05791651	wide
4	15	False	True	True	True	39.0	0.054583438	wide
4	15	False	True	True	True	40.0	0.05141078	wide
4	15	False	True	True	True	10.0	2.0230117	narrow
4	15	False	True	True	True	11.0	2.3730814	narrow
4	15	False	True	True	True	12.0	0.48522243	narrow
4	15	False	True	True	True	13.0	1.5795542	narrow
4	15	False	True	True	True	14.0	0.7414969	narrow
4	15	False	True	True	True	15.0	0.66097623	narrow
4	15	False	True	True	True	16.0	0.569537	narrow
4	15	False	True	True	True	17.0	0.49725738	narrow
4	15	False	True	True	True	18.0	0.45890942	narrow
4	15	False	True	True	True	19.0	0.43616733	narrow
4	15	False	True	True	True	20.0	0.41563624	narrow
4	15	False	True	True	True	21.0	0.3927831	narrow
4	15	False	True	True	True	22.0	0.36715686	narrow
4	15	False	True	True	True	23.0	0.33961606	narrow
4	15	False	True	True	True	24.0	0.3112818	narrow
4	15	False	True	True	True	25.0	0.2831627	narrow
4	15	False	True	True	True	10.0	1.8752642	wide
4	15	False	True	True	True	11.0	1.296316	wide
4	15	False	True	True	True	12.0	1.0338706	wide
4	15	False	True	True	True	13.0	1.3637365	wide
4	15	False	True	True	True	14.0	0.31679946	wide
4	15	False	True	True	True	15.0	0.7156255	wide
4	15	False	True	True	True	16.0	0.48944843	wide
4	15	False	True	True	True	17.0	0.29584733	wide
4	15	False	True	True	True	18.0	0.24803047	wide
4	15	False	True	True	True	19.0	0.22276758	wide
4	15	False	True	True	True	20.0	0.19805075	wide
4	15	False	True	True	True	21.0	0.17535159	wide
4	15	False	True	True	True	22.0	0.15711412	wide
4	15	False	True	True	True	23.0	0.14375262	wide
4	15	False	True	True	True	24.0	0.1342592	wide
4	15	False	True	True	True	25.0	0.12724516	wide
4	15	False	True	True	True	26.0	0.12157595	wide
4	15	False	True	True	True	27.0	0.11653118	wide
4	15	False	True	True	True	28.0	0.11172659	wide
4	15	False	True	True	True	29.0	0.10698874	wide
4	15	False	True	True	True	30.0	0.102258116	wide
4	15	False	True	True	True	31.0	0.09753036	wide
4	15	False	True	True	True	32.0	0.09282541	wide
4	15	False	True	True	True	33.0	0.08817181	wide
4	15	False	True	True	True	34.0	0.08359918	wide
4	15	False	True	True	True	35.0	0.079134725	wide
4	15	False	True	True	True	36.0	0.07480158	wide
4	15	False	True	True	True	37.0	0.070618294	wide
4	15	False	True	True	True	38.0	0.06659887	wide
4	15	False	True	True	True	39.0	0.06275306	wide
4	15	False	True	True	True	40.0	0.05908676	wide
4	18	False	True	True	False	10.0	4.6681886	narrow
4	18	False	True	True	False	11.0	6.3715444	narrow
4	18	False	True	True	False	12.0	2.4030561	narrow
4	18	False	True	True	False	13.0	1.7566868	narrow
4	18	False	True	True	False	14.0	1.5672585	narrow
4	18	False	True	True	False	15.0	1.3666207	narrow
4	18	False	True	True	False	16.0	1.0167974	narrow
4	18	False	True	True	False	17.0	0.7871708	narrow
4	18	False	True	True	False	18.0	0.6812118	narrow
4	18	False	True	True	False	19.0	0.63167214	narrow
4	18	False	True	True	False	20.0	0.59783316	narrow
4	18	False	True	True	False	21.0	0.5644774	narrow
4	18	False	True	True	False	22.0	0.5274122	narrow
4	18	False	True	True	False	23.0	0.4864988	narrow
4	18	False	True	True	False	24.0	0.44306463	narrow
4	18	False	True	True	False	25.0	0.39882034	narrow
4	18	False	True	True	False	10.0	2.7242	wide
4	18	False	True	True	False	11.0	1.0974661	wide
4	18	False	True	True	False	12.0	0.4524588	wide
4	18	False	True	True	False	13.0	0.4774899	wide
4	18	False	True	True	False	14.0	0.4829485	wide
4	18	False	True	True	False	15.0	0.42023638	wide
4	18	False	True	True	False	16.0	0.35807052	wide
4	18	False	True	True	False	17.0	0.30440086	wide
4	18	False	True	True	False	18.0	0.25657088	wide
4	18	False	True	True	False	19.0	0.21522056	wide
4	18	False	True	True	False	20.0	0.1811727	wide
4	18	False	True	True	False	21.0	0.15416746	wide
4	18	False	True	True	False	22.0	0.13318954	wide
4	18	False	True	True	False	23.0	0.11697741	wide
4	18	False	True	True	False	24.0	0.10434741	wide
4	18	False	True	True	False	25.0	0.09433161	wide
4	18	False	True	True	False	26.0	0.08619953	wide
4	18	False	True	True	False	27.0	0.07942624	wide
4	18	False	True	True	False	28.0	0.073644914	wide
4	18	False	True	True	False	29.0	0.06860265	wide
4	18	False	True	True	False	30.0	0.06412562	wide
4	18	False	True	True	False	31.0	0.060093418	wide
4	18	False	True	True	False	32.0	0.056421664	wide
4	18	False	True	True	False	33.0	0.053050086	wide
4	18	False	True	True	False	34.0	0.049934708	wide
4	18	False	True	True	False	35.0	0.047042612	wide
4	18	False	True	True	False	36.0	0.044348493	wide
4	18	False	True	True	False	37.0	0.041832343	wide
4	18	False	True	True	False	38.0	0.03947794	wide
4	18	False	True	True	False	39.0	0.03727181	wide
4	18	False	True	True	False	40.0	0.03520234	wide
4	18	False	True	True	True	10.0	4.5022507	narrow
4	18	False	True	True	True	11.0	6.2507997	narrow
4	18	False	True	True	True	12.0	2.3434334	narrow
4	18	False	True	True	True	13.0	1.7114519	narrow
4	18	False	True	True	True	14.0	1.569202	narrow
4	18	False	True	True	True	15.0	1.3764262	narrow
4	18	False	True	True	True	16.0	1.0144395	narrow
4	18	False	True	True	True	17.0	0.77099	narrow
4	18	False	True	True	True	18.0	0.65473664	narrow
4	18	False	True	True	True	19.0	0.59890157	narrow
4	18	False	True	True	True	20.0	0.5621621	narrow
4	18	False	True	True	True	21.0	0.5284517	narrow
4	18	False	True	True	True	22.0	0.49276698	narrow
4	18	False	True	True	True	23.0	0.4543015	narrow
4	18	False	True	True	True	24.0	0.41387716	narrow
4	18	False	True	True	True	25.0	0.3728464	narrow
4	18	False	True	True	True	10.0	2.6089728	wide
4	18	False	True	True	True	11.0	1.0424441	wide
4	18	False	True	True	True	12.0	0.42528456	wide
4	18	False	True	True	True	13.0	0.46267086	wide
4	18	False	True	True	True	14.0	0.4749349	wide
4	18	False	True	True	True	15.0	0.41634157	wide
4	18	False	True	True	True	16.0	0.35616335	wide
4	18	False	True	True	True	17.0	0.3029839	wide
4	18	False	True	True	True	18.0	0.2548636	wide
4	18	False	True	True	True	19.0	0.21293205	wide
4	18	False	True	True	True	20.0	0.17827	wide
4	18	False	True	True	True	21.0	0.15073407	wide
4	18	False	True	True	True	22.0	0.12935013	wide
4	18	False	True	True	True	23.0	0.11285981	wide
4	18	False	True	True	True	24.0	0.10006569	wide
4	18	False	True	True	True	25.0	0.08998014	wide
4	18	False	True	True	True	26.0	0.08185261	wide
4	18	False	True	True	True	27.0	0.07514016	wide
4	18	False	True	True	True	28.0	0.06946097	wide
4	18	False	True	True	True	29.0	0.064549975	wide
4	18	False	True	True	True	30.0	0.0602238	wide
4	18	False	True	True	True	31.0	0.05635468	wide
4	18	False	True	True	True	32.0	0.052852638	wide
4	18	False	True	True	True	33.0	0.049653225	wide
4	18	False	True	True	True	34.0	0.04670937	wide
4	18	False	True	True	True	35.0	0.043985903	wide
4	18	False	True	True	True	36.0	0.041455884	wide
4	18	False	True	True	True	37.0	0.03909826	wide
4	18	False	True	True	True	38.0	0.036896057	wide
4	18	False	True	True	True	39.0	0.034835286	wide
4	18	False	True	True	True	40.0	0.032904264	wide
4	18	False	True	True	True	10.0	4.926422	narrow
4	18	False	True	True	True	11.0	6.580389	narrow
4	18	False	True	True	True	12.0	2.5036051	narrow
4	18	False	True	True	True	13.0	1.8215969	narrow
4	18	False	True	True	True	14.0	1.5802016	narrow
4	18	False	True	True	True	15.0	1.3717532	narrow
4	18	False	True	True	True	16.0	1.0327952	narrow
4	18	False	True	True	True	17.0	0.81657255	narrow
4	18	False	True	True	True	18.0	0.7217475	narrow
4	18	False	True	True	True	19.0	0.6794463	narrow
4	18	False	True	True	True	20.0	0.6488803	narrow
4	18	False	True	True	True	21.0	0.6155985	narrow
4	18	False	True	True	True	22.0	0.5763697	narrow
4	18	False	True	True	True	23.0	0.53191036	narrow
4	18	False	True	True	True	24.0	0.48421177	narrow
4	18	False	True	True	True	25.0	0.4354571	narrow
4	18	False	True	True	True	10.0	2.876561	wide
4	18	False	True	True	True	11.0	1.1690454	wide
4	18	False	True	True	True	12.0	0.48677096	wide
4	18	False	True	True	True	13.0	0.49723002	wide
4	18	False	True	True	True	14.0	0.49546832	wide
4	18	False	True	True	True	15.0	0.4283576	wide
4	18	False	True	True	True	16.0	0.36394837	wide
4	18	False	True	True	True	17.0	0.30953494	wide
4	18	False	True	True	True	18.0	0.2617234	wide
4	18	False	True	True	True	19.0	0.22068037	wide
4	18	False	True	True	True	20.0	0.1869962	wide
4	18	False	True	True	True	21.0	0.16030827	wide
4	18	False	True	True	True	22.0	0.13956006	wide
4	18	False	True	True	True	23.0	0.12347949	wide
4	18	False	True	True	True	24.0	0.11088795	wide
4	18	False	True	True	True	25.0	0.100829795	wide
4	18	False	True	True	True	26.0	0.092589416	wide
4	18	False	True	True	True	27.0	0.08565666	wide
4	18	False	True	True	True	28.0	0.07967805	wide
4	18	False	True	True	True	29.0	0.074412175	wide
4	18	False	True	True	True	30.0	0.06969453	wide
4	18	False	True	True	True	31.0	0.06541214	wide
4	18	False	True	True	True	32.0	0.061486434	wide
4	18	False	True	True	True	33.0	0.057861567	wide
4	18	False	True	True	True	34.0	0.054496843	wide
4	18	False	True	True	True	35.0	0.051361732	wide
4	18	False	True	True	True	36.0	0.04843258	wide
4	18	False	True	True	True	37.0	0.045690536	wide
4	18	False	True	True	True	38.0	0.04312011	wide
4	18	False	True	True	True	39.0	0.040708095	wide
4	18	False	True	True	True	40.0	0.03844318	wide
5	15	False	True	True	False	10.0	143.70956	narrow
5	15	False	True	True	False	11.0	1.665488	narrow
5	15	False	True	True	False	12.0	0.6406711	narrow
5	15	False	True	True	False	13.0	1.5840824	narrow
5	15	False	True	True	False	14.0	2.094689	narrow
5	15	False	True	True	False	15.0	0.046142004	narrow
5	15	False	True	True	False	16.0	0.06811501	narrow
5	15	False	True	True	False	17.0	0.12688872	narrow
5	15	False	True	True	False	18.0	0.18674228	narrow
5	15	False	True	True	False	19.0	0.23753792	narrow
5	15	False	True	True	False	20.0	0.2758747	narrow
5	15	False	True	True	False	21.0	0.30131835	narrow
5	15	False	True	True	False	22.0	0.31550735	narrow
5	15	False	True	True	False	23.0	0.32176912	narrow
5	15	False	True	True	False	24.0	0.32454434	narrow
5	15	False	True	True	False	25.0	0.32859236	narrow
5	15	False	True	True	False	10.0	102.88942	wide
5	15	False	True	True	False	11.0	14.435433	wide
5	15	False	True	True	False	12.0	0.7137433	wide
5	15	False	True	True	False	13.0	0.5335827	wide
5	15	False	True	True	False	14.0	0.38018978	wide
5	15	False	True	True	False	15.0	0.2513552	wide
5	15	False	True	True	False	16.0	0.32106262	wide
5	15	False	True	True	False	17.0	0.72817725	wide
5	15	False	True	True	False	18.0	0.9116077	wide
5	15	False	True	True	False	19.0	0.09837226	wide
5	15	False	True	True	False	20.0	0.016858459	wide
5	15	False	True	True	False	21.0	0.020101145	wide
5	15	False	True	True	False	22.0	0.027807046	wide
5	15	False	True	True	False	23.0	0.03723861	wide
5	15	False	True	True	False	24.0	0.046898622	wide
5	15	False	True	True	False	25.0	0.055984758	wide
5	15	False	True	True	False	26.0	0.064081304	wide
5	15	False	True	True	False	27.0	0.0709846	wide
5	15	False	True	True	False	28.0	0.07661676	wide
5	15	False	True	True	False	29.0	0.08098659	wide
5	15	False	True	True	False	30.0	0.0841694	wide
5	15	False	True	True	False	31.0	0.08629207	wide
5	15	False	True	True	False	32.0	0.08752063	wide
5	15	False	True	True	False	33.0	0.08804712	wide
5	15	False	True	True	False	34.0	0.088077575	wide
5	15	False	True	True	False	35.0	0.08782078	wide
5	15	False	True	True	False	36.0	0.08747755	wide
5	15	False	True	True	False	37.0	0.087231696	wide
5	15	False	True	True	False	38.0	0.08724151	wide
5	15	False	True	True	False	39.0	0.08763301	wide
5	15	False	True	True	False	40.0	0.08849441	wide
5	15	False	True	True	True	10.0	150.24393	narrow
5	15	False	True	True	True	11.0	1.6244323	narrow
5	15	False	True	True	True	12.0	0.6073428	narrow
5	15	False	True	True	True	13.0	1.7016301	narrow
5	15	False	True	True	True	14.0	2.2945077	narrow
5	15	False	True	True	True	15.0	0.046602882	narrow
5	15	False	True	True	True	16.0	0.067416854	narrow
5	15	False	True	True	True	17.0	0.123435475	narrow
5	15	False	True	True	True	18.0	0.17970921	narrow
5	15	False	True	True	True	19.0	0.22718567	narrow
5	15	False	True	True	True	20.0	0.26299053	narrow
5	15	False	True	True	True	21.0	0.28689933	narrow
5	15	False	True	True	True	22.0	0.30065078	narrow
5	15	False	True	True	True	23.0	0.307686	narrow
5	15	False	True	True	True	24.0	0.3126173	narrow
5	15	False	True	True	True	25.0	0.32041103	narrow
5	15	False	True	True	True	10.0	110.73486	wide
5	15	False	True	True	True	11.0	14.602598	wide
5	15	False	True	True	True	12.0	0.67755	wide
5	15	False	True	True	True	13.0	0.5059484	wide
5	15	False	True	True	True	14.0	0.36011368	wide
5	15	False	True	True	True	15.0	0.23755404	wide
5	15	False	True	True	True	16.0	0.3294599	wide
5	15	False	True	True	True	17.0	0.7887534	wide
5	15	False	True	True	True	18.0	0.99761575	wide
5	15	False	True	True	True	19.0	0.105118625	wide
5	15	False	True	True	True	20.0	0.016595157	wide
5	15	False	True	True	True	21.0	0.019992547	wide
5	15	False	True	True	True	22.0	0.027464475	wide
5	15	False	True	True	True	23.0	0.03642859	wide
5	15	False	True	True	True	24.0	0.04551454	wide
5	15	False	True	True	True	25.0	0.05400841	wide
5	15	False	True	True	True	26.0	0.06155079	wide
5	15	False	True	True	True	27.0	0.06797041	wide
5	15	False	True	True	True	28.0	0.07320587	wide
5	15	False	True	True	True	29.0	0.07727289	wide
5	15	False	True	True	True	30.0	0.08024865	wide
5	15	False	True	True	True	31.0	0.08225997	wide
5	15	False	True	True	True	32.0	0.083472684	wide
5	15	False	True	True	True	33.0	0.08407954	wide
5	15	False	True	True	True	34.0	0.08428842	wide
5	15	False	True	True	True	35.0	0.08431092	wide
5	15	False	True	True	True	36.0	0.084351234	wide
5	15	False	True	True	True	37.0	0.08459622	wide
5	15	False	True	True	True	38.0	0.08520604	wide
5	15	False	True	True	True	39.0	0.086306475	wide
5	15	False	True	True	True	40.0	0.08798245	wide
5	15	False	True	True	True	10.0	138.0953	narrow
5	15	False	True	True	True	11.0	1.7216712	narrow
5	15	False	True	True	True	12.0	0.68173456	narrow
5	15	False	True	True	True	13.0	1.4925739	narrow
5	15	False	True	True	True	14.0	1.9306115	narrow
5	15	False	True	True	True	15.0	0.046174206	narrow
5	15	False	True	True	True	16.0	0.06927824	narrow
5	15	False	True	True	True	17.0	0.13141945	narrow
5	15	False	True	True	True	18.0	0.1955963	narrow
5	15	False	True	True	True	19.0	0.25039732	narrow
5	15	False	True	True	True	20.0	0.29181746	narrow
5	15	False	True	True	True	21.0	0.31920645	narrow
5	15	False	True	True	True	22.0	0.33414555	narrow
5	15	False	True	True	True	23.0	0.33992845	narrow
5	15	False	True	True	True	24.0	0.34092927	narrow
5	15	False	True	True	True	25.0	0.341814	narrow
5	15	False	True	True	True	10.0	96.22306	wide
5	15	False	True	True	True	11.0	14.2962265	wide
5	15	False	True	True	True	12.0	0.7584969	wide
5	15	False	True	True	True	13.0	0.5676412	wide
5	15	False	True	True	True	14.0	0.40486804	wide
5	15	False	True	True	True	15.0	0.26826435	wide
5	15	False	True	True	True	16.0	0.31753007	wide
5	15	False	True	True	True	17.0	0.6798222	wide
5	15	False	True	True	True	18.0	0.84114397	wide
5	15	False	True	True	True	19.0	0.09322269	wide
5	15	False	True	True	True	20.0	0.017274683	wide
5	15	False	True	True	True	21.0	0.02034699	wide
5	15	False	True	True	True	22.0	0.028346792	wide
5	15	False	True	True	True	23.0	0.038346037	wide
5	15	False	True	True	True	24.0	0.048697256	wide
5	15	False	True	True	True	25.0	0.058494367	wide
5	15	False	True	True	True	26.0	0.067256115	wide
5	15	False	True	True	True	27.0	0.074741416	wide
5	15	False	True	True	True	28.0	0.0808539	wide
5	15	False	True	True	True	29.0	0.08559559	wide
5	15	False	True	True	True	30.0	0.08904149	wide
5	15	False	True	True	True	31.0	0.09132114	wide
5	15	False	True	True	True	32.0	0.09260412	wide
5	15	False	True	True	True	33.0	0.09308571	wide
5	15	False	True	True	True	34.0	0.092974335	wide
5	15	False	True	True	True	35.0	0.09248018	wide
5	15	False	True	True	True	36.0	0.09180494	wide
5	15	False	True	True	True	37.0	0.09113315	wide
5	15	False	True	True	True	38.0	0.090624444	wide
5	15	False	True	True	True	39.0	0.090407416	wide
5	15	False	True	True	True	40.0	0.0905749	wide
5	18	False	True	True	False	10.0	107.7477	narrow
5	18	False	True	True	False	11.0	1.7560911	narrow
5	18	False	True	True	False	12.0	0.7879875	narrow
5	18	False	True	True	False	13.0	0.46650428	narrow
5	18	False	True	True	False	14.0	0.22800548	narrow
5	18	False	True	True	False	15.0	0.08497958	narrow
5	18	False	True	True	False	16.0	0.024716679	narrow
5	18	False	True	True	False	17.0	0.023300707	narrow
5	18	False	True	True	False	18.0	0.05568079	narrow
5	18	False	True	True	False	19.0	0.10137529	narrow
5	18	False	True	True	False	20.0	0.14643157	narrow
5	18	False	True	True	False	21.0	0.18300968	narrow
5	18	False	True	True	False	22.0	0.20792134	narrow
5	18	False	True	True	False	23.0	0.22100368	narrow
5	18	False	True	True	False	24.0	0.22376023	narrow
5	18	False	True	True	False	25.0	0.21839438	narrow
5	18	False	True	True	False	10.0	81.567535	wide
5	18	False	True	True	False	11.0	6.756279	wide
5	18	False	True	True	False	12.0	0.41276434	wide
5	18	False	True	True	False	13.0	0.2817193	wide
5	18	False	True	True	False	14.0	0.18051872	wide
5	18	False	True	True	False	15.0	0.1062831	wide
5	18	False	True	True	False	16.0	0.056293055	wide
5	18	False	True	True	False	17.0	0.02602196	wide
5	18	False	True	True	False	18.0	0.010628592	wide
5	18	False	True	True	False	19.0	0.0057208193	wide
5	18	False	True	True	False	20.0	0.007664035	wide
5	18	False	True	True	False	21.0	0.013640302	wide
5	18	False	True	True	False	22.0	0.021582654	wide
5	18	False	True	True	False	23.0	0.030056573	wide
5	18	False	True	True	False	24.0	0.038128614	wide
5	18	False	True	True	False	25.0	0.045243133	wide
5	18	False	True	True	False	26.0	0.051116835	wide
5	18	False	True	True	False	27.0	0.05565408	wide
5	18	False	True	True	False	28.0	0.0588814	wide
5	18	False	True	True	False	29.0	0.060900033	wide
5	18	False	True	True	False	30.0	0.06185271	wide
5	18	False	True	True	False	31.0	0.061901942	wide
5	18	False	True	True	False	32.0	0.06121901	wide
5	18	False	True	True	False	33.0	0.05998027	wide
5	18	False	True	True	False	34.0	0.05836976	wide
5	18	False	True	True	False	35.0	0.056584436	wide
5	18	False	True	True	False	36.0	0.054837395	wide
5	18	False	True	True	False	37.0	0.053354297	wide
5	18	False	True	True	False	38.0	0.052357692	wide
5	18	False	True	True	False	39.0	0.052038215	wide
5	18	False	True	True	False	40.0	0.05251558	wide
5	18	False	True	True	True	10.0	114.7657	narrow
5	18	False	True	True	True	11.0	1.7181386	narrow
5	18	False	True	True	True	12.0	0.7477435	narrow
5	18	False	True	True	True	13.0	0.44128472	narrow
5	18	False	True	True	True	14.0	0.21508211	narrow
5	18	False	True	True	True	15.0	0.080191016	narrow
5	18	False	True	True	True	16.0	0.023934565	narrow
5	18	False	True	True	True	17.0	0.023309903	narrow
5	18	False	True	True	True	18.0	0.054450054	narrow
5	18	False	True	True	True	19.0	0.09793901	narrow
5	18	False	True	True	True	20.0	0.14060572	narrow
5	18	False	True	True	True	21.0	0.17509022	narrow
5	18	False	True	True	True	22.0	0.19843706	narrow
5	18	False	True	True	True	23.0	0.21054411	narrow
5	18	False	True	True	True	24.0	0.21287252	narrow
5	18	False	True	True	True	25.0	0.20753229	narrow
5	18	False	True	True	True	10.0	87.4283	wide
5	18	False	True	True	True	11.0	6.8964567	wide
5	18	False	True	True	True	12.0	0.39298195	wide
5	18	False	True	True	True	13.0	0.2679502	wide
5	18	False	True	True	True	14.0	0.17153394	wide
5	18	False	True	True	True	15.0	0.100905195	wide
5	18	False	True	True	True	16.0	0.053447522	wide
5	18	False	True	True	True	17.0	0.024795795	wide
5	18	False	True	True	True	18.0	0.010296921	wide
5	18	False	True	True	True	19.0	0.0057453946	wide
5	18	False	True	True	True	20.0	0.0076730354	wide
5	18	False	True	True	True	21.0	0.013399014	wide
5	18	False	True	True	True	22.0	0.020962289	wide
5	18	False	True	True	True	23.0	0.0290055	wide
5	18	False	True	True	True	24.0	0.03664811	wide
5	18	False	True	True	True	25.0	0.04336818	wide
5	18	False	True	True	True	26.0	0.04890165	wide
5	18	False	True	True	True	27.0	0.05316178	wide
5	18	False	True	True	True	28.0	0.056176934	wide
5	18	False	True	True	True	29.0	0.05804569	wide
5	18	False	True	True	True	30.0	0.058905646	wide
5	18	False	True	True	True	31.0	0.05891339	wide
5	18	False	True	True	True	32.0	0.058234893	wide
5	18	False	True	True	True	33.0	0.057043396	wide
5	18	False	True	True	True	34.0	0.055523522	wide
5	18	False	True	True	True	35.0	0.053877894	wide
5	18	False	True	True	True	36.0	0.052331045	wide
5	18	False	True	True	True	37.0	0.051125173	wide
5	18	False	True	True	True	38.0	0.05050191	wide
5	18	False	True	True	True	39.0	0.050668925	wide
5	18	False	True	True	True	40.0	0.05175448	wide
5	18	False	True	True	True	10.0	101.8138	narrow
5	18	False	True	True	True	11.0	1.8088036	narrow
5	18	False	True	True	True	12.0	0.83759	narrow
5	18	False	True	True	True	13.0	0.49747783	narrow
5	18	False	True	True	True	14.0	0.24391162	narrow
5	18	False	True	True	True	15.0	0.09099345	narrow
5	18	False	True	True	True	16.0	0.025883293	narrow
5	18	False	True	True	True	17.0	0.023517493	narrow
5	18	False	True	True	True	18.0	0.057399202	narrow
5	18	False	True	True	True	19.0	0.10575649	narrow
5	18	False	True	True	True	20.0	0.15369366	narrow
5	18	False	True	True	True	21.0	0.19279273	narrow
5	18	False	True	True	True	22.0	0.21958548	narrow
5	18	False	True	True	True	23.0	0.2338363	narrow
5	18	False	True	True	True	24.0	0.23710014	narrow
5	18	False	True	True	True	25.0	0.23169348	narrow
5	18	False	True	True	True	10.0	76.62466	wide
5	18	False	True	True	True	11.0	6.641527	wide
5	18	False	True	True	True	12.0	0.437319	wide
5	18	False	True	True	True	13.0	0.2988191	wide
5	18	False	True	True	True	14.0	0.19168904	wide
5	18	False	True	True	True	15.0	0.11299236	wide
5	18	False	True	True	True	16.0	0.05987872	wide
5	18	False	True	True	True	17.0	0.027614206	wide
5	18	False	True	True	True	18.0	0.01111965	wide
5	18	False	True	True	True	19.0	0.0057701417	wide
5	18	False	True	True	True	20.0	0.0077256267	wide
5	18	False	True	True	True	21.0	0.014000092	wide
5	18	False	True	True	True	22.0	0.022397364	wide
5	18	False	True	True	True	23.0	0.031389102	wide
5	18	False	True	True	True	24.0	0.039977685	wide
5	18	False	True	True	True	25.0	0.04756663	wide
5	18	False	True	True	True	26.0	0.053849347	wide
5	18	False	True	True	True	27.0	0.058719445	wide
5	18	False	True	True	True	28.0	0.06220126	wide
5	18	False	True	True	True	29.0	0.06439927	wide
5	18	False	True	True	True	30.0	0.06546256	wide
5	18	False	True	True	True	31.0	0.06556125	wide
5	18	False	True	True	True	32.0	0.064873904	wide
5	18	False	True	True	True	33.0	0.06358248	wide
5	18	False	True	True	True	34.0	0.06187359	wide
5	18	False	True	True	True	35.0	0.05994253	wide
5	18	False	True	True	True	36.0	0.057996042	wide
5	18	False	True	True	True	37.0	0.05624913	wide
5	18	False	True	True	True	38.0	0.054911435	wide
5	18	False	True	True	True	39.0	0.054162007	wide
5	18	False	True	True	True	40.0	0.054115113	wide
6	15	False	True	True	False	10.0	18.123623	narrow
6	15	False	True	True	False	11.0	8.492218	narrow
6	15	False	True	True	False	12.0	1.4940428	narrow
6	15	False	True	True	False	13.0	0.4712325	narrow
6	15	False	True	True	False	14.0	0.1742945	narrow
6	15	False	True	True	False	15.0	0.11740421	narrow
6	15	False	True	True	False	16.0	0.15742058	narrow
6	15	False	True	True	False	17.0	0.24185953	narrow
6	15	False	True	True	False	18.0	0.33846804	narrow
6	15	False	True	True	False	19.0	0.4282782	narrow
6	15	False	True	True	False	20.0	0.5015663	narrow
6	15	False	True	True	False	21.0	0.5546821	narrow
6	15	False	True	True	False	22.0	0.587676	narrow
6	15	False	True	True	False	23.0	0.6026242	narrow
6	15	False	True	True	False	24.0	0.6025181	narrow
6	15	False	True	True	False	25.0	0.590571	narrow
6	15	False	True	True	False	10.0	11.015603	wide
6	15	False	True	True	False	11.0	5.1765547	wide
6	15	False	True	True	False	12.0	3.1116958	wide
6	15	False	True	True	False	13.0	0.9489657	wide
6	15	False	True	True	False	14.0	0.42282727	wide
6	15	False	True	True	False	15.0	0.21001193	wide
6	15	False	True	True	False	16.0	0.103592224	wide
6	15	False	True	True	False	17.0	0.055548612	wide
6	15	False	True	True	False	18.0	0.033930432	wide
6	15	False	True	True	False	19.0	0.024403045	wide
6	15	False	True	True	False	20.0	0.021415189	wide
6	15	False	True	True	False	21.0	0.022326086	wide
6	15	False	True	True	False	22.0	0.025549848	wide
6	15	False	True	True	False	23.0	0.03004214	wide
6	15	False	True	True	False	24.0	0.03510321	wide
6	15	False	True	True	False	25.0	0.040268224	wide
6	15	False	True	True	False	26.0	0.045235828	wide
6	15	False	True	True	False	27.0	0.04981923	wide
6	15	False	True	True	False	28.0	0.05391135	wide
6	15	False	True	True	False	29.0	0.05746045	wide
6	15	False	True	True	False	30.0	0.060452603	wide
6	15	False	True	True	False	31.0	0.06289858	wide
6	15	False	True	True	False	32.0	0.06482548	wide
6	15	False	True	True	False	33.0	0.06626983	wide
6	15	False	True	True	False	34.0	0.06727335	wide
6	15	False	True	True	False	35.0	0.067879915	wide
6	15	False	True	True	False	36.0	0.068133205	wide
6	15	False	True	True	False	37.0	0.06807558	wide
6	15	False	True	True	False	38.0	0.06774701	wide
6	15	False	True	True	False	39.0	0.06718474	wide
6	15	False	True	True	False	40.0	0.06642286	wide
6	15	False	True	True	True	10.0	17.93186	narrow
6	15	False	True	True	True	11.0	8.450857	narrow
6	15	False	True	True	True	12.0	1.4186745	narrow
6	15	False	True	True	True	13.0	0.44614282	narrow
6	15	False	True	True	True	14.0	0.16531326	narrow
6	15	False	True	True	True	15.0	0.11075823	narrow
6	15	False	True	True	True	16.0	0.14736268	narrow
6	15	False	True	True	True	17.0	0.22561598	narrow
6	15	False	True	True	True	18.0	0.3152748	narrow
6	15	False	True	True	True	19.0	0.39862472	narrow
6	15	False	True	True	True	20.0	0.46661144	narrow
6	15	False	True	True	True	21.0	0.51584655	narrow
6	15	False	True	True	True	22.0	0.54638493	narrow
6	15	False	True	True	True	23.0	0.5601622	narrow
6	15	False	True	True	True	24.0	0.5599618	narrow
6	15	False	True	True	True	25.0	0.5487715	narrow
6	15	False	True	True	True	10.0	10.910567	wide
6	15	False	True	True	True	11.0	5.136165	wide
6	15	False	True	True	True	12.0	3.0956783	wide
6	15	False	True	True	True	13.0	0.9249724	wide
6	15	False	True	True	True	14.0	0.40607324	wide
6	15	False	True	True	True	15.0	0.20061602	wide
6	15	False	True	True	True	16.0	0.09888181	wide
6	15	False	True	True	True	17.0	0.05302281	wide
6	15	False	True	True	True	18.0	0.03235355	wide
6	15	False	True	True	True	19.0	0.02319839	wide
6	15	False	True	True	True	20.0	0.020256372	wide
6	15	False	True	True	True	21.0	0.02100826	wide
6	15	False	True	True	True	22.0	0.023947679	wide
6	15	False	True	True	True	23.0	0.028086964	wide
6	15	False	True	True	True	24.0	0.03276658	wide
6	15	False	True	True	True	25.0	0.03754943	wide
6	15	False	True	True	True	26.0	0.042152595	wide
6	15	False	True	True	True	27.0	0.046400916	wide
6	15	False	True	True	True	28.0	0.05019397	wide
6	15	False	True	True	True	29.0	0.05348323	wide
6	15	False	True	True	True	30.0	0.0562555	wide
6	15	False	True	True	True	31.0	0.058520697	wide
6	15	False	True	True	True	32.0	0.060303934	wide
6	15	False	True	True	True	33.0	0.06163914	wide
6	15	False	True	True	True	34.0	0.0625651	wide
6	15	False	True	True	True	35.0	0.06312257	wide
6	15	False	True	True	True	36.0	0.06335215	wide
6	15	False	True	True	True	37.0	0.06329319	wide
6	15	False	True	True	True	38.0	0.06298283	wide
6	15	False	True	True	True	39.0	0.062455684	wide
6	15	False	True	True	True	40.0	0.061743345	wide
6	15	False	True	True	True	10.0	18.562897	narrow
6	15	False	True	True	True	11.0	8.615152	narrow
6	15	False	True	True	True	12.0	1.597966	narrow
6	15	False	True	True	True	13.0	0.5074747	narrow
6	15	False	True	True	True	14.0	0.18747187	narrow
6	15	False	True	True	True	15.0	0.12642713	narrow
6	15	False	True	True	True	16.0	0.17079438	narrow
6	15	False	True	True	True	17.0	0.26375365	narrow
6	15	False	True	True	True	18.0	0.37009007	narrow
6	15	False	True	True	True	19.0	0.4689933	narrow
6	15	False	True	True	True	20.0	0.5497585	narrow
6	15	False	True	True	True	21.0	0.6083493	narrow
6	15	False	True	True	True	22.0	0.64480436	narrow
6	15	False	True	True	True	23.0	0.6613984	narrow
6	15	False	True	True	True	24.0	0.66141796	narrow
6	15	False	True	True	True	25.0	0.6483978	narrow
6	15	False	True	True	True	10.0	11.316519	wide
6	15	False	True	True	True	11.0	5.3059583	wide
6	15	False	True	True	True	12.0	3.1622298	wide
6	15	False	True	True	True	13.0	0.9863983	wide
6	15	False	True	True	True	14.0	0.44704747	wide
6	15	False	True	True	True	15.0	0.22364904	wide
6	15	False	True	True	True	16.0	0.11065991	wide
6	15	False	True	True	True	17.0	0.059412487	wide
6	15	False	True	True	True	18.0	0.03630336	wide
6	15	False	True	True	True	19.0	0.02613526	wide
6	15	False	True	True	True	20.0	0.023005605	wide
6	15	False	True	True	True	21.0	0.024091315	wide
6	15	False	True	True	True	22.0	0.02768536	wide
6	15	False	True	True	True	23.0	0.03265719	wide
6	15	False	True	True	True	24.0	0.038246177	wide
6	15	False	True	True	True	25.0	0.043945495	wide
6	15	False	True	True	True	26.0	0.04942586	wide
6	15	False	True	True	True	27.0	0.054482833	wide
6	15	False	True	True	True	28.0	0.058999	wide
6	15	False	True	True	True	29.0	0.06291756	wide
6	15	False	True	True	True	30.0	0.06622316	wide
6	15	False	True	True	True	31.0	0.06892757	wide
6	15	False	True	True	True	32.0	0.07106049	wide
6	15	False	True	True	True	33.0	0.072662055	wide
6	15	False	True	True	True	34.0	0.073778056	wide
6	15	False	True	True	True	35.0	0.07445681	wide
6	15	False	True	True	True	36.0	0.07474625	wide
6	15	False	True	True	True	37.0	0.07469304	wide
6	15	False	True	True	True	38.0	0.07434117	wide
6	15	False	True	True	True	39.0	0.07373155	wide
6	15	False	True	True	True	40.0	0.07290182	wide
6	18	False	True	True	False	10.0	29.516064	narrow
6	18	False	True	True	False	11.0	13.330796	narrow
6	18	False	True	True	False	12.0	1.7655742	narrow
6	18	False	True	True	False	13.0	0.6268249	narrow
6	18	False	True	True	False	14.0	0.19789326	narrow
6	18	False	True	True	False	15.0	0.09988314	narrow
6	18	False	True	True	False	16.0	0.121790655	narrow
6	18	False	True	True	False	17.0	0.19995385	narrow
6	18	False	True	True	False	18.0	0.29821086	narrow
6	18	False	True	True	False	19.0	0.39448088	narrow
6	18	False	True	True	False	20.0	0.4764599	narrow
6	18	False	True	True	False	21.0	0.5386221	narrow
6	18	False	True	True	False	22.0	0.5798342	narrow
6	18	False	True	True	False	23.0	0.6015525	narrow
6	18	False	True	True	False	24.0	0.6065515	narrow
6	18	False	True	True	False	25.0	0.59808743	narrow
6	18	False	True	True	False	10.0	11.327867	wide
6	18	False	True	True	False	11.0	5.5776367	wide
6	18	False	True	True	False	12.0	3.339029	wide
6	18	False	True	True	False	13.0	0.86346656	wide
6	18	False	True	True	False	14.0	0.3324131	wide
6	18	False	True	True	False	15.0	0.1414902	wide
6	18	False	True	True	False	16.0	0.059265755	wide
6	18	False	True	True	False	17.0	0.028203871	wide
6	18	False	True	True	False	18.0	0.018531676	wide
6	18	False	True	True	False	19.0	0.017618392	wide
6	18	False	True	True	False	20.0	0.020615945	wide
6	18	False	True	True	False	21.0	0.025391527	wide
6	18	False	True	True	False	22.0	0.030834092	wide
6	18	False	True	True	False	23.0	0.036319647	wide
6	18	False	True	True	False	24.0	0.041495636	wide
6	18	False	True	True	False	25.0	0.046170864	wide
6	18	False	True	True	False	26.0	0.05025305	wide
6	18	False	True	True	False	27.0	0.05371161	wide
6	18	False	True	True	False	28.0	0.056553967	wide
6	18	False	True	True	False	29.0	0.058810696	wide
6	18	False	True	True	False	30.0	0.060525637	wide
6	18	False	True	True	False	31.0	0.061748978	wide
6	18	False	True	True	False	32.0	0.062533274	wide
6	18	False	True	True	False	33.0	0.062930465	wide
6	18	False	True	True	False	34.0	0.062990144	wide
6	18	False	True	True	False	35.0	0.062758766	wide
6	18	False	True	True	False	36.0	0.06227877	wide
6	18	False	True	True	False	37.0	0.061588727	wide
6	18	False	True	True	False	38.0	0.060723122	wide
6	18	False	True	True	False	39.0	0.059712663	wide
6	18	False	True	True	False	40.0	0.05858444	wide
6	18	False	True	True	True	10.0	29.494017	narrow
6	18	False	True	True	True	11.0	13.323107	narrow
6	18	False	True	True	True	12.0	1.6544627	narrow
6	18	False	True	True	True	13.0	0.58427376	narrow
6	18	False	True	True	True	14.0	0.18582046	narrow
6	18	False	True	True	True	15.0	0.094377995	narrow
6	18	False	True	True	True	16.0	0.11434161	narrow
6	18	False	True	True	True	17.0	0.18639243	narrow
6	18	False	True	True	True	18.0	0.27694392	narrow
6	18	False	True	True	True	19.0	0.36559856	narrow
6	18	False	True	True	True	20.0	0.44103935	narrow
6	18	False	True	True	True	21.0	0.49820465	narrow
6	18	False	True	True	True	22.0	0.53607166	narrow
6	18	False	True	True	True	23.0	0.5559918	narrow
6	18	False	True	True	True	24.0	0.5605245	narrow
6	18	False	True	True	True	25.0	0.55266714	narrow
6	18	False	True	True	True	10.0	11.303137	wide
6	18	False	True	True	True	11.0	5.5910816	wide
6	18	False	True	True	True	12.0	3.3349059	wide
6	18	False	True	True	True	13.0	0.8420215	wide
6	18	False	True	True	True	14.0	0.31945872	wide
6	18	False	True	True	True	15.0	0.13552642	wide
6	18	False	True	True	True	16.0	0.05718616	wide
6	18	False	True	True	True	17.0	0.02754314	wide
6	18	False	True	True	True	18.0	0.018122228	wide
6	18	False	True	True	True	19.0	0.016985204	wide
6	18	False	True	True	True	20.0	0.019562302	wide
6	18	False	True	True	True	21.0	0.023842318	wide
6	18	False	True	True	True	22.0	0.028776651	wide
6	18	False	True	True	True	23.0	0.033775717	wide
6	18	False	True	True	True	24.0	0.03850571	wide
6	18	False	True	True	True	25.0	0.04278488	wide
6	18	False	True	True	True	26.0	0.046524685	wide
6	18	False	True	True	True	27.0	0.049694706	wide
6	18	False	True	True	True	28.0	0.052300304	wide
6	18	False	True	True	True	29.0	0.05436874	wide
6	18	False	True	True	True	30.0	0.05593978	wide
6	18	False	True	True	True	31.0	0.057059236	wide
6	18	False	True	True	True	32.0	0.057775266	wide
6	18	False	True	True	True	33.0	0.058135487	wide
6	18	False	True	True	True	34.0	0.058185473	wide
6	18	False	True	True	True	35.0	0.05796788	wide
6	18	False	True	True	True	36.0	0.05752173	wide
6	18	False	True	True	True	37.0	0.05688246	wide
6	18	False	True	True	True	38.0	0.056081813	wide
6	18	False	True	True	True	39.0	0.055147983	wide
6	18	False	True	True	True	40.0	0.054105904	wide
6	18	False	True	True	True	10.0	29.871586	narrow
6	18	False	True	True	True	11.0	13.438362	narrow
6	18	False	True	True	True	12.0	1.9106407	narrow
6	18	False	True	True	True	13.0	0.68391055	narrow
6	18	False	True	True	True	14.0	0.2148466	narrow
6	18	False	True	True	True	15.0	0.1074931	narrow
6	18	False	True	True	True	16.0	0.13164254	narrow
6	18	False	True	True	True	17.0	0.21775523	narrow
6	18	False	True	True	True	18.0	0.32615426	narrow
6	18	False	True	True	True	19.0	0.432484	narrow
6	18	False	True	True	True	20.0	0.5231161	narrow
6	18	False	True	True	True	21.0	0.59190255	narrow
6	18	False	True	True	True	22.0	0.63755995	narrow
6	18	False	True	True	True	23.0	0.6616794	narrow
6	18	False	True	True	True	24.0	0.667319	narrow
6	18	False	True	True	True	25.0	0.6580744	narrow
6	18	False	True	True	True	10.0	11.534027	wide
6	18	False	True	True	True	11.0	5.6493325	wide
6	18	False	True	True	True	12.0	3.3713045	wide
6	18	False	True	True	True	13.0	0.8942287	wide
6	18	False	True	True	True	14.0	0.35017863	wide
6	18	False	True	True	True	15.0	0.14985597	wide
6	18	False	True	True	True	16.0	0.06245767	wide
6	18	False	True	True	True	17.0	0.02941433	wide
6	18	False	True	True	True	18.0	0.019300237	wide
6	18	False	True	True	True	19.0	0.01859952	wide
6	18	False	True	True	True	20.0	0.022095488	wide
6	18	False	True	True	True	21.0	0.027487665	wide
6	18	False	True	True	True	22.0	0.033576608	wide
6	18	False	True	True	True	23.0	0.039688703	wide
6	18	False	True	True	True	24.0	0.045443747	wide
6	18	False	True	True	True	25.0	0.050636034	wide
6	18	False	True	True	True	26.0	0.055167027	wide
6	18	False	True	True	True	27.0	0.05900503	wide
6	18	False	True	True	True	28.0	0.062159527	wide
6	18	False	True	True	True	29.0	0.0646651	wide
6	18	False	True	True	True	30.0	0.06657071	wide
6	18	False	True	True	True	31.0	0.0679321	wide
6	18	False	True	True	True	32.0	0.068807565	wide
6	18	False	True	True	True	33.0	0.069254614	wide
6	18	False	True	True	True	34.0	0.06932819	wide
6	18	False	True	True	True	35.0	0.06907965	wide
6	18	False	True	True	True	36.0	0.06855595	wide
6	18	False	True	True	True	37.0	0.06779979	wide
6	18	False	True	True	True	38.0	0.06684934	wide
6	18	False	True	True	True	39.0	0.06573846	wide
6	18	False	True	True	True	40.0	0.064497195	wide
7	15	False	True	True	False	10.0	22.1964	narrow
7	15	False	True	True	False	11.0	8.530478	narrow
7	15	False	True	True	False	12.0	2.9384658	narrow
7	15	False	True	True	False	13.0	6.7345934	narrow
7	15	False	True	True	False	14.0	4.302601	narrow
7	15	False	True	True	False	15.0	2.4530375	narrow
7	15	False	True	True	False	16.0	1.6656268	narrow
7	15	False	True	True	False	17.0	1.3206986	narrow
7	15	False	True	True	False	18.0	1.1273507	narrow
7	15	False	True	True	False	19.0	0.9886403	narrow
7	15	False	True	True	False	20.0	0.87359685	narrow
7	15	False	True	True	False	21.0	0.77207994	narrow
7	15	False	True	True	False	22.0	0.68085724	narrow
7	15	False	True	True	False	23.0	0.5989043	narrow
7	15	False	True	True	False	24.0	0.525739	narrow
7	15	False	True	True	False	25.0	0.46088803	narrow
7	15	False	True	True	False	10.0	7.5671644	wide
7	15	False	True	True	False	11.0	8.378081	wide
7	15	False	True	True	False	12.0	3.0307765	wide
7	15	False	True	True	False	13.0	0.8050079	wide
7	15	False	True	True	False	14.0	1.1960554	wide
7	15	False	True	True	False	15.0	2.1235561	wide
7	15	False	True	True	False	16.0	1.9909256	wide
7	15	False	True	True	False	17.0	1.4719175	wide
7	15	False	True	True	False	18.0	1.0260619	wide
7	15	False	True	True	False	19.0	0.7325963	wide
7	15	False	True	True	False	20.0	0.55441844	wide
7	15	False	True	True	False	21.0	0.44632345	wide
7	15	False	True	True	False	22.0	0.37763372	wide
7	15	False	True	True	False	23.0	0.3306891	wide
7	15	False	True	True	False	24.0	0.29599804	wide
7	15	False	True	True	False	25.0	0.26856196	wide
7	15	False	True	True	False	26.0	0.24571371	wide
7	15	False	True	True	False	27.0	0.22598071	wide
7	15	False	True	True	False	28.0	0.20851383	wide
7	15	False	True	True	False	29.0	0.19280061	wide
7	15	False	True	True	False	30.0	0.1785176	wide
7	15	False	True	True	False	31.0	0.16544963	wide
7	15	False	True	True	False	32.0	0.15344584	wide
7	15	False	True	True	False	33.0	0.1423939	wide
7	15	False	True	True	False	34.0	0.13220495	wide
7	15	False	True	True	False	35.0	0.12280502	wide
7	15	False	True	True	False	36.0	0.11412991	wide
7	15	False	True	True	False	37.0	0.10612231	wide
7	15	False	True	True	False	38.0	0.09873013	wide
7	15	False	True	True	False	39.0	0.09190536	wide
7	15	False	True	True	False	40.0	0.08560364	wide
7	15	False	True	True	True	10.0	19.41224	narrow
7	15	False	True	True	True	11.0	7.2114344	narrow
7	15	False	True	True	True	12.0	2.4457557	narrow
7	15	False	True	True	True	13.0	5.5110965	narrow
7	15	False	True	True	True	14.0	3.5747674	narrow
7	15	False	True	True	True	15.0	2.0729098	narrow
7	15	False	True	True	True	16.0	1.4180312	narrow
7	15	False	True	True	True	17.0	1.1250942	narrow
7	15	False	True	True	True	18.0	0.9596007	narrow
7	15	False	True	True	True	19.0	0.8412733	narrow
7	15	False	True	True	True	20.0	0.74365366	narrow
7	15	False	True	True	True	21.0	0.65776557	narrow
7	15	False	True	True	True	22.0	0.58064336	narrow
7	15	False	True	True	True	23.0	0.5113244	narrow
7	15	False	True	True	True	24.0	0.44937626	narrow
7	15	False	True	True	True	25.0	0.39440235	narrow
7	15	False	True	True	True	10.0	6.6121902	wide
7	15	False	True	True	True	11.0	7.2534823	wide
7	15	False	True	True	True	12.0	2.4938939	wide
7	15	False	True	True	True	13.0	0.67916393	wide
7	15	False	True	True	True	14.0	0.98972255	wide
7	15	False	True	True	True	15.0	1.7329828	wide
7	15	False	True	True	True	16.0	1.6320142	wide
7	15	False	True	True	True	17.0	1.2174696	wide
7	15	False	True	True	True	18.0	0.8576645	wide
7	15	False	True	True	True	19.0	0.6181033	wide
7	15	False	True	True	True	20.0	0.47073913	wide
7	15	False	True	True	True	21.0	0.38018388	wide
7	15	False	True	True	True	22.0	0.3220165	wide
7	15	False	True	True	True	23.0	0.28196952	wide
7	15	False	True	True	True	24.0	0.25227064	wide
7	15	False	True	True	True	25.0	0.2287728	wide
7	15	False	True	True	True	26.0	0.2092324	wide
7	15	False	True	True	True	27.0	0.19239275	wide
7	15	False	True	True	True	28.0	0.17751893	wide
7	15	False	True	True	True	29.0	0.16416237	wide
7	15	False	True	True	True	30.0	0.15203713	wide
7	15	False	True	True	True	31.0	0.14095281	wide
7	15	False	True	True	True	32.0	0.13077588	wide
7	15	False	True	True	True	33.0	0.1214075	wide
7	15	False	True	True	True	34.0	0.11277032	wide
7	15	False	True	True	True	35.0	0.104800455	wide
7	15	False	True	True	True	36.0	0.09744299	wide
7	15	False	True	True	True	37.0	0.0906492	wide
7	15	False	True	True	True	38.0	0.084375	wide
7	15	False	True	True	True	39.0	0.07857997	wide
7	15	False	True	True	True	40.0	0.07322671	wide
7	15	False	True	True	True	10.0	26.369884	narrow
7	15	False	True	True	True	11.0	10.654371	narrow
7	15	False	True	True	True	12.0	3.775767	narrow
7	15	False	True	True	True	13.0	8.800285	narrow
7	15	False	True	True	True	14.0	5.485817	narrow
7	15	False	True	True	True	15.0	3.0480053	narrow
7	15	False	True	True	True	16.0	2.0464208	narrow
7	15	False	True	True	True	17.0	1.6202873	narrow
7	15	False	True	True	True	18.0	1.3838639	narrow
7	15	False	True	True	True	19.0	1.213574	narrow
7	15	False	True	True	True	20.0	1.0715231	narrow
7	15	False	True	True	True	21.0	0.9458334	narrow
7	15	False	True	True	True	22.0	0.8328717	narrow
7	15	False	True	True	True	23.0	0.7315023	narrow
7	15	False	True	True	True	24.0	0.6411474	narrow
7	15	False	True	True	True	25.0	0.5611965	narrow
7	15	False	True	True	True	10.0	8.988721	wide
7	15	False	True	True	True	11.0	10.095153	wide
7	15	False	True	True	True	12.0	3.928409	wide
7	15	False	True	True	True	13.0	1.0118539	wide
7	15	False	True	True	True	14.0	1.5482062	wide
7	15	False	True	True	True	15.0	2.789975	wide
7	15	False	True	True	True	16.0	2.5924208	wide
7	15	False	True	True	True	17.0	1.8892424	wide
7	15	False	True	True	True	18.0	1.2959464	wide
7	15	False	True	True	True	19.0	0.9123608	wide
7	15	False	True	True	True	20.0	0.6839651	wide
7	15	False	True	True	True	21.0	0.5479543	wide
7	15	False	True	True	True	22.0	0.46282196	wide
7	15	False	True	True	True	23.0	0.40521812	wide
7	15	False	True	True	True	24.0	0.36284736	wide
7	15	False	True	True	True	25.0	0.32935566	wide
7	15	False	True	True	True	26.0	0.3014158	wide
7	15	False	True	True	True	27.0	0.2772246	wide
7	15	False	True	True	True	28.0	0.2557602	wide
7	15	False	True	True	True	29.0	0.2364148	wide
7	15	False	True	True	True	30.0	0.21880792	wide
7	15	False	True	True	True	31.0	0.20268731	wide
7	15	False	True	True	True	32.0	0.18787532	wide
7	15	False	True	True	True	33.0	0.17423844	wide
7	15	False	True	True	True	34.0	0.16166972	wide
7	15	False	True	True	True	35.0	0.15007918	wide
7	15	False	True	True	True	36.0	0.1393879	wide
7	15	False	True	True	True	37.0	0.12952495	wide
7	15	False	True	True	True	38.0	0.12042559	wide
7	15	False	True	True	True	39.0	0.11202984	wide
7	15	False	True	True	True	40.0	0.10428262	wide
7	18	False	True	True	False	10.0	15.717079	narrow
7	18	False	True	True	False	11.0	3.4691381	narrow
7	18	False	True	True	False	12.0	4.3755784	narrow
7	18	False	True	True	False	13.0	6.3763127	narrow
7	18	False	True	True	False	14.0	3.9486194	narrow
7	18	False	True	True	False	15.0	2.3403914	narrow
7	18	False	True	True	False	16.0	1.6076529	narrow
7	18	False	True	True	False	17.0	1.2540238	narrow
7	18	False	True	True	False	18.0	1.0478929	narrow
7	18	False	True	True	False	19.0	0.9044697	narrow
7	18	False	True	True	False	20.0	0.79185885	narrow
7	18	False	True	True	False	21.0	0.69705904	narrow
7	18	False	True	True	False	22.0	0.6144803	narrow
7	18	False	True	True	False	23.0	0.54154557	narrow
7	18	False	True	True	False	24.0	0.47688398	narrow
7	18	False	True	True	False	25.0	0.41959283	narrow
7	18	False	True	True	False	10.0	4.977713	wide
7	18	False	True	True	False	11.0	6.9668217	wide
7	18	False	True	True	False	12.0	4.092764	wide
7	18	False	True	True	False	13.0	1.3248436	wide
7	18	False	True	True	False	14.0	0.9287949	wide
7	18	False	True	True	False	15.0	1.9271803	wide
7	18	False	True	True	False	16.0	2.163381	wide
7	18	False	True	True	False	17.0	1.7489264	wide
7	18	False	True	True	False	18.0	1.2616289	wide
7	18	False	True	True	False	19.0	0.9004237	wide
7	18	False	True	True	False	20.0	0.66670716	wide
7	18	False	True	True	False	21.0	0.5210576	wide
7	18	False	True	True	False	22.0	0.42879894	wide
7	18	False	True	True	False	23.0	0.36726552	wide
7	18	False	True	True	False	24.0	0.32337677	wide
7	18	False	True	True	False	25.0	0.2899617	wide
7	18	False	True	True	False	26.0	0.26309857	wide
7	18	False	True	True	False	27.0	0.24058285	wide
7	18	False	True	True	False	28.0	0.22112529	wide
7	18	False	True	True	False	29.0	0.20394063	wide
7	18	False	True	True	False	30.0	0.1885316	wide
7	18	False	True	True	False	31.0	0.17457077	wide
7	18	False	True	True	False	32.0	0.16183332	wide
7	18	False	True	True	False	33.0	0.15015763	wide
7	18	False	True	True	False	34.0	0.13942185	wide
7	18	False	True	True	False	35.0	0.12952974	wide
7	18	False	True	True	False	36.0	0.12040228	wide
7	18	False	True	True	False	37.0	0.11197218	wide
7	18	False	True	True	False	38.0	0.10418086	wide
7	18	False	True	True	False	39.0	0.09697628	wide
7	18	False	True	True	False	40.0	0.0903115	wide
7	18	False	True	True	True	10.0	13.31432	narrow
7	18	False	True	True	True	11.0	2.944089	narrow
7	18	False	True	True	True	12.0	3.5983033	narrow
7	18	False	True	True	True	13.0	5.244414	narrow
7	18	False	True	True	True	14.0	3.3055325	narrow
7	18	False	True	True	True	15.0	1.985566	narrow
7	18	False	True	True	True	16.0	1.3688781	narrow
7	18	False	True	True	True	17.0	1.0671448	narrow
7	18	False	True	True	True	18.0	0.89110744	narrow
7	18	False	True	True	True	19.0	0.76921153	narrow
7	18	False	True	True	True	20.0	0.6739111	narrow
7	18	False	True	True	True	21.0	0.59382707	narrow
7	18	False	True	True	True	22.0	0.5240565	narrow
7	18	False	True	True	True	23.0	0.46236545	narrow
7	18	False	True	True	True	24.0	0.4075939	narrow
7	18	False	True	True	True	25.0	0.3589956	narrow
7	18	False	True	True	True	10.0	4.272137	wide
7	18	False	True	True	True	11.0	5.922483	wide
7	18	False	True	True	True	12.0	3.3681197	wide
7	18	False	True	True	True	13.0	1.111105	wide
7	18	False	True	True	True	14.0	0.776856	wide
7	18	False	True	True	True	15.0	1.5726467	wide
7	18	False	True	True	True	16.0	1.7717552	wide
7	18	False	True	True	True	17.0	1.4470369	wide
7	18	False	True	True	True	18.0	1.0560713	wide
7	18	False	True	True	True	19.0	0.7611981	wide
7	18	False	True	True	True	20.0	0.567222	wide
7	18	False	True	True	True	21.0	0.44458887	wide
7	18	False	True	True	True	22.0	0.3660717	wide
7	18	False	True	True	True	23.0	0.3133694	wide
7	18	False	True	True	True	24.0	0.2756929	wide
7	18	False	True	True	True	25.0	0.24702528	wide
7	18	False	True	True	True	26.0	0.22402914	wide
7	18	False	True	True	True	27.0	0.20480634	wide
7	18	False	True	True	True	28.0	0.18823618	wide
7	18	False	True	True	True	29.0	0.17363112	wide
7	18	False	True	True	True	30.0	0.1605539	wide
7	18	False	True	True	True	31.0	0.14871629	wide
7	18	False	True	True	True	32.0	0.13792074	wide
7	18	False	True	True	True	33.0	0.12802601	wide
7	18	False	True	True	True	34.0	0.1189265	wide
7	18	False	True	True	True	35.0	0.110539526	wide
7	18	False	True	True	True	36.0	0.102797575	wide
7	18	False	True	True	True	37.0	0.09564373	wide
7	18	False	True	True	True	38.0	0.08902871	wide
7	18	False	True	True	True	39.0	0.08290849	wide
7	18	False	True	True	True	40.0	0.077244066	wide
7	18	False	True	True	True	10.0	19.58625	narrow
7	18	False	True	True	True	11.0	4.2986116	narrow
7	18	False	True	True	True	12.0	5.7157893	narrow
7	18	False	True	True	True	13.0	8.274131	narrow
7	18	False	True	True	True	14.0	4.979927	narrow
7	18	False	True	True	True	15.0	2.8900294	narrow
7	18	False	True	True	True	16.0	1.9732935	narrow
7	18	False	True	True	True	17.0	1.539807	narrow
7	18	False	True	True	True	18.0	1.2873908	narrow
7	18	False	True	True	True	19.0	1.1106198	narrow
7	18	False	True	True	True	20.0	0.9711303	narrow
7	18	False	True	True	True	21.0	0.8535324	narrow
7	18	False	True	True	True	22.0	0.7511948	narrow
7	18	False	True	True	True	23.0	0.66099197	narrow
7	18	False	True	True	True	24.0	0.5812017	narrow
7	18	False	True	True	True	25.0	0.5106569	narrow
7	18	False	True	True	True	10.0	6.0610394	wide
7	18	False	True	True	True	11.0	8.624499	wide
7	18	False	True	True	True	12.0	5.310373	wide
7	18	False	True	True	True	13.0	1.6730046	wide
7	18	False	True	True	True	14.0	1.1875027	wide
7	18	False	True	True	True	15.0	2.5387807	wide
7	18	False	True	True	True	16.0	2.8252332	wide
7	18	False	True	True	True	17.0	2.2460332	wide
7	18	False	True	True	True	18.0	1.5910139	wide
7	18	False	True	True	True	19.0	1.118175	wide
7	18	False	True	True	True	20.0	0.81971365	wide
7	18	False	True	True	True	21.0	0.63770664	wide
7	18	False	True	True	True	22.0	0.52426773	wide
7	18	False	True	True	True	23.0	0.44931078	wide
7	18	False	True	True	True	24.0	0.39601168	wide
7	18	False	True	True	True	25.0	0.3553835	wide
7	18	False	True	True	True	26.0	0.3226154	wide
7	18	False	True	True	True	27.0	0.2950493	wide
7	18	False	True	True	True	28.0	0.27115074	wide
7	18	False	True	True	True	29.0	0.24999304	wide
7	18	False	True	True	True	30.0	0.2309922	wide
7	18	False	True	True	True	31.0	0.2137633	wide
7	18	False	True	True	True	32.0	0.19804043	wide
7	18	False	True	True	True	33.0	0.18363078	wide
7	18	False	True	True	True	34.0	0.17038727	wide
7	18	False	True	True	True	35.0	0.15819237	wide
7	18	False	True	True	True	36.0	0.14694831	wide
7	18	False	True	True	True	37.0	0.13657147	wide
7	18	False	True	True	True	38.0	0.1269886	wide
7	18	False	True	True	True	39.0	0.118134156	wide
7	18	False	True	True	True	40.0	0.109949514	wide
8	15	False	True	True	False	10.0	2.9609988	narrow
8	15	False	True	True	False	11.0	1.793977	narrow
8	15	False	True	True	False	12.0	1.4842004	narrow
8	15	False	True	True	False	13.0	1.1021533	narrow
8	15	False	True	True	False	14.0	0.85161835	narrow
8	15	False	True	True	False	15.0	0.74465674	narrow
8	15	False	True	True	False	16.0	0.66976863	narrow
8	15	False	True	True	False	17.0	0.5953553	narrow
8	15	False	True	True	False	18.0	0.52670807	narrow
8	15	False	True	True	False	19.0	0.46963888	narrow
8	15	False	True	True	False	20.0	0.42296407	narrow
8	15	False	True	True	False	21.0	0.38292426	narrow
8	15	False	True	True	False	22.0	0.34666005	narrow
8	15	False	True	True	False	23.0	0.3128237	narrow
8	15	False	True	True	False	24.0	0.28103757	narrow
8	15	False	True	True	False	25.0	0.2513279	narrow
8	15	False	True	True	False	10.0	2.0552292	wide
8	15	False	True	True	False	11.0	1.3219144	wide
8	15	False	True	True	False	12.0	0.902025	wide
8	15	False	True	True	False	13.0	0.68790615	wide
8	15	False	True	True	False	14.0	0.54236466	wide
8	15	False	True	True	False	15.0	0.41083434	wide
8	15	False	True	True	False	16.0	0.31385797	wide
8	15	False	True	True	False	17.0	0.25480998	wide
8	15	False	True	True	False	18.0	0.22047594	wide
8	15	False	True	True	False	19.0	0.1991498	wide
8	15	False	True	True	False	20.0	0.18383421	wide
8	15	False	True	True	False	21.0	0.1708515	wide
8	15	False	True	True	False	22.0	0.15865003	wide
8	15	False	True	True	False	23.0	0.14690025	wide
8	15	False	True	True	False	24.0	0.13578331	wide
8	15	False	True	True	False	25.0	0.12554857	wide
8	15	False	True	True	False	26.0	0.11632894	wide
8	15	False	True	True	False	27.0	0.10811855	wide
8	15	False	True	True	False	28.0	0.10081777	wide
8	15	False	True	True	False	29.0	0.094287015	wide
8	15	False	True	True	False	30.0	0.08838542	wide
8	15	False	True	True	False	31.0	0.08299099	wide
8	15	False	True	True	False	32.0	0.07800788	wide
8	15	False	True	True	False	33.0	0.07336505	wide
8	15	False	True	True	False	34.0	0.06901203	wide
8	15	False	True	True	False	35.0	0.06491377	wide
8	15	False	True	True	False	36.0	0.06104592	wide
8	15	False	True	True	False	37.0	0.057391305	wide
8	15	False	True	True	False	38.0	0.053937286	wide
8	15	False	True	True	False	39.0	0.050673913	wide
8	15	False	True	True	False	40.0	0.04759277	wide
8	15	False	True	True	True	10.0	2.5902655	narrow
8	15	False	True	True	True	11.0	1.5941644	narrow
8	15	False	True	True	True	12.0	1.3446809	narrow
8	15	False	True	True	True	13.0	0.9846002	narrow
8	15	False	True	True	True	14.0	0.74124473	narrow
8	15	False	True	True	True	15.0	0.63735527	narrow
8	15	False	True	True	True	16.0	0.5696011	narrow
8	15	False	True	True	True	17.0	0.5063481	narrow
8	15	False	True	True	True	18.0	0.4492179	narrow
8	15	False	True	True	True	19.0	0.40171266	narrow
8	15	False	True	True	True	20.0	0.3624887	narrow
8	15	False	True	True	True	21.0	0.32847163	narrow
8	15	False	True	True	True	22.0	0.29742077	narrow
8	15	False	True	True	True	23.0	0.26832852	narrow
8	15	False	True	True	True	24.0	0.24095523	narrow
8	15	False	True	True	True	25.0	0.21536663	narrow
8	15	False	True	True	True	10.0	1.8292719	wide
8	15	False	True	True	True	11.0	1.1677358	wide
8	15	False	True	True	True	12.0	0.80214125	wide
8	15	False	True	True	True	13.0	0.61476535	wide
8	15	False	True	True	True	14.0	0.4857626	wide
8	15	False	True	True	True	15.0	0.36591747	wide
8	15	False	True	True	True	16.0	0.27649376	wide
8	15	False	True	True	True	17.0	0.22188227	wide
8	15	False	True	True	True	18.0	0.19009644	wide
8	15	False	True	True	True	19.0	0.17039417	wide
8	15	False	True	True	True	20.0	0.15645114	wide
8	15	False	True	True	True	21.0	0.14496058	wide
8	15	False	True	True	True	22.0	0.13446511	wide
8	15	False	True	True	True	23.0	0.12455693	wide
8	15	False	True	True	True	24.0	0.11528383	wide
8	15	False	True	True	True	25.0	0.10678354	wide
8	15	False	True	True	True	26.0	0.09912619	wide
8	15	False	True	True	True	27.0	0.092288025	wide
8	15	False	True	True	True	28.0	0.08618073	wide
8	15	False	True	True	True	29.0	0.0806899	wide
8	15	False	True	True	True	30.0	0.07570308	wide
8	15	False	True	True	True	31.0	0.071124315	wide
8	15	False	True	True	True	32.0	0.0668788	wide
8	15	False	True	True	True	33.0	0.062911645	wide
8	15	False	True	True	True	34.0	0.059184045	wide
8	15	False	True	True	True	35.0	0.055669248	wide
8	15	False	True	True	True	36.0	0.052348696	wide
8	15	False	True	True	True	37.0	0.049209278	wide
8	15	False	True	True	True	38.0	0.046241257	wide
8	15	False	True	True	True	39.0	0.04343677	wide
8	15	False	True	True	True	40.0	0.040789094	wide
8	15	False	True	True	True	10.0	3.5191832	narrow
8	15	False	True	True	True	11.0	2.1053152	narrow
8	15	False	True	True	True	12.0	1.6842035	narrow
8	15	False	True	True	True	13.0	1.267115	narrow
8	15	False	True	True	True	14.0	1.0138727	narrow
8	15	False	True	True	True	15.0	0.9090882	narrow
8	15	False	True	True	True	16.0	0.82622755	narrow
8	15	False	True	True	True	17.0	0.7347095	narrow
8	15	False	True	True	True	18.0	0.6474428	narrow
8	15	False	True	True	True	19.0	0.5748978	narrow
8	15	False	True	True	True	20.0	0.5163473	narrow
8	15	False	True	True	True	21.0	0.4668635	narrow
8	15	False	True	True	True	22.0	0.42251128	narrow
8	15	False	True	True	True	23.0	0.3813504	narrow
8	15	False	True	True	True	24.0	0.34276175	narrow
8	15	False	True	True	True	25.0	0.30669996	narrow
8	15	False	True	True	True	10.0	2.380973	wide
8	15	False	True	True	True	11.0	1.5539242	wide
8	15	False	True	True	True	12.0	1.0551163	wide
8	15	False	True	True	True	13.0	0.79718727	wide
8	15	False	True	True	True	14.0	0.62407476	wide
8	15	False	True	True	True	15.0	0.4747445	wide
8	15	False	True	True	True	16.0	0.36729792	wide
8	15	False	True	True	True	17.0	0.302744	wide
8	15	False	True	True	True	18.0	0.2657455	wide
8	15	False	True	True	True	19.0	0.2429713	wide
8	15	False	True	True	True	20.0	0.22628273	wide
8	15	False	True	True	True	21.0	0.21141219	wide
8	15	False	True	True	True	22.0	0.19672303	wide
8	15	False	True	True	True	23.0	0.18210089	wide
8	15	False	True	True	True	24.0	0.16802059	wide
8	15	False	True	True	True	25.0	0.1549662	wide
8	15	False	True	True	True	26.0	0.14320269	wide
8	15	False	True	True	True	27.0	0.13276672	wide
8	15	False	True	True	True	28.0	0.123543695	wide
8	15	False	True	True	True	29.0	0.115351535	wide
8	15	False	True	True	True	30.0	0.108000144	wide
8	15	False	True	True	True	31.0	0.10132233	wide
8	15	False	True	True	True	32.0	0.095185354	wide
8	15	False	True	True	True	33.0	0.08949022	wide
8	15	False	True	True	True	34.0	0.08416622	wide
8	15	False	True	True	True	35.0	0.079164065	wide
8	15	False	True	True	True	36.0	0.07444948	wide
8	15	False	True	True	True	37.0	0.069998495	wide
8	15	False	True	True	True	38.0	0.06579359	wide
8	15	False	True	True	True	39.0	0.06182143	wide
8	15	False	True	True	True	40.0	0.058070816	wide
8	18	False	True	True	False	10.0	2.2780237	narrow
8	18	False	True	True	False	11.0	1.6435443	narrow
8	18	False	True	True	False	12.0	1.3483948	narrow
8	18	False	True	True	False	13.0	0.98831886	narrow
8	18	False	True	True	False	14.0	0.7893034	narrow
8	18	False	True	True	False	15.0	0.7189372	narrow
8	18	False	True	True	False	16.0	0.669452	narrow
8	18	False	True	True	False	17.0	0.6078463	narrow
8	18	False	True	True	False	18.0	0.5430779	narrow
8	18	False	True	True	False	19.0	0.48471594	narrow
8	18	False	True	True	False	20.0	0.4345615	narrow
8	18	False	True	True	False	21.0	0.39082557	narrow
8	18	False	True	True	False	22.0	0.35159287	narrow
8	18	False	True	True	False	23.0	0.315779	narrow
8	18	False	True	True	False	24.0	0.2829523	narrow
8	18	False	True	True	False	25.0	0.25297812	narrow
8	18	False	True	True	False	10.0	1.6112676	wide
8	18	False	True	True	False	11.0	1.1733335	wide
8	18	False	True	True	False	12.0	0.90213263	wide
8	18	False	True	True	False	13.0	0.6923808	wide
8	18	False	True	True	False	14.0	0.52317274	wide
8	18	False	True	True	False	15.0	0.386614	wide
8	18	False	True	True	False	16.0	0.28805098	wide
8	18	False	True	True	False	17.0	0.22675902	wide
8	18	False	True	True	False	18.0	0.19327846	wide
8	18	False	True	True	False	19.0	0.17643219	wide
8	18	False	True	True	False	20.0	0.16740748	wide
8	18	False	True	True	False	21.0	0.16075125	wide
8	18	False	True	True	False	22.0	0.15388043	wide
8	18	False	True	True	False	23.0	0.1460809	wide
8	18	False	True	True	False	24.0	0.13756204	wide
8	18	False	True	True	False	25.0	0.12881243	wide
8	18	False	True	True	False	26.0	0.12027089	wide
8	18	False	True	True	False	27.0	0.11221703	wide
8	18	False	True	True	False	28.0	0.10477659	wide
8	18	False	True	True	False	29.0	0.097967714	wide
8	18	False	True	True	False	30.0	0.09174887	wide
8	18	False	True	True	False	31.0	0.086054094	wide
8	18	False	True	True	False	32.0	0.08081439	wide
8	18	False	True	True	False	33.0	0.07596798	wide
8	18	False	True	True	False	34.0	0.071463846	wide
8	18	False	True	True	False	35.0	0.06726157	wide
8	18	False	True	True	False	36.0	0.0633296	wide
8	18	False	True	True	False	37.0	0.05964324	wide
8	18	False	True	True	False	38.0	0.056182723	wide
8	18	False	True	True	False	39.0	0.052931715	wide
8	18	False	True	True	False	40.0	0.049876206	wide
8	18	False	True	True	True	10.0	1.9761631	narrow
8	18	False	True	True	True	11.0	1.4754951	narrow
8	18	False	True	True	True	12.0	1.2259647	narrow
8	18	False	True	True	True	13.0	0.88707125	narrow
8	18	False	True	True	True	14.0	0.6915971	narrow
8	18	False	True	True	True	15.0	0.6182537	narrow
8	18	False	True	True	True	16.0	0.5713557	narrow
8	18	False	True	True	True	17.0	0.5184687	narrow
8	18	False	True	True	True	18.0	0.4641947	narrow
8	18	False	True	True	True	19.0	0.41526392	narrow
8	18	False	True	True	True	20.0	0.37287837	narrow
8	18	False	True	True	True	21.0	0.33560234	narrow
8	18	False	True	True	True	22.0	0.301956	narrow
8	18	False	True	True	True	23.0	0.27112648	narrow
8	18	False	True	True	True	24.0	0.24281166	narrow
8	18	False	True	True	True	25.0	0.21693306	narrow
8	18	False	True	True	True	10.0	1.4133996	wide
8	18	False	True	True	True	11.0	1.0351319	wide
8	18	False	True	True	True	12.0	0.8060328	wide
8	18	False	True	True	True	13.0	0.61893785	wide
8	18	False	True	True	True	14.0	0.46670535	wide
8	18	False	True	True	True	15.0	0.34367853	wide
8	18	False	True	True	True	16.0	0.2547376	wide
8	18	False	True	True	True	17.0	0.19912593	wide
8	18	False	True	True	True	18.0	0.16824958	wide
8	18	False	True	True	True	19.0	0.15221648	wide
8	18	False	True	True	True	20.0	0.14337017	wide
8	18	False	True	True	True	21.0	0.13699257	wide
8	18	False	True	True	True	22.0	0.13079885	wide
8	18	False	True	True	True	23.0	0.12407565	wide
8	18	False	True	True	True	24.0	0.116897	wide
8	18	False	True	True	True	25.0	0.10959457	wide
8	18	False	True	True	True	26.0	0.102484696	wide
8	18	False	True	True	True	27.0	0.09577295	wide
8	18	False	True	True	True	28.0	0.08955225	wide
8	18	False	True	True	True	29.0	0.08383522	wide
8	18	False	True	True	True	30.0	0.07858969	wide
8	18	False	True	True	True	31.0	0.07376509	wide
8	18	False	True	True	True	32.0	0.069308564	wide
8	18	False	True	True	True	33.0	0.06517283	wide
8	18	False	True	True	True	34.0	0.061318778	wide
8	18	False	True	True	True	35.0	0.05771536	wide
8	18	False	True	True	True	36.0	0.054338265	wide
8	18	False	True	True	True	37.0	0.051168293	wide
8	18	False	True	True	True	38.0	0.048189964	wide
8	18	False	True	True	True	39.0	0.045390263	wide
8	18	False	True	True	True	40.0	0.04275798	wide
8	18	False	True	True	True	10.0	2.7353873	narrow
8	18	False	True	True	True	11.0	1.9025251	narrow
8	18	False	True	True	True	12.0	1.5225292	narrow
8	18	False	True	True	True	13.0	1.12789	narrow
8	18	False	True	True	True	14.0	0.9309415	narrow
8	18	False	True	True	True	15.0	0.87248945	narrow
8	18	False	True	True	True	16.0	0.822346	narrow
8	18	False	True	True	True	17.0	0.747579	narrow
8	18	False	True	True	True	18.0	0.665886	narrow
8	18	False	True	True	True	19.0	0.5923002	narrow
8	18	False	True	True	True	20.0	0.5297744	narrow
8	18	False	True	True	True	21.0	0.47589546	narrow
8	18	False	True	True	True	22.0	0.427977	narrow
8	18	False	True	True	True	23.0	0.38445842	narrow
8	18	False	True	True	True	24.0	0.34468183	narrow
8	18	False	True	True	True	25.0	0.3084137	narrow
8	18	False	True	True	True	10.0	1.8997082	wide
8	18	False	True	True	True	11.0	1.3812821	wide
8	18	False	True	True	True	12.0	1.0478446	wide
8	18	False	True	True	True	13.0	0.8020513	wide
8	18	False	True	True	True	14.0	0.6056616	wide
8	18	False	True	True	True	15.0	0.44809347	wide
8	18	False	True	True	True	16.0	0.33515087	wide
8	18	False	True	True	True	17.0	0.2659676	wide
8	18	False	True	True	True	18.0	0.22957335	wide
8	18	False	True	True	True	19.0	0.2125845	wide
8	18	False	True	True	True	20.0	0.20420489	wide
8	18	False	True	True	True	21.0	0.1977453	wide
8	18	False	True	True	True	22.0	0.19016264	wide
8	18	False	True	True	True	23.0	0.18080597	wide
8	18	False	True	True	True	24.0	0.17017746	wide
8	18	False	True	True	True	25.0	0.15908127	wide
8	18	False	True	True	True	26.0	0.14819638	wide
8	18	False	True	True	True	27.0	0.13794573	wide
8	18	False	True	True	True	28.0	0.12851849	wide
8	18	False	True	True	True	29.0	0.119943894	wide
8	18	False	True	True	True	30.0	0.1121637	wide
8	18	False	True	True	True	31.0	0.10508401	wide
8	18	False	True	True	True	32.0	0.09860671	wide
8	18	False	True	True	True	33.0	0.09264403	wide
8	18	False	True	True	True	34.0	0.087123744	wide
8	18	False	True	True	True	35.0	0.0819889	wide
8	18	False	True	True	True	36.0	0.07719544	wide
8	18	False	True	True	True	37.0	0.072709106	wide
8	18	False	True	True	True	38.0	0.0685029	wide
8	18	False	True	True	True	39.0	0.06455481	wide
8	18	False	True	True	True	40.0	0.060846288	wide
9	15	False	True	True	False	10.0	11.729104	narrow
9	15	False	True	True	False	11.0	11.840193	narrow
9	15	False	True	True	False	12.0	9.498132	narrow
9	15	False	True	True	False	13.0	5.3739104	narrow
9	15	False	True	True	False	14.0	4.0067363	narrow
9	15	False	True	True	False	15.0	2.3346972	narrow
9	15	False	True	True	False	16.0	1.2017097	narrow
9	15	False	True	True	False	17.0	0.5976874	narrow
9	15	False	True	True	False	18.0	0.3083399	narrow
9	15	False	True	True	False	19.0	0.17478473	narrow
9	15	False	True	True	False	20.0	0.11256533	narrow
9	15	False	True	True	False	21.0	0.08228372	narrow
9	15	False	True	True	False	22.0	0.06667921	narrow
9	15	False	True	True	False	23.0	0.058664557	narrow
9	15	False	True	True	False	24.0	0.055880766	narrow
9	15	False	True	True	False	25.0	0.058237657	narrow
9	15	False	True	True	False	10.0	8.331514	wide
9	15	False	True	True	False	11.0	6.368748	wide
9	15	False	True	True	False	12.0	4.798531	wide
9	15	False	True	True	False	13.0	4.049067	wide
9	15	False	True	True	False	14.0	4.564276	wide
9	15	False	True	True	False	15.0	2.4128702	wide
9	15	False	True	True	False	16.0	1.8873663	wide
9	15	False	True	True	False	17.0	1.3421361	wide
9	15	False	True	True	False	18.0	0.87633705	wide
9	15	False	True	True	False	19.0	0.5455143	wide
9	15	False	True	True	False	20.0	0.33324394	wide
9	15	False	True	True	False	21.0	0.20473748	wide
9	15	False	True	True	False	22.0	0.12932603	wide
9	15	False	True	True	False	23.0	0.08557129	wide
9	15	False	True	True	False	24.0	0.06006654	wide
9	15	False	True	True	False	25.0	0.044919197	wide
9	15	False	True	True	False	26.0	0.03563323	wide
9	15	False	True	True	False	27.0	0.02968934	wide
9	15	False	True	True	False	28.0	0.025683755	wide
9	15	False	True	True	False	29.0	0.022832396	wide
9	15	False	True	True	False	30.0	0.020693965	wide
9	15	False	True	True	False	31.0	0.019018138	wide
9	15	False	True	True	False	32.0	0.017663293	wide
9	15	False	True	True	False	33.0	0.016552448	wide
9	15	False	True	True	False	34.0	0.015649613	wide
9	15	False	True	True	False	35.0	0.014947024	wide
9	15	False	True	True	False	36.0	0.014457686	wide
9	15	False	True	True	False	37.0	0.014210111	wide
9	15	False	True	True	False	38.0	0.014243387	wide
9	15	False	True	True	False	39.0	0.014601693	wide
9	15	False	True	True	False	40.0	0.01532783	wide
9	15	False	True	True	True	10.0	11.164896	narrow
9	15	False	True	True	True	11.0	11.611088	narrow
9	15	False	True	True	True	12.0	9.515286	narrow
9	15	False	True	True	True	13.0	5.1138444	narrow
9	15	False	True	True	True	14.0	3.7569804	narrow
9	15	False	True	True	True	15.0	2.168965	narrow
9	15	False	True	True	True	16.0	1.1101594	narrow
9	15	False	True	True	True	17.0	0.55057096	narrow
9	15	False	True	True	True	18.0	0.28389573	narrow
9	15	False	True	True	True	19.0	0.16115393	narrow
9	15	False	True	True	True	20.0	0.10401539	narrow
9	15	False	True	True	True	21.0	0.07618737	narrow
9	15	False	True	True	True	22.0	0.061865203	narrow
9	15	False	True	True	True	23.0	0.05463977	narrow
9	15	False	True	True	True	24.0	0.052493624	narrow
9	15	False	True	True	True	25.0	0.055539373	narrow
9	15	False	True	True	True	10.0	8.014747	wide
9	15	False	True	True	True	11.0	6.0668406	wide
9	15	False	True	True	True	12.0	4.6413536	wide
9	15	False	True	True	True	13.0	3.981037	wide
9	15	False	True	True	True	14.0	4.535783	wide
9	15	False	True	True	True	15.0	2.291629	wide
9	15	False	True	True	True	16.0	1.7702062	wide
9	15	False	True	True	True	17.0	1.2492502	wide
9	15	False	True	True	True	18.0	0.8110515	wide
9	15	False	True	True	True	19.0	0.5029389	wide
9	15	False	True	True	True	20.0	0.30651972	wide
9	15	False	True	True	True	21.0	0.18811989	wide
9	15	False	True	True	True	22.0	0.11884554	wide
9	15	False	True	True	True	23.0	0.078730226	wide
9	15	False	True	True	True	24.0	0.05536914	wide
9	15	False	True	True	True	25.0	0.041492913	wide
9	15	False	True	True	True	26.0	0.032975245	wide
9	15	False	True	True	True	27.0	0.027510403	wide
9	15	False	True	True	True	28.0	0.023816386	wide
9	15	False	True	True	True	29.0	0.021178283	wide
9	15	False	True	True	True	30.0	0.019194331	wide
9	15	False	True	True	True	31.0	0.017637132	wide
9	15	False	True	True	True	32.0	0.016378796	wide
9	15	False	True	True	True	33.0	0.015350947	wide
9	15	False	True	True	True	34.0	0.014523444	wide
9	15	False	True	True	True	35.0	0.013892973	wide
9	15	False	True	True	True	36.0	0.013476303	wide
9	15	False	True	True	True	37.0	0.013305462	wide
9	15	False	True	True	True	38.0	0.013422903	wide
9	15	False	True	True	True	39.0	0.013876012	wide
9	15	False	True	True	True	40.0	0.014710454	wide
9	15	False	True	True	True	10.0	12.440429	narrow
9	15	False	True	True	True	11.0	12.176939	narrow
9	15	False	True	True	True	12.0	9.577324	narrow
9	15	False	True	True	True	13.0	5.7307825	narrow
9	15	False	True	True	True	14.0	4.338682	narrow
9	15	False	True	True	True	15.0	2.5546136	narrow
9	15	False	True	True	True	16.0	1.3239666	narrow
9	15	False	True	True	True	17.0	0.66115296	narrow
9	15	False	True	True	True	18.0	0.3415103	narrow
9	15	False	True	True	True	19.0	0.19333029	narrow
9	15	False	True	True	True	20.0	0.12414772	narrow
9	15	False	True	True	True	21.0	0.09046256	narrow
9	15	False	True	True	True	22.0	0.07307363	narrow
9	15	False	True	True	True	23.0	0.0639882	narrow
9	15	False	True	True	True	24.0	0.060401432	narrow
9	15	False	True	True	True	25.0	0.061974205	narrow
9	15	False	True	True	True	10.0	8.75745	wide
9	15	False	True	True	True	11.0	6.7582164	wide
9	15	False	True	True	True	12.0	5.0244174	wide
9	15	False	True	True	True	13.0	4.1735597	wide
9	15	False	True	True	True	14.0	4.6466417	wide
9	15	False	True	True	True	15.0	2.5772424	wide
9	15	False	True	True	True	16.0	2.041676	wide
9	15	False	True	True	True	17.0	1.4643673	wide
9	15	False	True	True	True	18.0	0.96269786	wide
9	15	False	True	True	True	19.0	0.60225385	wide
9	15	False	True	True	True	20.0	0.36916283	wide
9	15	False	True	True	True	21.0	0.22726853	wide
9	15	False	True	True	True	22.0	0.14364743	wide
9	15	False	True	True	True	23.0	0.09497004	wide
9	15	False	True	True	True	24.0	0.06653082	wide
9	15	False	True	True	True	25.0	0.04962172	wide
9	15	False	True	True	True	26.0	0.039258104	wide
9	15	False	True	True	True	27.0	0.032635324	wide
9	15	False	True	True	True	28.0	0.02818514	wide
9	15	False	True	True	True	29.0	0.02502882	wide
9	15	False	True	True	True	30.0	0.02267028	wide
9	15	False	True	True	True	31.0	0.020826995	wide
9	15	False	True	True	True	32.0	0.019337954	wide
9	15	False	True	True	True	33.0	0.01811404	wide
9	15	False	True	True	True	34.0	0.017111184	wide
9	15	False	True	True	True	35.0	0.01631583	wide
9	15	False	True	True	True	36.0	0.01573637	wide
9	15	False	True	True	True	37.0	0.01539735	wide
9	15	False	True	True	True	38.0	0.01533425	wide
9	15	False	True	True	True	39.0	0.015587933	wide
9	15	False	True	True	True	40.0	0.016198335	wide
9	18	False	True	True	False	10.0	4.8763185	narrow
9	18	False	True	True	False	11.0	4.151575	narrow
9	18	False	True	True	False	12.0	5.046016	narrow
9	18	False	True	True	False	13.0	4.421814	narrow
9	18	False	True	True	False	14.0	3.1615565	narrow
9	18	False	True	True	False	15.0	1.9429551	narrow
9	18	False	True	True	False	16.0	1.0934159	narrow
9	18	False	True	True	False	17.0	0.5954984	narrow
9	18	False	True	True	False	18.0	0.32994136	narrow
9	18	False	True	True	False	19.0	0.19447455	narrow
9	18	False	True	True	False	20.0	0.12584023	narrow
9	18	False	True	True	False	21.0	0.09011156	narrow
9	18	False	True	True	False	22.0	0.07034709	narrow
9	18	False	True	True	False	23.0	0.058381133	narrow
9	18	False	True	True	False	24.0	0.05033499	narrow
9	18	False	True	True	False	25.0	0.04436724	narrow
9	18	False	True	True	False	10.0	5.606132	wide
9	18	False	True	True	False	11.0	3.9391406	wide
9	18	False	True	True	False	12.0	3.6302361	wide
9	18	False	True	True	False	13.0	3.2121553	wide
9	18	False	True	True	False	14.0	2.3608239	wide
9	18	False	True	True	False	15.0	1.7865207	wide
9	18	False	True	True	False	16.0	1.3143748	wide
9	18	False	True	True	False	17.0	0.92406917	wide
9	18	False	True	True	False	18.0	0.6739903	wide
9	18	False	True	True	False	19.0	0.4915073	wide
9	18	False	True	True	False	20.0	0.35412806	wide
9	18	False	True	True	False	21.0	0.2526851	wide
9	18	False	True	True	False	22.0	0.1796973	wide
9	18	False	True	True	False	23.0	0.12836604	wide
9	18	False	True	True	False	24.0	0.09287258	wide
9	18	False	True	True	False	25.0	0.06859515	wide
9	18	False	True	True	False	26.0	0.052072104	wide
9	18	False	True	True	False	27.0	0.040816482	wide
9	18	False	True	True	False	28.0	0.033093616	wide
9	18	False	True	True	False	29.0	0.027719043	wide
9	18	False	True	True	False	30.0	0.023897184	wide
9	18	False	True	True	False	31.0	0.02110058	wide
9	18	False	True	True	False	32.0	0.018983042	wide
9	18	False	True	True	False	33.0	0.017319122	wide
9	18	False	True	True	False	34.0	0.015962737	wide
9	18	False	True	True	False	35.0	0.014819437	wide
9	18	False	True	True	False	36.0	0.013828064	wide
9	18	False	True	True	False	37.0	0.012948853	wide
9	18	False	True	True	False	38.0	0.012155691	wide
9	18	False	True	True	False	39.0	0.011431167	wide
9	18	False	True	True	False	40.0	0.010763441	wide
9	18	False	True	True	True	10.0	4.679745	narrow
9	18	False	True	True	True	11.0	4.002042	narrow
9	18	False	True	True	True	12.0	4.8516626	narrow
9	18	False	True	True	True	13.0	4.1766768	narrow
9	18	False	True	True	True	14.0	2.9504666	narrow
9	18	False	True	True	True	15.0	1.7985907	narrow
9	18	False	True	True	True	16.0	1.0078881	narrow
9	18	False	True	True	True	17.0	0.54858756	narrow
9	18	False	True	True	True	18.0	0.30470282	narrow
9	18	False	True	True	True	19.0	0.18040156	narrow
9	18	False	True	True	True	20.0	0.1173005	narrow
9	18	False	True	True	True	21.0	0.08431343	narrow
9	18	False	True	True	True	22.0	0.06596208	narrow
9	18	False	True	True	True	23.0	0.054786637	narrow
9	18	False	True	True	True	24.0	0.04723699	narrow
9	18	False	True	True	True	25.0	0.041621972	narrow
9	18	False	True	True	True	10.0	5.3936043	wide
9	18	False	True	True	True	11.0	3.771722	wide
9	18	False	True	True	True	12.0	3.47441	wide
9	18	False	True	True	True	13.0	3.0775049	wide
9	18	False	True	True	True	14.0	2.2416978	wide
9	18	False	True	True	True	15.0	1.691447	wide
9	18	False	True	True	True	16.0	1.2365332	wide
9	18	False	True	True	True	17.0	0.85840875	wide
9	18	False	True	True	True	18.0	0.6212376	wide
9	18	False	True	True	True	19.0	0.4504929	wide
9	18	False	True	True	True	20.0	0.32312045	wide
9	18	False	True	True	True	21.0	0.22981036	wide
9	18	False	True	True	True	22.0	0.16314226	wide
9	18	False	True	True	True	23.0	0.116533175	wide
9	18	False	True	True	True	24.0	0.084454566	wide
9	18	False	True	True	True	25.0	0.06258132	wide
9	18	False	True	True	True	26.0	0.047715545	wide
9	18	False	True	True	True	27.0	0.037584875	wide
9	18	False	True	True	True	28.0	0.0306187	wide
9	18	False	True	True	True	29.0	0.025752135	wide
9	18	False	True	True	True	30.0	0.022273596	wide
9	18	False	True	True	True	31.0	0.019712843	wide
9	18	False	True	True	True	32.0	0.017761724	wide
9	18	False	True	True	True	33.0	0.016219586	wide
9	18	False	True	True	True	34.0	0.014956254	wide
9	18	False	True	True	True	35.0	0.013887347	wide
9	18	False	True	True	True	36.0	0.012958053	wide
9	18	False	True	True	True	37.0	0.012132539	wide
9	18	False	True	True	True	38.0	0.011387164	wide
9	18	False	True	True	True	39.0	0.010706043	wide
9	18	False	True	True	True	40.0	0.010078313	wide
9	18	False	True	True	True	10.0	5.145339	narrow
9	18	False	True	True	True	11.0	4.364031	narrow
9	18	False	True	True	True	12.0	5.3266773	narrow
9	18	False	True	True	True	13.0	4.758187	narrow
9	18	False	True	True	True	14.0	3.446701	narrow
9	18	False	True	True	True	15.0	2.1370394	narrow
9	18	False	True	True	True	16.0	1.2083846	narrow
9	18	False	True	True	True	17.0	0.6586307	narrow
9	18	False	True	True	True	18.0	0.36391264	narrow
9	18	False	True	True	True	19.0	0.2133675	narrow
9	18	False	True	True	True	20.0	0.1372328	narrow
9	18	False	True	True	True	21.0	0.09777646	narrow
9	18	False	True	True	True	22.0	0.076088	narrow
9	18	False	True	True	True	23.0	0.06304779	narrow
9	18	False	True	True	True	24.0	0.054331016	narrow
9	18	False	True	True	True	25.0	0.047891226	narrow
9	18	False	True	True	True	10.0	5.892263	wide
9	18	False	True	True	True	11.0	4.173894	wide
9	18	False	True	True	True	12.0	3.853648	wide
9	18	False	True	True	True	13.0	3.4060206	wide
9	18	False	True	True	True	14.0	2.525748	wide
9	18	False	True	True	True	15.0	1.9163611	wide
9	18	False	True	True	True	16.0	1.4191462	wide
9	18	False	True	True	True	17.0	1.0111109	wide
9	18	False	True	True	True	18.0	0.7440246	wide
9	18	False	True	True	True	19.0	0.5463624	wide
9	18	False	True	True	True	20.0	0.3959698	wide
9	18	False	True	True	True	21.0	0.28381714	wide
9	18	False	True	True	True	22.0	0.2023903	wide
9	18	False	True	True	True	23.0	0.14466952	wide
9	18	False	True	True	True	24.0	0.10450245	wide
9	18	False	True	True	True	25.0	0.07690348	wide
9	18	False	True	True	True	26.0	0.05807374	wide
9	18	False	True	True	True	27.0	0.04524356	wide
9	18	False	True	True	True	28.0	0.03645758	wide
9	18	False	True	True	True	29.0	0.030367834	wide
9	18	False	True	True	True	30.0	0.026062656	wide
9	18	False	True	True	True	31.0	0.022934765	wide
9	18	False	True	True	True	32.0	0.020584572	wide
9	18	False	True	True	True	33.0	0.018751618	wide
9	18	False	True	True	True	34.0	0.017267251	wide
9	18	False	True	True	True	35.0	0.016022665	wide
9	18	False	True	True	True	36.0	0.014947664	wide
9	18	False	True	True	True	37.0	0.013996791	wide
9	18	False	True	True	True	38.0	0.013140384	wide
9	18	False	True	True	True	39.0	0.012358804	wide
9	18	False	True	True	True	40.0	0.011638813	wide
10	15	False	True	True	False	10.0	3.5384943	narrow
10	15	False	True	True	False	11.0	1.0885845	narrow
10	15	False	True	True	False	12.0	0.4272866	narrow
10	15	False	True	True	False	13.0	0.24225953	narrow
10	15	False	True	True	False	14.0	0.19173615	narrow
10	15	False	True	True	False	15.0	0.1771197	narrow
10	15	False	True	True	False	16.0	0.16800545	narrow
10	15	False	True	True	False	17.0	0.15759298	narrow
10	15	False	True	True	False	18.0	0.14695255	narrow
10	15	False	True	True	False	19.0	0.13892859	narrow
10	15	False	True	True	False	20.0	0.13757621	narrow
10	15	False	True	True	False	21.0	0.14699394	narrow
10	15	False	True	True	False	22.0	0.16832858	narrow
10	15	False	True	True	False	23.0	0.19925073	narrow
10	15	False	True	True	False	24.0	0.2364738	narrow
10	15	False	True	True	False	25.0	0.2776381	narrow
10	15	False	True	True	False	10.0	8.075274	wide
10	15	False	True	True	False	11.0	2.9540546	wide
10	15	False	True	True	False	12.0	1.1464165	wide
10	15	False	True	True	False	13.0	0.4867206	wide
10	15	False	True	True	False	14.0	0.23276423	wide
10	15	False	True	True	False	15.0	0.1296987	wide
10	15	False	True	True	False	16.0	0.086248815	wide
10	15	False	True	True	False	17.0	0.06782064	wide
10	15	False	True	True	False	18.0	0.060421556	wide
10	15	False	True	True	False	19.0	0.057902224	wide
10	15	False	True	True	False	20.0	0.057264358	wide
10	15	False	True	True	False	21.0	0.056923967	wide
10	15	False	True	True	False	22.0	0.05608428	wide
10	15	False	True	True	False	23.0	0.05448415	wide
10	15	False	True	True	False	24.0	0.05222207	wide
10	15	False	True	True	False	25.0	0.049571987	wide
10	15	False	True	True	False	26.0	0.046825655	wide
10	15	False	True	True	False	27.0	0.044220373	wide
10	15	False	True	True	False	28.0	0.041957956	wide
10	15	False	True	True	False	29.0	0.040254753	wide
10	15	False	True	True	False	30.0	0.039351627	wide
10	15	False	True	True	False	31.0	0.03946248	wide
10	15	False	True	True	False	32.0	0.040699285	wide
10	15	False	True	True	False	33.0	0.04302877	wide
10	15	False	True	True	False	34.0	0.04628929	wide
10	15	False	True	True	False	35.0	0.050254498	wide
10	15	False	True	True	False	36.0	0.05470662	wide
10	15	False	True	True	False	37.0	0.059487455	wide
10	15	False	True	True	False	38.0	0.064512	wide
10	15	False	True	True	False	39.0	0.06975165	wide
10	15	False	True	True	False	40.0	0.07520073	wide
10	15	False	True	True	True	10.0	3.246222	narrow
10	15	False	True	True	True	11.0	1.0137634	narrow
10	15	False	True	True	True	12.0	0.41034523	narrow
10	15	False	True	True	True	13.0	0.24309947	narrow
10	15	False	True	True	True	14.0	0.19903393	narrow
10	15	False	True	True	True	15.0	0.18679115	narrow
10	15	False	True	True	True	16.0	0.17797205	narrow
10	15	False	True	True	True	17.0	0.16663982	narrow
10	15	False	True	True	True	18.0	0.1545589	narrow
10	15	False	True	True	True	19.0	0.14513272	narrow
10	15	False	True	True	True	20.0	0.14267483	narrow
10	15	False	True	True	True	21.0	0.15117514	narrow
10	15	False	True	True	True	22.0	0.17137924	narrow
10	15	False	True	True	True	23.0	0.20040913	narrow
10	15	False	True	True	True	24.0	0.23445253	narrow
10	15	False	True	True	True	25.0	0.27083096	narrow
10	15	False	True	True	True	10.0	7.3969836	wide
10	15	False	True	True	True	11.0	2.7185361	wide
10	15	False	True	True	True	12.0	1.0614979	wide
10	15	False	True	True	True	13.0	0.45498034	wide
10	15	False	True	True	True	14.0	0.22102945	wide
10	15	False	True	True	True	15.0	0.12601164	wide
10	15	False	True	True	True	16.0	0.08604424	wide
10	15	False	True	True	True	17.0	0.0692831	wide
10	15	False	True	True	True	18.0	0.06280447	wide
10	15	False	True	True	True	19.0	0.060870927	wide
10	15	False	True	True	True	20.0	0.060626958	wide
10	15	False	True	True	True	21.0	0.060524937	wide
10	15	False	True	True	True	22.0	0.059772376	wide
10	15	False	True	True	True	23.0	0.058114182	wide
10	15	False	True	True	True	24.0	0.055669	wide
10	15	False	True	True	True	25.0	0.052744985	wide
10	15	False	True	True	True	26.0	0.049675785	wide
10	15	False	True	True	True	27.0	0.04674	wide
10	15	False	True	True	True	28.0	0.044172827	wide
10	15	False	True	True	True	29.0	0.042211615	wide
10	15	False	True	True	True	30.0	0.0411046	wide
10	15	False	True	True	True	31.0	0.041060757	wide
10	15	False	True	True	True	32.0	0.042177603	wide
10	15	False	True	True	True	33.0	0.044400923	wide
10	15	False	True	True	True	34.0	0.047544226	wide
10	15	False	True	True	True	35.0	0.051354617	wide
10	15	False	True	True	True	36.0	0.055587817	wide
10	15	False	True	True	True	37.0	0.06006101	wide
10	15	False	True	True	True	38.0	0.06466823	wide
10	15	False	True	True	True	39.0	0.069365606	wide
10	15	False	True	True	True	40.0	0.074139886	wide
10	15	False	True	True	True	10.0	3.932898	narrow
10	15	False	True	True	True	11.0	1.1925279	narrow
10	15	False	True	True	True	12.0	0.45449612	narrow
10	15	False	True	True	True	13.0	0.2464001	narrow
10	15	False	True	True	True	14.0	0.18787733	narrow
10	15	False	True	True	True	15.0	0.17042935	narrow
10	15	False	True	True	True	16.0	0.16082203	narrow
10	15	False	True	True	True	17.0	0.15115336	narrow
10	15	False	True	True	True	18.0	0.14178525	narrow
10	15	False	True	True	True	19.0	0.13507392	narrow
10	15	False	True	True	True	20.0	0.1349212	narrow
10	15	False	True	True	True	21.0	0.14567333	narrow
10	15	False	True	True	True	22.0	0.16906707	narrow
10	15	False	True	True	True	23.0	0.20355591	narrow
10	15	False	True	True	True	24.0	0.24660684	narrow
10	15	False	True	True	True	25.0	0.29629838	narrow
10	15	False	True	True	True	10.0	8.987513	wide
10	15	False	True	True	True	11.0	3.271133	wide
10	15	False	True	True	True	12.0	1.2614638	wide
10	15	False	True	True	True	13.0	0.5305543	wide
10	15	False	True	True	True	14.0	0.24984701	wide
10	15	False	True	True	True	15.0	0.13605383	wide
10	15	False	True	True	True	16.0	0.08801608	wide
10	15	False	True	True	True	17.0	0.06746571	wide
10	15	False	True	True	True	18.0	0.058971647	wide
10	15	False	True	True	True	19.0	0.055813797	wide
10	15	False	True	True	True	20.0	0.054777555	wide
10	15	False	True	True	True	21.0	0.054206382	wide
10	15	False	True	True	True	22.0	0.053281493	wide
10	15	False	True	True	True	23.0	0.05172836	wide
10	15	False	True	True	True	24.0	0.049624585	wide
10	15	False	True	True	True	25.0	0.04721322	wide
10	15	False	True	True	True	26.0	0.044749472	wide
10	15	False	True	True	True	27.0	0.04243533	wide
10	15	False	True	True	True	28.0	0.040444847	wide
10	15	False	True	True	True	29.0	0.038978267	wide
10	15	False	True	True	True	30.0	0.03827341	wide
10	15	False	True	True	True	31.0	0.03855325	wide
10	15	False	True	True	True	32.0	0.039948836	wide
10	15	False	True	True	True	33.0	0.042453494	wide
10	15	False	True	True	True	34.0	0.04593747	wide
10	15	False	True	True	True	35.0	0.050209586	wide
10	15	False	True	True	True	36.0	0.055088334	wide
10	15	False	True	True	True	37.0	0.060450345	wide
10	15	False	True	True	True	38.0	0.06624076	wide
10	15	False	True	True	True	39.0	0.07245307	wide
10	15	False	True	True	True	40.0	0.07909205	wide
10	18	False	True	True	False	10.0	6.083207	narrow
10	18	False	True	True	False	11.0	5.469111	narrow
10	18	False	True	True	False	12.0	0.34790313	narrow
10	18	False	True	True	False	13.0	0.23361877	narrow
10	18	False	True	True	False	14.0	0.22071257	narrow
10	18	False	True	True	False	15.0	0.22217211	narrow
10	18	False	True	True	False	16.0	0.21377283	narrow
10	18	False	True	True	False	17.0	0.1963522	narrow
10	18	False	True	True	False	18.0	0.18340969	narrow
10	18	False	True	True	False	19.0	0.18927532	narrow
10	18	False	True	True	False	20.0	0.22367483	narrow
10	18	False	True	True	False	21.0	0.2956858	narrow
10	18	False	True	True	False	22.0	0.422461	narrow
10	18	False	True	True	False	23.0	0.6343199	narrow
10	18	False	True	True	False	24.0	0.9661632	narrow
10	18	False	True	True	False	25.0	1.429219	narrow
10	18	False	True	True	False	10.0	8.193018	wide
10	18	False	True	True	False	11.0	5.70127	wide
10	18	False	True	True	False	12.0	2.8311439	wide
10	18	False	True	True	False	13.0	0.7388308	wide
10	18	False	True	True	False	14.0	0.28735185	wide
10	18	False	True	True	False	15.0	0.14794803	wide
10	18	False	True	True	False	16.0	0.09009174	wide
10	18	False	True	True	False	17.0	0.06475696	wide
10	18	False	True	True	False	18.0	0.053015757	wide
10	18	False	True	True	False	19.0	0.047294497	wide
10	18	False	True	True	False	20.0	0.044388495	wide
10	18	False	True	True	False	21.0	0.042818308	wide
10	18	False	True	True	False	22.0	0.04182456	wide
10	18	False	True	True	False	23.0	0.040986862	wide
10	18	False	True	True	False	24.0	0.040078346	wide
10	18	False	True	True	False	25.0	0.039004322	wide
10	18	False	True	True	False	26.0	0.037768085	wide
10	18	False	True	True	False	27.0	0.036443777	wide
10	18	False	True	True	False	28.0	0.03515141	wide
10	18	False	True	True	False	29.0	0.034034673	wide
10	18	False	True	True	False	30.0	0.033242937	wide
10	18	False	True	True	False	31.0	0.032918572	wide
10	18	False	True	True	False	32.0	0.033190176	wide
10	18	False	True	True	False	33.0	0.034170676	wide
10	18	False	True	True	False	34.0	0.03595936	wide
10	18	False	True	True	False	35.0	0.038646355	wide
10	18	False	True	True	False	36.0	0.042317532	wide
10	18	False	True	True	False	37.0	0.04705912	wide
10	18	False	True	True	False	38.0	0.052959565	wide
10	18	False	True	True	False	39.0	0.06010906	wide
10	18	False	True	True	False	40.0	0.06859455	wide
10	18	False	True	True	True	10.0	5.5102005	narrow
10	18	False	True	True	True	11.0	4.9347115	narrow
10	18	False	True	True	True	12.0	0.35122722	narrow
10	18	False	True	True	True	13.0	0.24621148	narrow
10	18	False	True	True	True	14.0	0.23631124	narrow
10	18	False	True	True	True	15.0	0.23869927	narrow
10	18	False	True	True	True	16.0	0.2291607	narrow
10	18	False	True	True	True	17.0	0.20897919	narrow
10	18	False	True	True	True	18.0	0.19282308	narrow
10	18	False	True	True	True	19.0	0.19589907	narrow
10	18	False	True	True	True	20.0	0.22760135	narrow
10	18	False	True	True	True	21.0	0.29494378	narrow
10	18	False	True	True	True	22.0	0.41079435	narrow
10	18	False	True	True	True	23.0	0.598716	narrow
10	18	False	True	True	True	24.0	0.8859151	narrow
10	18	False	True	True	True	25.0	1.2799419	narrow
10	18	False	True	True	True	10.0	7.6097603	wide
10	18	False	True	True	True	11.0	5.216327	wide
10	18	False	True	True	True	12.0	2.5874968	wide
10	18	False	True	True	True	13.0	0.6916013	wide
10	18	False	True	True	True	14.0	0.2756722	wide
10	18	False	True	True	True	15.0	0.14530602	wide
10	18	False	True	True	True	16.0	0.09082329	wide
10	18	False	True	True	True	17.0	0.06676918	wide
10	18	False	True	True	True	18.0	0.05553234	wide
10	18	False	True	True	True	19.0	0.050030377	wide
10	18	False	True	True	True	20.0	0.047236007	wide
10	18	False	True	True	True	21.0	0.045726076	wide
10	18	False	True	True	True	22.0	0.04475235	wide
10	18	False	True	True	True	23.0	0.04389154	wide
10	18	False	True	True	True	24.0	0.042912547	wide
10	18	False	True	True	True	25.0	0.04171999	wide
10	18	False	True	True	True	26.0	0.040320944	wide
10	18	False	True	True	True	27.0	0.038796995	wide
10	18	False	True	True	True	28.0	0.037277516	wide
10	18	False	True	True	True	29.0	0.03591551	wide
10	18	False	True	True	True	30.0	0.034867898	wide
10	18	False	True	True	True	31.0	0.03428139	wide
10	18	False	True	True	True	32.0	0.034284685	wide
10	18	False	True	True	True	33.0	0.034985933	wide
10	18	False	True	True	True	34.0	0.036474414	wide
10	18	False	True	True	True	35.0	0.038824968	wide
10	18	False	True	True	True	36.0	0.04210301	wide
10	18	False	True	True	True	37.0	0.046369564	wide
10	18	False	True	True	True	38.0	0.051683854	wide
10	18	False	True	True	True	39.0	0.058103982	wide
10	18	False	True	True	True	40.0	0.06568363	wide
10	18	False	True	True	True	10.0	6.843754	narrow
10	18	False	True	True	True	11.0	6.1546907	narrow
10	18	False	True	True	True	12.0	0.35000747	narrow
10	18	False	True	True	True	13.0	0.22441207	narrow
10	18	False	True	True	True	14.0	0.20847405	narrow
10	18	False	True	True	True	15.0	0.20915857	narrow
10	18	False	True	True	True	16.0	0.20180428	narrow
10	18	False	True	True	True	17.0	0.1868247	narrow
10	18	False	True	True	True	18.0	0.17678857	narrow
10	18	False	True	True	True	19.0	0.1854448	narrow
10	18	False	True	True	True	20.0	0.22322358	narrow
10	18	False	True	True	True	21.0	0.3020701	narrow
10	18	False	True	True	True	22.0	0.4453559	narrow
10	18	False	True	True	True	23.0	0.6938324	narrow
10	18	False	True	True	True	24.0	1.0948672	narrow
10	18	False	True	True	True	25.0	1.6661518	narrow
10	18	False	True	True	True	10.0	9.014626	wide
10	18	False	True	True	True	11.0	6.3515625	wide
10	18	False	True	True	True	12.0	3.1535692	wide
10	18	False	True	True	True	13.0	0.8042948	wide
10	18	False	True	True	True	14.0	0.30505636	wide
10	18	False	True	True	True	15.0	0.15325856	wide
10	18	False	True	True	True	16.0	0.09077227	wide
10	18	False	True	True	True	17.0	0.063672796	wide
10	18	False	True	True	True	18.0	0.05124004	wide
10	18	False	True	True	True	19.0	0.045230504	wide
10	18	False	True	True	True	20.0	0.042191595	wide
10	18	False	True	True	True	21.0	0.040557936	wide
10	18	False	True	True	True	22.0	0.039545435	wide
10	18	False	True	True	True	23.0	0.038730074	wide
10	18	False	True	True	True	24.0	0.03788615	wide
10	18	False	True	True	True	25.0	0.036918767	wide
10	18	False	True	True	True	26.0	0.03582802	wide
10	18	False	True	True	True	27.0	0.03468228	wide
10	18	False	True	True	True	28.0	0.033594653	wide
10	18	False	True	True	True	29.0	0.032702427	wide
10	18	False	True	True	True	30.0	0.03215077	wide
10	18	False	True	True	True	31.0	0.03208143	wide
10	18	False	True	True	True	32.0	0.032627124	wide
10	18	False	True	True	True	33.0	0.03391056	wide
10	18	False	True	True	True	34.0	0.03604717	wide
10	18	False	True	True	True	35.0	0.039150126	wide
10	18	False	True	True	True	36.0	0.04333552	wide
10	18	False	True	True	True	37.0	0.048726853	wide
10	18	False	True	True	True	38.0	0.05545635	wide
10	18	False	True	True	True	39.0	0.06366299	wide
10	18	False	True	True	True	40.0	0.073485285	wide
12	15	False	True	True	False	10.0	4.2638655	narrow
12	15	False	True	True	False	11.0	8.070372	narrow
12	15	False	True	True	False	12.0	9.543348	narrow
12	15	False	True	True	False	13.0	8.343658	narrow
12	15	False	True	True	False	14.0	5.879625	narrow
12	15	False	True	True	False	15.0	3.9454036	narrow
12	15	False	True	True	False	16.0	2.766814	narrow
12	15	False	True	True	False	17.0	2.1059988	narrow
12	15	False	True	True	False	18.0	1.7333679	narrow
12	15	False	True	True	False	19.0	1.5061275	narrow
12	15	False	True	True	False	20.0	1.3476244	narrow
12	15	False	True	True	False	21.0	1.2203244	narrow
12	15	False	True	True	False	22.0	1.1075244	narrow
12	15	False	True	True	False	23.0	1.0027707	narrow
12	15	False	True	True	False	24.0	0.9042283	narrow
12	15	False	True	True	False	25.0	0.8118565	narrow
12	15	False	True	True	False	10.0	1.6621103	wide
12	15	False	True	True	False	11.0	2.6399183	wide
12	15	False	True	True	False	12.0	3.0314457	wide
12	15	False	True	True	False	13.0	3.2042453	wide
12	15	False	True	True	False	14.0	3.0802333	wide
12	15	False	True	True	False	15.0	2.6769767	wide
12	15	False	True	True	False	16.0	2.1652894	wide
12	15	False	True	True	False	17.0	1.6892995	wide
12	15	False	True	True	False	18.0	1.304287	wide
12	15	False	True	True	False	19.0	1.0134556	wide
12	15	False	True	True	False	20.0	0.8013155	wide
12	15	False	True	True	False	21.0	0.6488771	wide
12	15	False	True	True	False	22.0	0.53947693	wide
12	15	False	True	True	False	23.0	0.4602792	wide
12	15	False	True	True	False	24.0	0.40200654	wide
12	15	False	True	True	False	25.0	0.35816586	wide
12	15	False	True	True	False	26.0	0.32428557	wide
12	15	False	True	True	False	27.0	0.29731098	wide
12	15	False	True	True	False	28.0	0.27516326	wide
12	15	False	True	True	False	29.0	0.25643116	wide
12	15	False	True	True	False	30.0	0.2401581	wide
12	15	False	True	True	False	31.0	0.22569545	wide
12	15	False	True	True	False	32.0	0.21260387	wide
12	15	False	True	True	False	33.0	0.200585	wide
12	15	False	True	True	False	34.0	0.18943572	wide
12	15	False	True	True	False	35.0	0.17901666	wide
12	15	False	True	True	False	36.0	0.16923106	wide
12	15	False	True	True	False	37.0	0.16001049	wide
12	15	False	True	True	False	38.0	0.15130506	wide
12	15	False	True	True	False	39.0	0.14307731	wide
12	15	False	True	True	False	40.0	0.13529718	wide
12	15	False	True	True	True	10.0	3.9341922	narrow
12	15	False	True	True	True	11.0	7.613625	narrow
12	15	False	True	True	True	12.0	9.048949	narrow
12	15	False	True	True	True	13.0	7.8853073	narrow
12	15	False	True	True	True	14.0	5.509913	narrow
12	15	False	True	True	True	15.0	3.6574116	narrow
12	15	False	True	True	True	16.0	2.5368624	narrow
12	15	False	True	True	True	17.0	1.9140372	narrow
12	15	False	True	True	True	18.0	1.566261	narrow
12	15	False	True	True	True	19.0	1.356324	narrow
12	15	False	True	True	True	20.0	1.211193	narrow
12	15	False	True	True	True	21.0	1.0953748	narrow
12	15	False	True	True	True	22.0	0.9931666	narrow
12	15	False	True	True	True	23.0	0.8985143	narrow
12	15	False	True	True	True	24.0	0.8096711	narrow
12	15	False	True	True	True	25.0	0.7265514	narrow
12	15	False	True	True	True	10.0	1.5216163	wide
12	15	False	True	True	True	11.0	2.4729047	wide
12	15	False	True	True	True	12.0	2.8592935	wide
12	15	False	True	True	True	13.0	3.0328944	wide
12	15	False	True	True	True	14.0	2.917923	wide
12	15	False	True	True	True	15.0	2.5319655	wide
12	15	False	True	True	True	16.0	2.0409546	wide
12	15	False	True	True	True	17.0	1.5851089	wide
12	15	False	True	True	True	18.0	1.2175564	wide
12	15	False	True	True	True	19.0	0.94087833	wide
12	15	False	True	True	True	20.0	0.7398175	wide
12	15	False	True	True	True	21.0	0.5959238	wide
12	15	False	True	True	True	22.0	0.49310106	wide
12	15	False	True	True	True	23.0	0.41900226	wide
12	15	False	True	True	True	24.0	0.36473665	wide
12	15	False	True	True	True	25.0	0.32410318	wide
12	15	False	True	True	True	26.0	0.29284623	wide
12	15	False	True	True	True	27.0	0.26806772	wide
12	15	False	True	True	True	28.0	0.24780199	wide
12	15	False	True	True	True	29.0	0.23071846	wide
12	15	False	True	True	True	30.0	0.215918	wide
12	15	False	True	True	True	31.0	0.20279291	wide
12	15	False	True	True	True	32.0	0.19093241	wide
12	15	False	True	True	True	33.0	0.18005848	wide
12	15	False	True	True	True	34.0	0.1699822	wide
12	15	False	True	True	True	35.0	0.1605744	wide
12	15	False	True	True	True	36.0	0.15174548	wide
12	15	False	True	True	True	37.0	0.14343205	wide
12	15	False	True	True	True	38.0	0.13558824	wide
12	15	False	True	True	True	39.0	0.12817916	wide
12	15	False	True	True	True	40.0	0.12117731	wide
12	15	False	True	True	True	10.0	4.7204547	narrow
12	15	False	True	True	True	11.0	8.697336	narrow
12	15	False	True	True	True	12.0	10.226141	narrow
12	15	False	True	True	True	13.0	8.970685	narrow
12	15	False	True	True	True	14.0	6.382007	narrow
12	15	False	True	True	True	15.0	4.335432	narrow
12	15	False	True	True	True	16.0	3.078287	narrow
12	15	False	True	True	True	17.0	2.3667607	narrow
12	15	False	True	True	True	18.0	1.9612975	narrow
12	15	False	True	True	True	19.0	1.7113112	narrow
12	15	False	True	True	True	20.0	1.535191	narrow
12	15	False	True	True	True	21.0	1.392647	narrow
12	15	False	True	True	True	22.0	1.2656432	narrow
12	15	False	True	True	True	23.0	1.147217	narrow
12	15	False	True	True	True	24.0	1.035443	narrow
12	15	False	True	True	True	25.0	0.93036884	narrow
12	15	False	True	True	True	10.0	1.8574498	wide
12	15	False	True	True	True	11.0	2.8673909	wide
12	15	False	True	True	True	12.0	3.2697105	wide
12	15	False	True	True	True	13.0	3.4420083	wide
12	15	False	True	True	True	14.0	3.3042865	wide
12	15	False	True	True	True	15.0	2.8759608	wide
12	15	False	True	True	True	16.0	2.3349771	wide
12	15	False	True	True	True	17.0	1.8308731	wide
12	15	False	True	True	True	18.0	1.4217517	wide
12	15	False	True	True	True	19.0	1.1115402	wide
12	15	False	True	True	True	20.0	0.88434213	wide
12	15	False	True	True	True	21.0	0.7203693	wide
12	15	False	True	True	True	22.0	0.60214406	wide
12	15	False	True	True	True	23.0	0.5161407	wide
12	15	False	True	True	True	24.0	0.45254207	wide
12	15	False	True	True	True	25.0	0.40445048	wide
12	15	False	True	True	True	26.0	0.3670989	wide
12	15	False	True	True	True	27.0	0.33721852	wide
12	15	False	True	True	True	28.0	0.31257844	wide
12	15	False	True	True	True	29.0	0.29165864	wide
12	15	False	True	True	True	30.0	0.2734259	wide
12	15	False	True	True	True	31.0	0.25717798	wide
12	15	False	True	True	True	32.0	0.24243742	wide
12	15	False	True	True	True	33.0	0.22887973	wide
12	15	False	True	True	True	34.0	0.21628337	wide
12	15	False	True	True	True	35.0	0.20449626	wide
12	15	False	True	True	True	36.0	0.1934125	wide
12	15	False	True	True	True	37.0	0.18295756	wide
12	15	False	True	True	True	38.0	0.1730769	wide
12	15	False	True	True	True	39.0	0.1637296	wide
12	15	False	True	True	True	40.0	0.15488297	wide
12	18	False	True	True	False	10.0	4.547935	narrow
12	18	False	True	True	False	11.0	8.231389	narrow
12	18	False	True	True	False	12.0	8.002159	narrow
12	18	False	True	True	False	13.0	6.802428	narrow
12	18	False	True	True	False	14.0	5.1038876	narrow
12	18	False	True	True	False	15.0	3.7248197	narrow
12	18	False	True	True	False	16.0	2.7851107	narrow
12	18	False	True	True	False	17.0	2.1823502	narrow
12	18	False	True	True	False	18.0	1.7946196	narrow
12	18	False	True	True	False	19.0	1.5325309	narrow
12	18	False	True	True	False	20.0	1.3409581	narrow
12	18	False	True	True	False	21.0	1.1889968	narrow
12	18	False	True	True	False	22.0	1.0604211	narrow
12	18	False	True	True	False	23.0	0.94713694	narrow
12	18	False	True	True	False	24.0	0.8452672	narrow
12	18	False	True	True	False	25.0	0.75298184	narrow
12	18	False	True	True	False	10.0	2.683853	wide
12	18	False	True	True	False	11.0	4.6004953	wide
12	18	False	True	True	False	12.0	4.0310593	wide
12	18	False	True	True	False	13.0	3.7970936	wide
12	18	False	True	True	False	14.0	3.3108366	wide
12	18	False	True	True	False	15.0	2.6916387	wide
12	18	False	True	True	False	16.0	2.1002934	wide
12	18	False	True	True	False	17.0	1.6133239	wide
12	18	False	True	True	False	18.0	1.2426538	wide
12	18	False	True	True	False	19.0	0.971131	wide
12	18	False	True	True	False	20.0	0.7752594	wide
12	18	False	True	True	False	21.0	0.63428026	wide
12	18	False	True	True	False	22.0	0.5322446	wide
12	18	False	True	True	False	23.0	0.45759168	wide
12	18	False	True	True	False	24.0	0.4021515	wide
12	18	False	True	True	False	25.0	0.3602051	wide
12	18	False	True	True	False	26.0	0.3277574	wide
12	18	False	True	True	False	27.0	0.30201483	wide
12	18	False	True	True	False	28.0	0.28102207	wide
12	18	False	True	True	False	29.0	0.26341036	wide
12	18	False	True	True	False	30.0	0.24822286	wide
12	18	False	True	True	False	31.0	0.23479249	wide
12	18	False	True	True	False	32.0	0.22265613	wide
12	18	False	True	True	False	33.0	0.21149406	wide
12	18	False	True	True	False	34.0	0.20108698	wide
12	18	False	True	True	False	35.0	0.19128543	wide
12	18	False	True	True	False	36.0	0.18198852	wide
12	18	False	True	True	False	37.0	0.17312849	wide
12	18	False	True	True	False	38.0	0.16466014	wide
12	18	False	True	True	False	39.0	0.15655355	wide
12	18	False	True	True	False	40.0	0.14878808	wide
12	18	False	True	True	True	10.0	4.2223487	narrow
12	18	False	True	True	True	11.0	7.8270125	narrow
12	18	False	True	True	True	12.0	7.5683017	narrow
12	18	False	True	True	True	13.0	6.4057083	narrow
12	18	False	True	True	True	14.0	4.767602	narrow
12	18	False	True	True	True	15.0	3.445797	narrow
12	18	False	True	True	True	16.0	2.552388	narrow
12	18	False	True	True	True	17.0	1.9845657	narrow
12	18	False	True	True	True	18.0	1.622843	narrow
12	18	False	True	True	True	19.0	1.380707	narrow
12	18	False	True	True	True	20.0	1.2052822	narrow
12	18	False	True	True	True	21.0	1.0671175	narrow
12	18	False	True	True	True	22.0	0.9508101	narrow
12	18	False	True	True	True	23.0	0.84868544	narrow
12	18	False	True	True	True	24.0	0.75706184	narrow
12	18	False	True	True	True	25.0	0.67419136	narrow
12	18	False	True	True	True	10.0	2.4473884	wide
12	18	False	True	True	True	11.0	4.3635683	wide
12	18	False	True	True	True	12.0	3.7822323	wide
12	18	False	True	True	True	13.0	3.572678	wide
12	18	False	True	True	True	14.0	3.1183562	wide
12	18	False	True	True	True	15.0	2.5327625	wide
12	18	False	True	True	True	16.0	1.9713769	wide
12	18	False	True	True	True	17.0	1.5086864	wide
12	18	False	True	True	True	18.0	1.1567838	wide
12	18	False	True	True	True	19.0	0.8995111	wide
12	18	False	True	True	True	20.0	0.71442574	wide
12	18	False	True	True	True	21.0	0.58163947	wide
12	18	False	True	True	True	22.0	0.48587033	wide
12	18	False	True	True	True	23.0	0.41605806	wide
12	18	False	True	True	True	24.0	0.36440682	wide
12	18	False	True	True	True	25.0	0.32547677	wide
12	18	False	True	True	True	26.0	0.29548046	wide
12	18	False	True	True	True	27.0	0.27177784	wide
12	18	False	True	True	True	28.0	0.2525264	wide
12	18	False	True	True	True	29.0	0.2364388	wide
12	18	False	True	True	True	30.0	0.222617	wide
12	18	False	True	True	True	31.0	0.21043512	wide
12	18	False	True	True	True	32.0	0.19945903	wide
12	18	False	True	True	True	33.0	0.18938877	wide
12	18	False	True	True	True	34.0	0.18001834	wide
12	18	False	True	True	True	35.0	0.17120714	wide
12	18	False	True	True	True	36.0	0.16285995	wide
12	18	False	True	True	True	37.0	0.1549128	wide
12	18	False	True	True	True	38.0	0.14732258	wide
12	18	False	True	True	True	39.0	0.14006087	wide
12	18	False	True	True	True	40.0	0.13310757	wide
12	18	False	True	True	True	10.0	4.993406	narrow
12	18	False	True	True	True	11.0	8.790593	narrow
12	18	False	True	True	True	12.0	8.592771	narrow
12	18	False	True	True	True	13.0	7.3397665	narrow
12	18	False	True	True	True	14.0	5.5580764	narrow
12	18	False	True	True	True	15.0	4.101402	narrow
12	18	False	True	True	True	16.0	3.0997224	narrow
12	18	False	True	True	True	17.0	2.4506333	narrow
12	18	False	True	True	True	18.0	2.0285726	narrow
12	18	False	True	True	True	19.0	1.7401316	narrow
12	18	False	True	True	True	20.0	1.527119	narrow
12	18	False	True	True	True	21.0	1.3566965	narrow
12	18	False	True	True	True	22.0	1.2115663	narrow
12	18	False	True	True	True	23.0	1.0831099	narrow
12	18	False	True	True	True	24.0	0.96722394	narrow
12	18	False	True	True	True	25.0	0.86199856	narrow
12	18	False	True	True	True	10.0	3.0104084	wide
12	18	False	True	True	True	11.0	4.9359846	wide
12	18	False	True	True	True	12.0	4.3731713	wide
12	18	False	True	True	True	13.0	4.1048546	wide
12	18	False	True	True	True	14.0	3.5733557	wide
12	18	False	True	True	True	15.0	2.9071336	wide
12	18	False	True	True	True	16.0	2.2742913	wide
12	18	False	True	True	True	17.0	1.7539405	wide
12	18	False	True	True	True	18.0	1.3576405	wide
12	18	False	True	True	True	19.0	1.0668074	wide
12	18	False	True	True	True	20.0	0.8564493	wide
12	18	False	True	True	True	21.0	0.7045697	wide
12	18	False	True	True	True	22.0	0.5942727	wide
12	18	False	True	True	True	23.0	0.5132904	wide
12	18	False	True	True	True	24.0	0.45292974	wide
12	18	False	True	True	True	25.0	0.40708515	wide
12	18	False	True	True	True	26.0	0.37147725	wide
12	18	False	True	True	True	27.0	0.34310493	wide
12	18	False	True	True	True	28.0	0.31986186	wide
12	18	False	True	True	True	29.0	0.30027142	wide
12	18	False	True	True	True	30.0	0.2833003	wide
12	18	False	True	True	True	31.0	0.2682282	wide
12	18	False	True	True	True	32.0	0.2545555	wide
12	18	False	True	True	True	33.0	0.2419381	wide
12	18	False	True	True	True	34.0	0.23014058	wide
12	18	False	True	True	True	35.0	0.21900336	wide
12	18	False	True	True	True	36.0	0.20841932	wide
12	18	False	True	True	True	37.0	0.19831719	wide
12	18	False	True	True	True	38.0	0.18864974	wide
12	18	False	True	True	True	39.0	0.1793861	wide
12	18	False	True	True	True	40.0	0.17050554	wide
13	15	False	True	True	False	10.0	56.808926	narrow
13	15	False	True	True	False	11.0	13.516501	narrow
13	15	False	True	True	False	12.0	8.3076515	narrow
13	15	False	True	True	False	13.0	7.0853386	narrow
13	15	False	True	True	False	14.0	9.936663	narrow
13	15	False	True	True	False	15.0	8.3528385	narrow
13	15	False	True	True	False	16.0	2.6843495	narrow
13	15	False	True	True	False	17.0	1.4200631	narrow
13	15	False	True	True	False	18.0	1.023235	narrow
13	15	False	True	True	False	19.0	0.7470583	narrow
13	15	False	True	True	False	20.0	0.55459064	narrow
13	15	False	True	True	False	21.0	0.42025766	narrow
13	15	False	True	True	False	22.0	0.3272342	narrow
13	15	False	True	True	False	23.0	0.2653244	narrow
13	15	False	True	True	False	24.0	0.22897339	narrow
13	15	False	True	True	False	25.0	0.21533777	narrow
13	15	False	True	True	False	10.0	108.9616	wide
13	15	False	True	True	False	11.0	14.624299	wide
13	15	False	True	True	False	12.0	9.15255	wide
13	15	False	True	True	False	13.0	5.9215403	wide
13	15	False	True	True	False	14.0	4.281469	wide
13	15	False	True	True	False	15.0	3.1222475	wide
13	15	False	True	True	False	16.0	2.3411725	wide
13	15	False	True	True	False	17.0	3.2586646	wide
13	15	False	True	True	False	18.0	3.1251767	wide
13	15	False	True	True	False	19.0	0.97372454	wide
13	15	False	True	True	False	20.0	2.6201267	wide
13	15	False	True	True	False	21.0	2.007296	wide
13	15	False	True	True	False	22.0	0.551024	wide
13	15	False	True	True	False	23.0	0.3843259	wide
13	15	False	True	True	False	24.0	0.31247804	wide
13	15	False	True	True	False	25.0	0.2559289	wide
13	15	False	True	True	False	26.0	0.21118322	wide
13	15	False	True	True	False	27.0	0.17560388	wide
13	15	False	True	True	False	28.0	0.14717726	wide
13	15	False	True	True	False	29.0	0.124366	wide
13	15	False	True	True	False	30.0	0.10600402	wide
13	15	False	True	True	False	31.0	0.091215335	wide
13	15	False	True	True	False	32.0	0.079349436	wide
13	15	False	True	True	False	33.0	0.06992961	wide
13	15	False	True	True	False	34.0	0.06261086	wide
13	15	False	True	True	False	35.0	0.057144858	wide
13	15	False	True	True	False	36.0	0.053350426	wide
13	15	False	True	True	False	37.0	0.051088374	wide
13	15	False	True	True	False	38.0	0.050239954	wide
13	15	False	True	True	False	39.0	0.05068912	wide
13	15	False	True	True	False	40.0	0.052308716	wide
13	15	False	True	True	True	10.0	58.117256	narrow
13	15	False	True	True	True	11.0	14.316719	narrow
13	15	False	True	True	True	12.0	8.808313	narrow
13	15	False	True	True	True	13.0	7.410343	narrow
13	15	False	True	True	True	14.0	10.095362	narrow
13	15	False	True	True	True	15.0	8.724312	narrow
13	15	False	True	True	True	16.0	2.812838	narrow
13	15	False	True	True	True	17.0	1.4909289	narrow
13	15	False	True	True	True	18.0	1.0742725	narrow
13	15	False	True	True	True	19.0	0.78428996	narrow
13	15	False	True	True	True	20.0	0.58206886	narrow
13	15	False	True	True	True	21.0	0.4408257	narrow
13	15	False	True	True	True	22.0	0.3429633	narrow
13	15	False	True	True	True	23.0	0.2778003	narrow
13	15	False	True	True	True	24.0	0.23949543	narrow
13	15	False	True	True	True	25.0	0.22504361	narrow
13	15	False	True	True	True	10.0	110.935074	wide
13	15	False	True	True	True	11.0	15.738522	wide
13	15	False	True	True	True	12.0	9.7598295	wide
13	15	False	True	True	True	13.0	6.3056116	wide
13	15	False	True	True	True	14.0	4.5470448	wide
13	15	False	True	True	True	15.0	3.3109336	wide
13	15	False	True	True	True	16.0	2.4746764	wide
13	15	False	True	True	True	17.0	3.338904	wide
13	15	False	True	True	True	18.0	3.1771007	wide
13	15	False	True	True	True	19.0	1.0278087	wide
13	15	False	True	True	True	20.0	2.7380033	wide
13	15	False	True	True	True	21.0	2.0973709	wide
13	15	False	True	True	True	22.0	0.57957083	wide
13	15	False	True	True	True	23.0	0.40469038	wide
13	15	False	True	True	True	24.0	0.3289137	wide
13	15	False	True	True	True	25.0	0.26930973	wide
13	15	False	True	True	True	26.0	0.22216131	wide
13	15	False	True	True	True	27.0	0.18467437	wide
13	15	False	True	True	True	28.0	0.15472241	wide
13	15	False	True	True	True	29.0	0.1306853	wide
13	15	False	True	True	True	30.0	0.11133534	wide
13	15	False	True	True	True	31.0	0.09575045	wide
13	15	False	True	True	True	32.0	0.083245344	wide
13	15	False	True	True	True	33.0	0.07331746	wide
13	15	False	True	True	True	34.0	0.06560239	wide
13	15	False	True	True	True	35.0	0.059837505	wide
13	15	False	True	True	True	36.0	0.055830948	wide
13	15	False	True	True	True	37.0	0.053435184	wide
13	15	False	True	True	True	38.0	0.052524514	wide
13	15	False	True	True	True	39.0	0.052976355	wide
13	15	False	True	True	True	40.0	0.05465689	wide
13	15	False	True	True	True	10.0	55.884445	narrow
13	15	False	True	True	True	11.0	12.906383	narrow
13	15	False	True	True	True	12.0	7.9364796	narrow
13	15	False	True	True	True	13.0	6.8517146	narrow
13	15	False	True	True	True	14.0	9.839866	narrow
13	15	False	True	True	True	15.0	8.040378	narrow
13	15	False	True	True	True	16.0	2.5889935	narrow
13	15	False	True	True	True	17.0	1.3717159	narrow
13	15	False	True	True	True	18.0	0.9885606	narrow
13	15	False	True	True	True	19.0	0.72183204	narrow
13	15	False	True	True	True	20.0	0.5360342	narrow
13	15	False	True	True	True	21.0	0.40642464	narrow
13	15	False	True	True	True	22.0	0.31668213	narrow
13	15	False	True	True	True	23.0	0.25691438	narrow
13	15	False	True	True	True	24.0	0.22173311	narrow
13	15	False	True	True	True	25.0	0.20837937	narrow
13	15	False	True	True	True	10.0	107.56894	wide
13	15	False	True	True	True	11.0	13.751923	wide
13	15	False	True	True	True	12.0	8.684045	wide
13	15	False	True	True	True	13.0	5.6303225	wide
13	15	False	True	True	True	14.0	4.082794	wide
13	15	False	True	True	True	15.0	2.9826822	wide
13	15	False	True	True	True	16.0	2.2437596	wide
13	15	False	True	True	True	17.0	3.2050188	wide
13	15	False	True	True	True	18.0	3.0933564	wide
13	15	False	True	True	True	19.0	0.93552166	wide
13	15	False	True	True	True	20.0	2.5198953	wide
13	15	False	True	True	True	21.0	1.9310834	wide
13	15	False	True	True	True	22.0	0.5307141	wide
13	15	False	True	True	True	23.0	0.3704702	wide
13	15	False	True	True	True	24.0	0.30135164	wide
13	15	False	True	True	True	25.0	0.24690676	wide
13	15	False	True	True	True	26.0	0.2038072	wide
13	15	False	True	True	True	27.0	0.16953056	wide
13	15	False	True	True	True	28.0	0.14214332	wide
13	15	False	True	True	True	29.0	0.12016564	wide
13	15	False	True	True	True	30.0	0.10247325	wide
13	15	False	True	True	True	31.0	0.0882212	wide
13	15	False	True	True	True	32.0	0.07678176	wide
13	15	False	True	True	True	33.0	0.06769532	wide
13	15	False	True	True	True	34.0	0.06062918	wide
13	15	False	True	True	True	35.0	0.055343993	wide
13	15	False	True	True	True	36.0	0.051665172	wide
13	15	False	True	True	True	37.0	0.04945862	wide
13	15	False	True	True	True	38.0	0.048609883	wide
13	15	False	True	True	True	39.0	0.049007308	wide
13	15	False	True	True	True	40.0	0.0505286	wide
13	18	False	True	True	False	10.0	44.965427	narrow
13	18	False	True	True	False	11.0	11.732574	narrow
13	18	False	True	True	False	12.0	7.964527	narrow
13	18	False	True	True	False	13.0	5.524618	narrow
13	18	False	True	True	False	14.0	3.901081	narrow
13	18	False	True	True	False	15.0	2.7692082	narrow
13	18	False	True	True	False	16.0	1.9612873	narrow
13	18	False	True	True	False	17.0	1.3976243	narrow
13	18	False	True	True	False	18.0	1.0082846	narrow
13	18	False	True	True	False	19.0	0.7383105	narrow
13	18	False	True	True	False	20.0	0.5494074	narrow
13	18	False	True	True	False	21.0	0.4156168	narrow
13	18	False	True	True	False	22.0	0.31955537	narrow
13	18	False	True	True	False	23.0	0.24960814	narrow
13	18	False	True	True	False	24.0	0.19795233	narrow
13	18	False	True	True	False	25.0	0.15925597	narrow
13	18	False	True	True	False	10.0	86.36941	wide
13	18	False	True	True	False	11.0	14.755583	wide
13	18	False	True	True	False	12.0	8.975494	wide
13	18	False	True	True	False	13.0	6.1014915	wide
13	18	False	True	True	False	14.0	4.293961	wide
13	18	False	True	True	False	15.0	3.0770378	wide
13	18	False	True	True	False	16.0	2.2312567	wide
13	18	False	True	True	False	17.0	1.6412141	wide
13	18	False	True	True	False	18.0	1.2373288	wide
13	18	False	True	True	False	19.0	0.9620839	wide
13	18	False	True	True	False	20.0	0.76636255	wide
13	18	False	True	True	False	21.0	0.6177323	wide
13	18	False	True	True	False	22.0	0.50002	wide
13	18	False	True	True	False	23.0	0.40584564	wide
13	18	False	True	True	False	24.0	0.3307116	wide
13	18	False	True	True	False	25.0	0.27088308	wide
13	18	False	True	True	False	26.0	0.22316495	wide
13	18	False	True	True	False	27.0	0.18497431	wide
13	18	False	True	True	False	28.0	0.15428996	wide
13	18	False	True	True	False	29.0	0.12953353	wide
13	18	False	True	True	False	30.0	0.10946493	wide
13	18	False	True	True	False	31.0	0.09310785	wide
13	18	False	True	True	False	32.0	0.07969573	wide
13	18	False	True	True	False	33.0	0.06862907	wide
13	18	False	True	True	False	34.0	0.059440017	wide
13	18	False	True	True	False	35.0	0.051762998	wide
13	18	False	True	True	False	36.0	0.04531152	wide
13	18	False	True	True	False	37.0	0.039859675	wide
13	18	False	True	True	False	38.0	0.035228357	wide
13	18	False	True	True	False	39.0	0.031274393	wide
13	18	False	True	True	False	40.0	0.027882762	wide
13	18	False	True	True	True	10.0	46.425224	narrow
13	18	False	True	True	True	11.0	12.526564	narrow
13	18	False	True	True	True	12.0	8.439564	narrow
13	18	False	True	True	True	13.0	5.8306575	narrow
13	18	False	True	True	True	14.0	4.1040673	narrow
13	18	False	True	True	True	15.0	2.9079225	narrow
13	18	False	True	True	True	16.0	2.0590866	narrow
13	18	False	True	True	True	17.0	1.4677787	narrow
13	18	False	True	True	True	18.0	1.0590132	narrow
13	18	False	True	True	True	19.0	0.77521753	narrow
13	18	False	True	True	True	20.0	0.57645977	narrow
13	18	False	True	True	True	21.0	0.4356399	narrow
13	18	False	True	True	True	22.0	0.33455202	narrow
13	18	False	True	True	True	23.0	0.26098964	narrow
13	18	False	True	True	True	24.0	0.20671052	narrow
13	18	False	True	True	True	25.0	0.16608942	narrow
13	18	False	True	True	True	10.0	88.37836	wide
13	18	False	True	True	True	11.0	15.883264	wide
13	18	False	True	True	True	12.0	9.613227	wide
13	18	False	True	True	True	13.0	6.500183	wide
13	18	False	True	True	True	14.0	4.556943	wide
13	18	False	True	True	True	15.0	3.2577481	wide
13	18	False	True	True	True	16.0	2.3601236	wide
13	18	False	True	True	True	17.0	1.7361579	wide
13	18	False	True	True	True	18.0	1.308865	wide
13	18	False	True	True	True	19.0	1.0166929	wide
13	18	False	True	True	True	20.0	0.808515	wide
13	18	False	True	True	True	21.0	0.65071017	wide
13	18	False	True	True	True	22.0	0.5261879	wide
13	18	False	True	True	True	23.0	0.42685542	wide
13	18	False	True	True	True	24.0	0.34772328	wide
13	18	False	True	True	True	25.0	0.28474146	wide
13	18	False	True	True	True	26.0	0.23451017	wide
13	18	False	True	True	True	27.0	0.19430411	wide
13	18	False	True	True	True	28.0	0.16199675	wide
13	18	False	True	True	True	29.0	0.13592848	wide
13	18	False	True	True	True	30.0	0.11479589	wide
13	18	False	True	True	True	31.0	0.09757298	wide
13	18	False	True	True	True	32.0	0.083453655	wide
13	18	False	True	True	True	33.0	0.07180726	wide
13	18	False	True	True	True	34.0	0.06214104	wide
13	18	False	True	True	True	35.0	0.054069597	wide
13	18	False	True	True	True	36.0	0.047290713	wide
13	18	False	True	True	True	37.0	0.041565858	wide
13	18	False	True	True	True	38.0	0.036705866	wide
13	18	False	True	True	True	39.0	0.032559525	wide
13	18	False	True	True	True	40.0	0.029005354	wide
13	18	False	True	True	True	10.0	43.912857	narrow
13	18	False	True	True	True	11.0	11.13688	narrow
13	18	False	True	True	True	12.0	7.6176414	narrow
13	18	False	True	True	True	13.0	5.306082	narrow
13	18	False	True	True	True	14.0	3.7593946	narrow
13	18	False	True	True	True	15.0	2.674027	narrow
13	18	False	True	True	True	16.0	1.8946905	narrow
13	18	False	True	True	True	17.0	1.350066	narrow
13	18	False	True	True	True	18.0	0.97410595	narrow
13	18	False	True	True	True	19.0	0.71367234	narrow
13	18	False	True	True	True	20.0	0.5315667	narrow
13	18	False	True	True	True	21.0	0.4026013	narrow
13	18	False	True	True	True	22.0	0.3099609	narrow
13	18	False	True	True	True	23.0	0.24244562	narrow
13	18	False	True	True	True	24.0	0.1925298	narrow
13	18	False	True	True	True	25.0	0.1550906	narrow
13	18	False	True	True	True	10.0	84.95026	wide
13	18	False	True	True	True	11.0	13.88027	wide
13	18	False	True	True	True	12.0	8.489194	wide
13	18	False	True	True	True	13.0	5.8026257	wide
13	18	False	True	True	True	14.0	4.100272	wide
13	18	False	True	True	True	15.0	2.9459991	wide
13	18	False	True	True	True	16.0	2.1388443	wide
13	18	False	True	True	True	17.0	1.5735915	wide
13	18	False	True	True	True	18.0	1.1867092	wide
13	18	False	True	True	True	19.0	0.9238172	wide
13	18	False	True	True	True	20.0	0.7371874	wide
13	18	False	True	True	True	21.0	0.5951762	wide
13	18	False	True	True	True	22.0	0.48228753	wide
13	18	False	True	True	True	23.0	0.3917077	wide
13	18	False	True	True	True	24.0	0.31933314	wide
13	18	False	True	True	True	25.0	0.2616717	wide
13	18	False	True	True	True	26.0	0.21567705	wide
13	18	False	True	True	True	27.0	0.17886615	wide
13	18	False	True	True	True	28.0	0.14929035	wide
13	18	False	True	True	True	29.0	0.12542692	wide
13	18	False	True	True	True	30.0	0.1060793	wide
13	18	False	True	True	True	31.0	0.090305775	wide
13	18	False	True	True	True	32.0	0.077367015	wide
13	18	False	True	True	True	33.0	0.06668545	wide
13	18	False	True	True	True	34.0	0.057810564	wide
13	18	False	True	True	True	35.0	0.05039075	wide
13	18	False	True	True	True	36.0	0.044150572	wide
13	18	False	True	True	True	37.0	0.03887299	wide
13	18	False	True	True	True	38.0	0.034385942	wide
13	18	False	True	True	True	39.0	0.030551953	wide
13	18	False	True	True	True	40.0	0.027260423	wide
14	15	False	True	True	False	10.0	12.677856	narrow
14	15	False	True	True	False	11.0	7.2758474	narrow
14	15	False	True	True	False	12.0	0.6543715	narrow
14	15	False	True	True	False	13.0	0.26091588	narrow
14	15	False	True	True	False	14.0	0.1496347	narrow
14	15	False	True	True	False	15.0	0.19451934	narrow
14	15	False	True	True	False	16.0	0.24391344	narrow
14	15	False	True	True	False	17.0	0.15684463	narrow
14	15	False	True	True	False	18.0	0.09580299	narrow
14	15	False	True	True	False	19.0	0.15057236	narrow
14	15	False	True	True	False	20.0	0.1709252	narrow
14	15	False	True	True	False	21.0	0.13739268	narrow
14	15	False	True	True	False	22.0	0.08979133	narrow
14	15	False	True	True	False	23.0	0.05656115	narrow
14	15	False	True	True	False	24.0	0.040834513	narrow
14	15	False	True	True	False	25.0	0.034090925	narrow
14	15	False	True	True	False	10.0	73.28057	wide
14	15	False	True	True	False	11.0	11.341847	wide
14	15	False	True	True	False	12.0	4.1148486	wide
14	15	False	True	True	False	13.0	0.8014705	wide
14	15	False	True	True	False	14.0	0.30202335	wide
14	15	False	True	True	False	15.0	0.14754173	wide
14	15	False	True	True	False	16.0	0.07941987	wide
14	15	False	True	True	False	17.0	0.050426215	wide
14	15	False	True	True	False	18.0	0.041950017	wide
14	15	False	True	True	False	19.0	0.04429604	wide
14	15	False	True	True	False	20.0	0.050828867	wide
14	15	False	True	True	False	21.0	0.05535552	wide
14	15	False	True	True	False	22.0	0.052566096	wide
14	15	False	True	True	False	23.0	0.041458145	wide
14	15	False	True	True	False	24.0	0.027116563	wide
14	15	False	True	True	False	25.0	0.01693693	wide
14	15	False	True	True	False	26.0	0.014701538	wide
14	15	False	True	True	False	27.0	0.01867558	wide
14	15	False	True	True	False	28.0	0.024476249	wide
14	15	False	True	True	False	29.0	0.02864559	wide
14	15	False	True	True	False	30.0	0.029954191	wide
14	15	False	True	True	False	31.0	0.028755788	wide
14	15	False	True	True	False	32.0	0.025949229	wide
14	15	False	True	True	False	33.0	0.022383302	wide
14	15	False	True	True	False	34.0	0.018687287	wide
14	15	False	True	True	False	35.0	0.01527302	wide
14	15	False	True	True	False	36.0	0.01236713	wide
14	15	False	True	True	False	37.0	0.010046889	wide
14	15	False	True	True	False	38.0	0.008283834	wide
14	15	False	True	True	False	39.0	0.0069903727	wide
14	15	False	True	True	False	40.0	0.006059429	wide
14	15	False	True	True	True	10.0	12.4339	narrow
14	15	False	True	True	True	11.0	6.7701807	narrow
14	15	False	True	True	True	12.0	0.63284516	narrow
14	15	False	True	True	True	13.0	0.25318107	narrow
14	15	False	True	True	True	14.0	0.14211369	narrow
14	15	False	True	True	True	15.0	0.18191282	narrow
14	15	False	True	True	True	16.0	0.22956249	narrow
14	15	False	True	True	True	17.0	0.1488461	narrow
14	15	False	True	True	True	18.0	0.08957578	narrow
14	15	False	True	True	True	19.0	0.13888896	narrow
14	15	False	True	True	True	20.0	0.16012299	narrow
14	15	False	True	True	True	21.0	0.1305212	narrow
14	15	False	True	True	True	22.0	0.08580106	narrow
14	15	False	True	True	True	23.0	0.05409693	narrow
14	15	False	True	True	True	24.0	0.039007433	narrow
14	15	False	True	True	True	25.0	0.03252116	narrow
14	15	False	True	True	True	10.0	70.91962	wide
14	15	False	True	True	True	11.0	11.149075	wide
14	15	False	True	True	True	12.0	3.9316502	wide
14	15	False	True	True	True	13.0	0.7739145	wide
14	15	False	True	True	True	14.0	0.29260084	wide
14	15	False	True	True	True	15.0	0.14294389	wide
14	15	False	True	True	True	16.0	0.07678756	wide
14	15	False	True	True	True	17.0	0.0483623	wide
14	15	False	True	True	True	18.0	0.039709207	wide
14	15	False	True	True	True	19.0	0.04156524	wide
14	15	False	True	True	True	20.0	0.047628686	wide
14	15	False	True	True	True	21.0	0.05197585	wide
14	15	False	True	True	True	22.0	0.04950136	wide
14	15	False	True	True	True	23.0	0.0391898	wide
14	15	False	True	True	True	24.0	0.025758069	wide
14	15	False	True	True	True	25.0	0.016094847	wide
14	15	False	True	True	True	26.0	0.013765376	wide
14	15	False	True	True	True	27.0	0.01725331	wide
14	15	False	True	True	True	28.0	0.02257285	wide
14	15	False	True	True	True	29.0	0.026524872	wide
14	15	False	True	True	True	30.0	0.027907087	wide
14	15	False	True	True	True	31.0	0.026965393	wide
14	15	False	True	True	True	32.0	0.024477676	wide
14	15	False	True	True	True	33.0	0.021215703	wide
14	15	False	True	True	True	34.0	0.017776245	wide
14	15	False	True	True	True	35.0	0.014564732	wide
14	15	False	True	True	True	36.0	0.011812415	wide
14	15	False	True	True	True	37.0	0.009604694	wide
14	15	False	True	True	True	38.0	0.00792181	wide
14	15	False	True	True	True	39.0	0.006684308	wide
14	15	False	True	True	True	40.0	0.0057920716	wide
14	15	False	True	True	True	10.0	13.094711	narrow
14	15	False	True	True	True	11.0	7.8770094	narrow
14	15	False	True	True	True	12.0	0.68000954	narrow
14	15	False	True	True	True	13.0	0.27059424	narrow
14	15	False	True	True	True	14.0	0.1592525	narrow
14	15	False	True	True	True	15.0	0.2104461	narrow
14	15	False	True	True	True	16.0	0.26155776	narrow
14	15	False	True	True	True	17.0	0.16648914	narrow
14	15	False	True	True	True	18.0	0.10355515	narrow
14	15	False	True	True	True	19.0	0.16534495	narrow
14	15	False	True	True	True	20.0	0.18435967	narrow
14	15	False	True	True	True	21.0	0.14574774	narrow
14	15	False	True	True	True	22.0	0.09462921	narrow
14	15	False	True	True	True	23.0	0.059606887	narrow
14	15	False	True	True	True	24.0	0.043140337	narrow
14	15	False	True	True	True	25.0	0.036093786	narrow
14	15	False	True	True	True	10.0	76.16924	wide
14	15	False	True	True	True	11.0	11.622914	wide
14	15	False	True	True	True	12.0	4.340627	wide
14	15	False	True	True	True	13.0	0.83531886	wide
14	15	False	True	True	True	14.0	0.31355825	wide
14	15	False	True	True	True	15.0	0.15322563	wide
14	15	False	True	True	True	16.0	0.08272177	wide
14	15	False	True	True	True	17.0	0.053046532	wide
14	15	False	True	True	True	18.0	0.04480647	wide
14	15	False	True	True	True	19.0	0.047759507	wide
14	15	False	True	True	True	20.0	0.05484266	wide
14	15	False	True	True	True	21.0	0.05954106	wide
14	15	False	True	True	True	22.0	0.056320224	wide
14	15	False	True	True	True	23.0	0.044211052	wide
14	15	False	True	True	True	24.0	0.028752377	wide
14	15	False	True	True	True	25.0	0.017958788	wide
14	15	False	True	True	True	26.0	0.015872043	wide
14	15	False	True	True	True	27.0	0.020475231	wide
14	15	False	True	True	True	28.0	0.026883252	wide
14	15	False	True	True	True	29.0	0.031314727	wide
14	15	False	True	True	True	30.0	0.03251292	wide
14	15	False	True	True	True	31.0	0.030975185	wide
14	15	False	True	True	True	32.0	0.027757894	wide
14	15	False	True	True	True	33.0	0.02380801	wide
14	15	False	True	True	True	34.0	0.01979392	wide
14	15	False	True	True	True	35.0	0.016132582	wide
14	15	False	True	True	True	36.0	0.01304221	wide
14	15	False	True	True	True	37.0	0.010588211	wide
14	15	False	True	True	True	38.0	0.008730475	wide
14	15	False	True	True	True	39.0	0.007371119	wide
14	15	False	True	True	True	40.0	0.006394563	wide
14	18	False	True	True	False	10.0	18.246405	narrow
14	18	False	True	True	False	11.0	68.871666	narrow
14	18	False	True	True	False	12.0	1.6597122	narrow
14	18	False	True	True	False	13.0	0.46597737	narrow
14	18	False	True	True	False	14.0	0.19961171	narrow
14	18	False	True	True	False	15.0	0.085075974	narrow
14	18	False	True	True	False	16.0	0.03879493	narrow
14	18	False	True	True	False	17.0	0.028499005	narrow
14	18	False	True	True	False	18.0	0.039576087	narrow
14	18	False	True	True	False	19.0	0.061318647	narrow
14	18	False	True	True	False	20.0	0.08580138	narrow
14	18	False	True	True	False	21.0	0.10788789	narrow
14	18	False	True	True	False	22.0	0.12484293	narrow
14	18	False	True	True	False	23.0	0.13571617	narrow
14	18	False	True	True	False	24.0	0.14071351	narrow
14	18	False	True	True	False	25.0	0.14067417	narrow
14	18	False	True	True	False	10.0	48.196606	wide
14	18	False	True	True	False	11.0	22.85867	wide
14	18	False	True	True	False	12.0	2.866095	wide
14	18	False	True	True	False	13.0	0.6748439	wide
14	18	False	True	True	False	14.0	0.21559472	wide
14	18	False	True	True	False	15.0	0.08559018	wide
14	18	False	True	True	False	16.0	0.04113091	wide
14	18	False	True	True	False	17.0	0.022650385	wide
14	18	False	True	True	False	18.0	0.014964687	wide
14	18	False	True	True	False	19.0	0.012348015	wide
14	18	False	True	True	False	20.0	0.012054928	wide
14	18	False	True	True	False	21.0	0.012711952	wide
14	18	False	True	True	False	22.0	0.01365177	wide
14	18	False	True	True	False	23.0	0.014569197	wide
14	18	False	True	True	False	24.0	0.015338822	wide
14	18	False	True	True	False	25.0	0.015921023	wide
14	18	False	True	True	False	26.0	0.016315218	wide
14	18	False	True	True	False	27.0	0.016537372	wide
14	18	False	True	True	False	28.0	0.016609268	wide
14	18	False	True	True	False	29.0	0.016553715	wide
14	18	False	True	True	False	30.0	0.016392365	wide
14	18	False	True	True	False	31.0	0.016144775	wide
14	18	False	True	True	False	32.0	0.015828215	wide
14	18	False	True	True	False	33.0	0.015457638	wide
14	18	False	True	True	False	34.0	0.015045842	wide
14	18	False	True	True	False	35.0	0.014603701	wide
14	18	False	True	True	False	36.0	0.014140326	wide
14	18	False	True	True	False	37.0	0.0136633385	wide
14	18	False	True	True	False	38.0	0.013179038	wide
14	18	False	True	True	False	39.0	0.012692599	wide
14	18	False	True	True	False	40.0	0.0122082215	wide
14	18	False	True	True	True	10.0	18.760122	narrow
14	18	False	True	True	True	11.0	65.5068	narrow
14	18	False	True	True	True	12.0	1.5847651	narrow
14	18	False	True	True	True	13.0	0.44599935	narrow
14	18	False	True	True	True	14.0	0.19092399	narrow
14	18	False	True	True	True	15.0	0.08191892	narrow
14	18	False	True	True	True	16.0	0.038156033	narrow
14	18	False	True	True	True	17.0	0.028413538	narrow
14	18	False	True	True	True	18.0	0.03881608	narrow
14	18	False	True	True	True	19.0	0.059286688	narrow
14	18	False	True	True	True	20.0	0.08236621	narrow
14	18	False	True	True	True	21.0	0.10320794	narrow
14	18	False	True	True	True	22.0	0.11922083	narrow
14	18	False	True	True	True	23.0	0.12949678	narrow
14	18	False	True	True	True	24.0	0.13422172	narrow
14	18	False	True	True	True	25.0	0.13418302	narrow
14	18	False	True	True	True	10.0	46.61789	wide
14	18	False	True	True	True	11.0	22.093996	wide
14	18	False	True	True	True	12.0	2.823071	wide
14	18	False	True	True	True	13.0	0.6556458	wide
14	18	False	True	True	True	14.0	0.20922875	wide
14	18	False	True	True	True	15.0	0.08318562	wide
14	18	False	True	True	True	16.0	0.04003674	wide
14	18	False	True	True	True	17.0	0.022082888	wide
14	18	False	True	True	True	18.0	0.014591809	wide
14	18	False	True	True	True	19.0	0.012010549	wide
14	18	False	True	True	True	20.0	0.011680722	wide
14	18	False	True	True	True	21.0	0.012273854	wide
14	18	False	True	True	True	22.0	0.013145001	wide
14	18	False	True	True	True	23.0	0.013999396	wide
14	18	False	True	True	True	24.0	0.014715923	wide
14	18	False	True	True	True	25.0	0.015256179	wide
14	18	False	True	True	True	26.0	0.015619347	wide
14	18	False	True	True	True	27.0	0.01582047	wide
14	18	False	True	True	True	28.0	0.015880153	wide
14	18	False	True	True	True	29.0	0.015819963	wide
14	18	False	True	True	True	30.0	0.015660353	wide
14	18	False	True	True	True	31.0	0.0154197775	wide
14	18	False	True	True	True	32.0	0.015114519	wide
14	18	False	True	True	True	33.0	0.014758657	wide
14	18	False	True	True	True	34.0	0.014364239	wide
14	18	False	True	True	True	35.0	0.01394149	wide
14	18	False	True	True	True	36.0	0.0134989815	wide
14	18	False	True	True	True	37.0	0.013043873	wide
14	18	False	True	True	True	38.0	0.012582086	wide
14	18	False	True	True	True	39.0	0.0121184755	wide
14	18	False	True	True	True	40.0	0.011656992	wide
14	18	False	True	True	True	10.0	17.942875	narrow
14	18	False	True	True	True	11.0	72.868935	narrow
14	18	False	True	True	True	12.0	1.7509873	narrow
14	18	False	True	True	True	13.0	0.49125355	narrow
14	18	False	True	True	True	14.0	0.21088734	narrow
14	18	False	True	True	True	15.0	0.089336105	narrow
14	18	False	True	True	True	16.0	0.039834183	narrow
14	18	False	True	True	True	17.0	0.028816923	narrow
14	18	False	True	True	True	18.0	0.040739197	narrow
14	18	False	True	True	True	19.0	0.064095676	narrow
14	18	False	True	True	True	20.0	0.09036848	narrow
14	18	False	True	True	True	21.0	0.11404912	narrow
14	18	False	True	True	True	22.0	0.13221425	narrow
14	18	False	True	True	True	23.0	0.14385597	narrow
14	18	False	True	True	True	24.0	0.14920357	narrow
14	18	False	True	True	True	25.0	0.14916182	narrow
14	18	False	True	True	True	10.0	50.216637	wide
14	18	False	True	True	True	11.0	23.834099	wide
14	18	False	True	True	True	12.0	2.932839	wide
14	18	False	True	True	True	13.0	0.698827	wide
14	18	False	True	True	True	14.0	0.223301	wide
14	18	False	True	True	True	15.0	0.08847969	wide
14	18	False	True	True	True	16.0	0.04245818	wide
14	18	False	True	True	True	17.0	0.023362586	wide
14	18	False	True	True	True	18.0	0.015458259	wide
14	18	False	True	True	True	19.0	0.012811096	wide
14	18	False	True	True	True	20.0	0.012571585	wide
14	18	False	True	True	True	21.0	0.013312682	wide
14	18	False	True	True	True	22.0	0.014340523	wide
14	18	False	True	True	True	23.0	0.0153376525	wide
14	18	False	True	True	True	24.0	0.01617373	wide
14	18	False	True	True	True	25.0	0.016807843	wide
14	18	False	True	True	True	26.0	0.017239895	wide
14	18	False	True	True	True	27.0	0.017487114	wide
14	18	False	True	True	True	28.0	0.01757285	wide
14	18	False	True	True	True	29.0	0.017521523	wide
14	18	False	True	True	True	30.0	0.017356344	wide
14	18	False	True	True	True	31.0	0.017098278	wide
14	18	False	True	True	True	32.0	0.016765866	wide
14	18	False	True	True	True	33.0	0.01637517	wide
14	18	False	True	True	True	34.0	0.015939943	wide
14	18	False	True	True	True	35.0	0.015471876	wide
14	18	False	True	True	True	36.0	0.014980771	wide
14	18	False	True	True	True	37.0	0.01447483	wide
14	18	False	True	True	True	38.0	0.013960831	wide
14	18	False	True	True	True	39.0	0.013444346	wide
14	18	False	True	True	True	40.0	0.012929896	wide
15	15	False	True	True	False	10.0	18.472801	narrow
15	15	False	True	True	False	11.0	5.2280316	narrow
15	15	False	True	True	False	12.0	1.293066	narrow
15	15	False	True	True	False	13.0	0.94802773	narrow
15	15	False	True	True	False	14.0	0.8521501	narrow
15	15	False	True	True	False	15.0	0.7965483	narrow
15	15	False	True	True	False	16.0	0.7515402	narrow
15	15	False	True	True	False	17.0	0.66498935	narrow
15	15	False	True	True	False	18.0	0.5852908	narrow
15	15	False	True	True	False	19.0	0.5660484	narrow
15	15	False	True	True	False	20.0	0.5470449	narrow
15	15	False	True	True	False	21.0	0.49746987	narrow
15	15	False	True	True	False	22.0	0.4403179	narrow
15	15	False	True	True	False	23.0	0.39173883	narrow
15	15	False	True	True	False	24.0	0.35221985	narrow
15	15	False	True	True	False	25.0	0.318587	narrow
15	15	False	True	True	False	10.0	26.812391	wide
15	15	False	True	True	False	11.0	5.095043	wide
15	15	False	True	True	False	12.0	1.5037041	wide
15	15	False	True	True	False	13.0	0.87203854	wide
15	15	False	True	True	False	14.0	0.63744754	wide
15	15	False	True	True	False	15.0	0.55307543	wide
15	15	False	True	True	False	16.0	0.5204926	wide
15	15	False	True	True	False	17.0	0.484488	wide
15	15	False	True	True	False	18.0	0.43713158	wide
15	15	False	True	True	False	19.0	0.38875502	wide
15	15	False	True	True	False	20.0	0.34880906	wide
15	15	False	True	True	False	21.0	0.32120928	wide
15	15	False	True	True	False	22.0	0.30272332	wide
15	15	False	True	True	False	23.0	0.28406906	wide
15	15	False	True	True	False	24.0	0.25883362	wide
15	15	False	True	True	False	25.0	0.23136362	wide
15	15	False	True	True	False	26.0	0.21104981	wide
15	15	False	True	True	False	27.0	0.20081547	wide
15	15	False	True	True	False	28.0	0.1953765	wide
15	15	False	True	True	False	29.0	0.18834837	wide
15	15	False	True	True	False	30.0	0.17745462	wide
15	15	False	True	True	False	31.0	0.164032	wide
15	15	False	True	True	False	32.0	0.15031524	wide
15	15	False	True	True	False	33.0	0.13775855	wide
15	15	False	True	True	False	34.0	0.12681991	wide
15	15	False	True	True	False	35.0	0.117371865	wide
15	15	False	True	True	False	36.0	0.10910211	wide
15	15	False	True	True	False	37.0	0.101721026	wide
15	15	False	True	True	False	38.0	0.095021375	wide
15	15	False	True	True	False	39.0	0.088870026	wide
15	15	False	True	True	False	40.0	0.08318331	wide
15	15	False	True	True	True	10.0	18.397049	narrow
15	15	False	True	True	True	11.0	5.18284	narrow
15	15	False	True	True	True	12.0	1.2826062	narrow
15	15	False	True	True	True	13.0	0.93686855	narrow
15	15	False	True	True	True	14.0	0.83748335	narrow
15	15	False	True	True	True	15.0	0.77938414	narrow
15	15	False	True	True	True	16.0	0.73203796	narrow
15	15	False	True	True	True	17.0	0.64693666	narrow
15	15	False	True	True	True	18.0	0.56921613	narrow
15	15	False	True	True	True	19.0	0.5483682	narrow
15	15	False	True	True	True	20.0	0.5281024	narrow
15	15	False	True	True	True	21.0	0.47967288	narrow
15	15	False	True	True	True	22.0	0.42441943	narrow
15	15	False	True	True	True	23.0	0.37735054	narrow
15	15	False	True	True	True	24.0	0.3389264	narrow
15	15	False	True	True	True	25.0	0.30619007	narrow
15	15	False	True	True	True	10.0	26.19144	wide
15	15	False	True	True	True	11.0	5.0556536	wide
15	15	False	True	True	True	12.0	1.4811786	wide
15	15	False	True	True	True	13.0	0.86116683	wide
15	15	False	True	True	True	14.0	0.6306239	wide
15	15	False	True	True	True	15.0	0.54578084	wide
15	15	False	True	True	True	16.0	0.5115211	wide
15	15	False	True	True	True	17.0	0.47506288	wide
15	15	False	True	True	True	18.0	0.42829454	wide
15	15	False	True	True	True	19.0	0.3806317	wide
15	15	False	True	True	True	20.0	0.3410028	wide
15	15	False	True	True	True	21.0	0.31320363	wide
15	15	False	True	True	True	22.0	0.2942638	wide
15	15	False	True	True	True	23.0	0.27550077	wide
15	15	False	True	True	True	24.0	0.25087887	wide
15	15	False	True	True	True	25.0	0.2243724	wide
15	15	False	True	True	True	26.0	0.20465258	wide
15	15	False	True	True	True	27.0	0.19439004	wide
15	15	False	True	True	True	28.0	0.18864582	wide
15	15	False	True	True	True	29.0	0.18147638	wide
15	15	False	True	True	True	30.0	0.17076506	wide
15	15	False	True	True	True	31.0	0.15775362	wide
15	15	False	True	True	True	32.0	0.14451659	wide
15	15	False	True	True	True	33.0	0.13240261	wide
15	15	False	True	True	True	34.0	0.12183468	wide
15	15	False	True	True	True	35.0	0.112691715	wide
15	15	False	True	True	True	36.0	0.10468036	wide
15	15	False	True	True	True	37.0	0.097528145	wide
15	15	False	True	True	True	38.0	0.091038965	wide
15	15	False	True	True	True	39.0	0.08508585	wide
15	15	False	True	True	True	40.0	0.07958805	wide
15	15	False	True	True	True	10.0	18.997398	narrow
15	15	False	True	True	True	11.0	5.3290567	narrow
15	15	False	True	True	True	12.0	1.3205514	narrow
15	15	False	True	True	True	13.0	0.9724735	narrow
15	15	False	True	True	True	14.0	0.87967396	narrow
15	15	False	True	True	True	15.0	0.8259837	narrow
15	15	False	True	True	True	16.0	0.7826796	narrow
15	15	False	True	True	True	17.0	0.69356084	narrow
15	15	False	True	True	True	18.0	0.6108313	narrow
15	15	False	True	True	True	19.0	0.59288424	narrow
15	15	False	True	True	True	20.0	0.5748639	narrow
15	15	False	True	True	True	21.0	0.52350384	narrow
15	15	False	True	True	True	22.0	0.4637253	narrow
15	15	False	True	True	True	23.0	0.413012	narrow
15	15	False	True	True	True	24.0	0.3718765	narrow
15	15	False	True	True	True	25.0	0.33688372	narrow
15	15	False	True	True	True	10.0	28.049065	wide
15	15	False	True	True	True	11.0	5.1912184	wide
15	15	False	True	True	True	12.0	1.54912	wide
15	15	False	True	True	True	13.0	0.8967213	wide
15	15	False	True	True	True	14.0	0.6537474	wide
15	15	False	True	True	True	15.0	0.5683374	wide
15	15	False	True	True	True	16.0	0.5370639	wide
15	15	False	True	True	True	17.0	0.5010786	wide
15	15	False	True	True	True	18.0	0.4524754	wide
15	15	False	True	True	True	19.0	0.40272576	wide
15	15	False	True	True	True	20.0	0.36195078	wide
15	15	False	True	True	True	21.0	0.33420968	wide
15	15	False	True	True	True	22.0	0.3159457	wide
15	15	False	True	True	True	23.0	0.29715535	wide
15	15	False	True	True	True	24.0	0.2709698	wide
15	15	False	True	True	True	25.0	0.24216425	wide
15	15	False	True	True	True	26.0	0.22096983	wide
15	15	False	True	True	True	27.0	0.21060543	wide
15	15	False	True	True	True	28.0	0.20538028	wide
15	15	False	True	True	True	29.0	0.19838867	wide
15	15	False	True	True	True	30.0	0.18716264	wide
15	15	False	True	True	True	31.0	0.17314798	wide
15	15	False	True	True	True	32.0	0.1587661	wide
15	15	False	True	True	True	33.0	0.14559454	wide
15	15	False	True	True	True	34.0	0.13413161	wide
15	15	False	True	True	True	35.0	0.12424193	wide
15	15	False	True	True	True	36.0	0.11559031	wide
15	15	False	True	True	True	37.0	0.1078666	wide
15	15	False	True	True	True	38.0	0.10085012	wide
15	15	False	True	True	True	39.0	0.094400436	wide
15	15	False	True	True	True	40.0	0.08843008	wide
15	18	False	True	True	False	10.0	20.219734	narrow
15	18	False	True	True	False	11.0	6.026741	narrow
15	18	False	True	True	False	12.0	1.3097655	narrow
15	18	False	True	True	False	13.0	0.9318845	narrow
15	18	False	True	True	False	14.0	0.8624366	narrow
15	18	False	True	True	False	15.0	0.8084383	narrow
15	18	False	True	True	False	16.0	0.75507295	narrow
15	18	False	True	True	False	17.0	0.7548573	narrow
15	18	False	True	True	False	18.0	0.7118484	narrow
15	18	False	True	True	False	19.0	0.5641148	narrow
15	18	False	True	True	False	20.0	0.5632724	narrow
15	18	False	True	True	False	21.0	0.5590024	narrow
15	18	False	True	True	False	22.0	0.47672874	narrow
15	18	False	True	True	False	23.0	0.40688887	narrow
15	18	False	True	True	False	24.0	0.3607648	narrow
15	18	False	True	True	False	25.0	0.32510453	narrow
15	18	False	True	True	False	10.0	29.067242	wide
15	18	False	True	True	False	11.0	5.327051	wide
15	18	False	True	True	False	12.0	1.5025743	wide
15	18	False	True	True	False	13.0	0.8105562	wide
15	18	False	True	True	False	14.0	0.60715246	wide
15	18	False	True	True	False	15.0	0.53814244	wide
15	18	False	True	True	False	16.0	0.5082103	wide
15	18	False	True	True	False	17.0	0.47514796	wide
15	18	False	True	True	False	18.0	0.4330551	wide
15	18	False	True	True	False	19.0	0.38920057	wide
15	18	False	True	True	False	20.0	0.35180607	wide
15	18	False	True	True	False	21.0	0.32792944	wide
15	18	False	True	True	False	22.0	0.31987053	wide
15	18	False	True	True	False	23.0	0.31348553	wide
15	18	False	True	True	False	24.0	0.28298995	wide
15	18	False	True	True	False	25.0	0.23618066	wide
15	18	False	True	True	False	26.0	0.21355052	wide
15	18	False	True	True	False	27.0	0.21835616	wide
15	18	False	True	True	False	28.0	0.21864693	wide
15	18	False	True	True	False	29.0	0.20206326	wide
15	18	False	True	True	False	30.0	0.17891206	wide
15	18	False	True	True	False	31.0	0.15863879	wide
15	18	False	True	True	False	32.0	0.14321446	wide
15	18	False	True	True	False	33.0	0.13132441	wide
15	18	False	True	True	False	34.0	0.12150616	wide
15	18	False	True	True	False	35.0	0.112888075	wide
15	18	False	True	True	False	36.0	0.10505681	wide
15	18	False	True	True	False	37.0	0.09783406	wide
15	18	False	True	True	False	38.0	0.091138236	wide
15	18	False	True	True	False	39.0	0.08492164	wide
15	18	False	True	True	False	40.0	0.07914814	wide
15	18	False	True	True	True	10.0	20.263645	narrow
15	18	False	True	True	True	11.0	5.960504	narrow
15	18	False	True	True	True	12.0	1.3010149	narrow
15	18	False	True	True	True	13.0	0.9213378	narrow
15	18	False	True	True	True	14.0	0.8487579	narrow
15	18	False	True	True	True	15.0	0.79280066	narrow
15	18	False	True	True	True	16.0	0.73716164	narrow
15	18	False	True	True	True	17.0	0.731624	narrow
15	18	False	True	True	True	18.0	0.68756634	narrow
15	18	False	True	True	True	19.0	0.547153	narrow
15	18	False	True	True	True	20.0	0.5437579	narrow
15	18	False	True	True	True	21.0	0.5375513	narrow
15	18	False	True	True	True	22.0	0.4590974	narrow
15	18	False	True	True	True	23.0	0.39235914	narrow
15	18	False	True	True	True	24.0	0.34783036	narrow
15	18	False	True	True	True	25.0	0.31320208	narrow
15	18	False	True	True	True	10.0	28.21207	wide
15	18	False	True	True	True	11.0	5.270986	wide
15	18	False	True	True	True	12.0	1.487414	wide
15	18	False	True	True	True	13.0	0.80283093	wide
15	18	False	True	True	True	14.0	0.60096854	wide
15	18	False	True	True	True	15.0	0.5308604	wide
15	18	False	True	True	True	16.0	0.4997721	wide
15	18	False	True	True	True	17.0	0.46633726	wide
15	18	False	True	True	True	18.0	0.4243797	wide
15	18	False	True	True	True	19.0	0.38080308	wide
15	18	False	True	True	True	20.0	0.34353346	wide
15	18	False	True	True	True	21.0	0.3192525	wide
15	18	False	True	True	True	22.0	0.3100719	wide
15	18	False	True	True	True	23.0	0.302766	wide
15	18	False	True	True	True	24.0	0.27329022	wide
15	18	False	True	True	True	25.0	0.22881608	wide
15	18	False	True	True	True	26.0	0.2069186	wide
15	18	False	True	True	True	27.0	0.21060634	wide
15	18	False	True	True	True	28.0	0.21018542	wide
15	18	False	True	True	True	29.0	0.19415615	wide
15	18	False	True	True	True	30.0	0.17207928	wide
15	18	False	True	True	True	31.0	0.15272385	wide
15	18	False	True	True	True	32.0	0.13791917	wide
15	18	False	True	True	True	33.0	0.1264418	wide
15	18	False	True	True	True	34.0	0.11693001	wide
15	18	False	True	True	True	35.0	0.10857047	wide
15	18	False	True	True	True	36.0	0.10097591	wide
15	18	False	True	True	True	37.0	0.09397751	wide
15	18	False	True	True	True	38.0	0.08749661	wide
15	18	False	True	True	True	39.0	0.081486195	wide
15	18	False	True	True	True	40.0	0.07591016	wide
15	18	False	True	True	True	10.0	20.739094	narrow
15	18	False	True	True	True	11.0	6.1630707	narrow
15	18	False	True	True	True	12.0	1.3366829	narrow
15	18	False	True	True	True	13.0	0.95634365	narrow
15	18	False	True	True	True	14.0	0.8895629	narrow
15	18	False	True	True	True	15.0	0.83694655	narrow
15	18	False	True	True	True	16.0	0.78510773	narrow
15	18	False	True	True	True	17.0	0.7901385	narrow
15	18	False	True	True	True	18.0	0.7475569	narrow
15	18	False	True	True	True	19.0	0.59054387	narrow
15	18	False	True	True	True	20.0	0.5921551	narrow
15	18	False	True	True	True	21.0	0.5896519	narrow
15	18	False	True	True	True	22.0	0.50239867	narrow
15	18	False	True	True	True	23.0	0.42847133	narrow
15	18	False	True	True	True	24.0	0.38007537	narrow
15	18	False	True	True	True	25.0	0.3428412	narrow
15	18	False	True	True	True	10.0	30.678947	wide
15	18	False	True	True	True	11.0	5.4478006	wide
15	18	False	True	True	True	12.0	1.5393344	wide
15	18	False	True	True	True	13.0	0.830969	wide
15	18	False	True	True	True	14.0	0.62265086	wide
15	18	False	True	True	True	15.0	0.5536803	wide
15	18	False	True	True	True	16.0	0.5245526	wide
15	18	False	True	True	True	17.0	0.49142438	wide
15	18	False	True	True	True	18.0	0.44858187	wide
15	18	False	True	True	True	19.0	0.40379784	wide
15	18	False	True	True	True	20.0	0.36572215	wide
15	18	False	True	True	True	21.0	0.34188455	wide
15	18	False	True	True	True	22.0	0.33479813	wide
15	18	False	True	True	True	23.0	0.32921416	wide
15	18	False	True	True	True	24.0	0.2972767	wide
15	18	False	True	True	True	25.0	0.24750751	wide
15	18	False	True	True	True	26.0	0.2238307	wide
15	18	False	True	True	True	27.0	0.22978702	wide
15	18	False	True	True	True	28.0	0.23076016	wide
15	18	False	True	True	True	29.0	0.21337616	wide
15	18	False	True	True	True	30.0	0.18882266	wide
15	18	False	True	True	True	31.0	0.1673423	wide
15	18	False	True	True	True	32.0	0.15107192	wide
15	18	False	True	True	True	33.0	0.13858825	wide
15	18	False	True	True	True	34.0	0.12830922	wide
15	18	False	True	True	True	35.0	0.11929371	wide
15	18	False	True	True	True	36.0	0.1110971	wide
15	18	False	True	True	True	37.0	0.10352934	wide
15	18	False	True	True	True	38.0	0.09650493	wide
15	18	False	True	True	True	39.0	0.08997506	wide
15	18	False	True	True	True	40.0	0.083903044	wide
16	15	False	True	True	False	10.0	79.27531	narrow
16	15	False	True	True	False	11.0	6.2172174	narrow
16	15	False	True	True	False	12.0	2.863648	narrow
16	15	False	True	True	False	13.0	1.8332201	narrow
16	15	False	True	True	False	14.0	1.0711901	narrow
16	15	False	True	True	False	15.0	0.6430659	narrow
16	15	False	True	True	False	16.0	0.3989044	narrow
16	15	False	True	True	False	17.0	0.25397146	narrow
16	15	False	True	True	False	18.0	0.16836439	narrow
16	15	False	True	True	False	19.0	0.11779629	narrow
16	15	False	True	True	False	20.0	0.08815223	narrow
16	15	False	True	True	False	21.0	0.072650045	narrow
16	15	False	True	True	False	22.0	0.069812804	narrow
16	15	False	True	True	False	23.0	0.08168591	narrow
16	15	False	True	True	False	24.0	0.11125578	narrow
16	15	False	True	True	False	25.0	0.15875332	narrow
16	15	False	True	True	False	10.0	128.24925	wide
16	15	False	True	True	False	11.0	7.558191	wide
16	15	False	True	True	False	12.0	3.8410382	wide
16	15	False	True	True	False	13.0	2.1712644	wide
16	15	False	True	True	False	14.0	1.3920617	wide
16	15	False	True	True	False	15.0	0.9604648	wide
16	15	False	True	True	False	16.0	0.6238364	wide
16	15	False	True	True	False	17.0	0.40787596	wide
16	15	False	True	True	False	18.0	0.27970392	wide
16	15	False	True	True	False	19.0	0.19845352	wide
16	15	False	True	True	False	20.0	0.1441785	wide
16	15	False	True	True	False	21.0	0.10707717	wide
16	15	False	True	True	False	22.0	0.081342116	wide
16	15	False	True	True	False	23.0	0.06322296	wide
16	15	False	True	True	False	24.0	0.050244723	wide
16	15	False	True	True	False	25.0	0.040770635	wide
16	15	False	True	True	False	26.0	0.033720467	wide
16	15	False	True	True	False	27.0	0.028382633	wide
16	15	False	True	True	False	28.0	0.024290629	wide
16	15	False	True	True	False	29.0	0.021143986	wide
16	15	False	True	True	False	30.0	0.01876026	wide
16	15	False	True	True	False	31.0	0.017047334	wide
16	15	False	True	True	False	32.0	0.01598794	wide
16	15	False	True	True	False	33.0	0.01562927	wide
16	15	False	True	True	False	34.0	0.016071545	wide
16	15	False	True	True	False	35.0	0.017450664	wide
16	15	False	True	True	False	36.0	0.019912088	wide
16	15	False	True	True	False	37.0	0.023576548	wide
16	15	False	True	True	False	38.0	0.02850072	wide
16	15	False	True	True	False	39.0	0.03464013	wide
16	15	False	True	True	False	40.0	0.0418214	wide
16	15	False	True	True	True	10.0	71.00478	narrow
16	15	False	True	True	True	11.0	5.466211	narrow
16	15	False	True	True	True	12.0	2.5443976	narrow
16	15	False	True	True	True	13.0	1.6747369	narrow
16	15	False	True	True	True	14.0	0.9788781	narrow
16	15	False	True	True	True	15.0	0.5882597	narrow
16	15	False	True	True	True	16.0	0.36561966	narrow
16	15	False	True	True	True	17.0	0.23287652	narrow
16	15	False	True	True	True	18.0	0.15435137	narrow
16	15	False	True	True	True	19.0	0.10799757	narrow
16	15	False	True	True	True	20.0	0.08089091	narrow
16	15	False	True	True	True	21.0	0.06684143	narrow
16	15	False	True	True	True	22.0	0.06458597	narrow
16	15	False	True	True	True	23.0	0.07614745	narrow
16	15	False	True	True	True	24.0	0.10441062	narrow
16	15	False	True	True	True	25.0	0.14962506	narrow
16	15	False	True	True	True	10.0	117.94308	wide
16	15	False	True	True	True	11.0	6.6452446	wide
16	15	False	True	True	True	12.0	3.4145029	wide
16	15	False	True	True	True	13.0	1.9291879	wide
16	15	False	True	True	True	14.0	1.2523876	wide
16	15	False	True	True	True	15.0	0.8800564	wide
16	15	False	True	True	True	16.0	0.57224935	wide
16	15	False	True	True	True	17.0	0.37314993	wide
16	15	False	True	True	True	18.0	0.2560764	wide
16	15	False	True	True	True	19.0	0.181993	wide
16	15	False	True	True	True	20.0	0.13235651	wide
16	15	False	True	True	True	21.0	0.09833404	wide
16	15	False	True	True	True	22.0	0.07470109	wide
16	15	False	True	True	True	23.0	0.05805496	wide
16	15	False	True	True	True	24.0	0.04613372	wide
16	15	False	True	True	True	25.0	0.037434876	wide
16	15	False	True	True	True	26.0	0.030964702	wide
16	15	False	True	True	True	27.0	0.0260683	wide
16	15	False	True	True	True	28.0	0.022316702	wide
16	15	False	True	True	True	29.0	0.019434245	wide
16	15	False	True	True	True	30.0	0.017254494	wide
16	15	False	True	True	True	31.0	0.015694873	wide
16	15	False	True	True	True	32.0	0.014742542	wide
16	15	False	True	True	True	33.0	0.014444968	wide
16	15	False	True	True	True	34.0	0.014899324	wide
16	15	False	True	True	True	35.0	0.016236208	wide
16	15	False	True	True	True	36.0	0.018594977	wide
16	15	False	True	True	True	37.0	0.022091273	wide
16	15	False	True	True	True	38.0	0.026779704	wide
16	15	False	True	True	True	39.0	0.032618716	wide
16	15	False	True	True	True	40.0	0.03944419	wide
16	15	False	True	True	True	10.0	90.86035	narrow
16	15	False	True	True	True	11.0	7.3430185	narrow
16	15	False	True	True	True	12.0	3.3442862	narrow
16	15	False	True	True	True	13.0	2.0787635	narrow
16	15	False	True	True	True	14.0	1.2107669	narrow
16	15	False	True	True	True	15.0	0.72419626	narrow
16	15	False	True	True	True	16.0	0.4472582	narrow
16	15	False	True	True	True	17.0	0.28396255	narrow
16	15	False	True	True	True	18.0	0.18785208	narrow
16	15	False	True	True	True	19.0	0.13113944	narrow
16	15	False	True	True	True	20.0	0.0978456	narrow
16	15	False	True	True	True	21.0	0.08024762	narrow
16	15	False	True	True	True	22.0	0.07648477	narrow
16	15	False	True	True	True	23.0	0.088550955	narrow
16	15	False	True	True	True	24.0	0.11950428	narrow
16	15	False	True	True	True	25.0	0.16952959	narrow
16	15	False	True	True	True	10.0	141.98233	wide
16	15	False	True	True	True	11.0	8.893301	wide
16	15	False	True	True	True	12.0	4.4766707	wide
16	15	False	True	True	True	13.0	2.5313542	wide
16	15	False	True	True	True	14.0	1.6024579	wide
16	15	False	True	True	True	15.0	1.0850527	wide
16	15	False	True	True	True	16.0	0.7030824	wide
16	15	False	True	True	True	17.0	0.46020094	wide
16	15	False	True	True	True	18.0	0.3148349	wide
16	15	False	True	True	True	19.0	0.22261399	wide
16	15	False	True	True	True	20.0	0.16127048	wide
16	15	False	True	True	True	21.0	0.119512476	wide
16	15	False	True	True	True	22.0	0.09063459	wide
16	15	False	True	True	True	23.0	0.07034365	wide
16	15	False	True	True	True	24.0	0.055829942	wide
16	15	False	True	True	True	25.0	0.04524606	wide
16	15	False	True	True	True	26.0	0.037377067	wide
16	15	False	True	True	True	27.0	0.031423952	wide
16	15	False	True	True	True	28.0	0.026862891	wide
16	15	False	True	True	True	29.0	0.023355635	wide
16	15	False	True	True	True	30.0	0.020695211	wide
16	15	False	True	True	True	31.0	0.018774409	wide
16	15	False	True	True	True	32.0	0.017567959	wide
16	15	False	True	True	True	33.0	0.01712066	wide
16	15	False	True	True	True	34.0	0.017534668	wide
16	15	False	True	True	True	35.0	0.018950732	wide
16	15	False	True	True	True	36.0	0.021520354	wide
16	15	False	True	True	True	37.0	0.025369352	wide
16	15	False	True	True	True	38.0	0.03055617	wide
16	15	False	True	True	True	39.0	0.03703271	wide
16	15	False	True	True	True	40.0	0.044614796	wide
16	18	False	True	True	False	10.0	82.50672	narrow
16	18	False	True	True	False	11.0	5.887722	narrow
16	18	False	True	True	False	12.0	2.9647949	narrow
16	18	False	True	True	False	13.0	1.6991891	narrow
16	18	False	True	True	False	14.0	1.0047023	narrow
16	18	False	True	True	False	15.0	0.62592715	narrow
16	18	False	True	True	False	16.0	0.40573454	narrow
16	18	False	True	True	False	17.0	0.2752188	narrow
16	18	False	True	True	False	18.0	0.19641164	narrow
16	18	False	True	True	False	19.0	0.14814137	narrow
16	18	False	True	True	False	20.0	0.119293824	narrow
16	18	False	True	True	False	21.0	0.105019644	narrow
16	18	False	True	True	False	22.0	0.10434155	narrow
16	18	False	True	True	False	23.0	0.11804852	narrow
16	18	False	True	True	False	24.0	0.14639358	narrow
16	18	False	True	True	False	25.0	0.18693553	narrow
16	18	False	True	True	False	10.0	136.86937	wide
16	18	False	True	True	False	11.0	7.370425	wide
16	18	False	True	True	False	12.0	3.7982817	wide
16	18	False	True	True	False	13.0	2.2487895	wide
16	18	False	True	True	False	14.0	1.3489095	wide
16	18	False	True	True	False	15.0	0.9098584	wide
16	18	False	True	True	False	16.0	0.61214525	wide
16	18	False	True	True	False	17.0	0.39245412	wide
16	18	False	True	True	False	18.0	0.26073202	wide
16	18	False	True	True	False	19.0	0.18386586	wide
16	18	False	True	True	False	20.0	0.13569629	wide
16	18	False	True	True	False	21.0	0.10389653	wide
16	18	False	True	True	False	22.0	0.08221945	wide
16	18	False	True	True	False	23.0	0.06701576	wide
16	18	False	True	True	False	24.0	0.056029964	wide
16	18	False	True	True	False	25.0	0.047841482	wide
16	18	False	True	True	False	26.0	0.041546397	wide
16	18	False	True	True	False	27.0	0.036564324	wide
16	18	False	True	True	False	28.0	0.032518394	wide
16	18	False	True	True	False	29.0	0.029160082	wide
16	18	False	True	True	False	30.0	0.026322136	wide
16	18	False	True	True	False	31.0	0.023889111	wide
16	18	False	True	True	False	32.0	0.021778995	wide
16	18	False	True	True	False	33.0	0.019931804	wide
16	18	False	True	True	False	34.0	0.018302366	wide
16	18	False	True	True	False	35.0	0.016855784	wide
16	18	False	True	True	False	36.0	0.0155644845	wide
16	18	False	True	True	False	37.0	0.014406295	wide
16	18	False	True	True	False	38.0	0.013363116	wide
16	18	False	True	True	False	39.0	0.0124200275	wide
16	18	False	True	True	False	40.0	0.01156458	wide
16	18	False	True	True	True	10.0	73.868164	narrow
16	18	False	True	True	True	11.0	5.1337643	narrow
16	18	False	True	True	True	12.0	2.6551516	narrow
16	18	False	True	True	True	13.0	1.5318865	narrow
16	18	False	True	True	True	14.0	0.9088145	narrow
16	18	False	True	True	True	15.0	0.5692042	narrow
16	18	False	True	True	True	16.0	0.37027472	narrow
16	18	False	True	True	True	17.0	0.25165892	narrow
16	18	False	True	True	True	18.0	0.1797868	narrow
16	18	False	True	True	True	19.0	0.13570379	narrow
16	18	False	True	True	True	20.0	0.10941056	narrow
16	18	False	True	True	True	21.0	0.09659057	narrow
16	18	False	True	True	True	22.0	0.09648028	narrow
16	18	False	True	True	True	23.0	0.10992809	narrow
16	18	False	True	True	True	24.0	0.13722807	narrow
16	18	False	True	True	True	25.0	0.17607331	narrow
16	18	False	True	True	True	10.0	125.57722	wide
16	18	False	True	True	True	11.0	6.4556584	wide
16	18	False	True	True	True	12.0	3.3667397	wide
16	18	False	True	True	True	13.0	2.0079463	wide
16	18	False	True	True	True	14.0	1.2045804	wide
16	18	False	True	True	True	15.0	0.8268269	wide
16	18	False	True	True	True	16.0	0.56203485	wide
16	18	False	True	True	True	17.0	0.3588539	wide
16	18	False	True	True	True	18.0	0.23749842	wide
16	18	False	True	True	True	19.0	0.167553	wide
16	18	False	True	True	True	20.0	0.12388059	wide
16	18	False	True	True	True	21.0	0.09501213	wide
16	18	False	True	True	True	22.0	0.07529651	wide
16	18	False	True	True	True	23.0	0.061449274	wide
16	18	False	True	True	True	24.0	0.05143326	wide
16	18	False	True	True	True	25.0	0.04396018	wide
16	18	False	True	True	True	26.0	0.038208134	wide
16	18	False	True	True	True	27.0	0.033648916	wide
16	18	False	True	True	True	28.0	0.02993985	wide
16	18	False	True	True	True	29.0	0.026855374	wide
16	18	False	True	True	True	30.0	0.024244094	wide
16	18	False	True	True	True	31.0	0.022001749	wide
16	18	False	True	True	True	32.0	0.020054378	wide
16	18	False	True	True	True	33.0	0.01834787	wide
16	18	False	True	True	True	34.0	0.016841443	wide
16	18	False	True	True	True	35.0	0.015503482	wide
16	18	False	True	True	True	36.0	0.014308928	wide
16	18	False	True	True	True	37.0	0.013237552	wide
16	18	False	True	True	True	38.0	0.01227278	wide
16	18	False	True	True	True	39.0	0.011400863	wide
16	18	False	True	True	True	40.0	0.010610356	wide
16	18	False	True	True	True	10.0	94.58265	narrow
16	18	False	True	True	True	11.0	7.014178	narrow
16	18	False	True	True	True	12.0	3.4379272	narrow
16	18	False	True	True	True	13.0	1.952323	narrow
16	18	False	True	True	True	14.0	1.1474545	narrow
16	18	False	True	True	True	15.0	0.70923346	narrow
16	18	False	True	True	True	16.0	0.45685324	narrow
16	18	False	True	True	True	17.0	0.30843076	narrow
16	18	False	True	True	True	18.0	0.21931542	narrow
16	18	False	True	True	True	19.0	0.16492024	narrow
16	18	False	True	True	True	20.0	0.13238738	narrow
16	18	False	True	True	True	21.0	0.116007455	narrow
16	18	False	True	True	True	22.0	0.11442394	narrow
16	18	False	True	True	True	23.0	0.1282845	narrow
16	18	False	True	True	True	24.0	0.15775526	narrow
16	18	False	True	True	True	25.0	0.20022051	narrow
16	18	False	True	True	True	10.0	151.86064	wide
16	18	False	True	True	True	11.0	8.708773	wide
16	18	False	True	True	True	12.0	4.4403744	wide
16	18	False	True	True	True	13.0	2.6097894	wide
16	18	False	True	True	True	14.0	1.5640826	wide
16	18	False	True	True	True	15.0	1.0367265	wide
16	18	False	True	True	True	16.0	0.68995506	wide
16	18	False	True	True	True	17.0	0.44366458	wide
16	18	False	True	True	True	18.0	0.29545832	wide
16	18	False	True	True	True	19.0	0.20792568	wide
16	18	False	True	True	True	20.0	0.15288894	wide
16	18	False	True	True	True	21.0	0.11661742	wide
16	18	False	True	True	True	22.0	0.09195575	wide
16	18	False	True	True	True	23.0	0.0747025	wide
16	18	False	True	True	True	24.0	0.06226818	wide
16	18	False	True	True	True	25.0	0.0530271	wide
16	18	False	True	True	True	26.0	0.045946848	wide
16	18	False	True	True	True	27.0	0.040364612	wide
16	18	False	True	True	True	28.0	0.035849437	wide
16	18	False	True	True	True	29.0	0.032116484	wide
16	18	False	True	True	True	30.0	0.02897358	wide
16	18	False	True	True	True	31.0	0.026287874	wide
16	18	False	True	True	True	32.0	0.023964971	wide
16	18	False	True	True	True	33.0	0.021935921	wide
16	18	False	True	True	True	34.0	0.020149011	wide
16	18	False	True	True	True	35.0	0.018564466	wide
16	18	False	True	True	True	36.0	0.017151058	wide
16	18	False	True	True	True	37.0	0.01588382	wide
16	18	False	True	True	True	38.0	0.014742525	wide
16	18	False	True	True	True	39.0	0.013710564	wide
16	18	False	True	True	True	40.0	0.012774192	wide
17	15	False	True	True	False	10.0	3.8706317	narrow
17	15	False	True	True	False	11.0	7.4647994	narrow
17	15	False	True	True	False	12.0	1.331303	narrow
17	15	False	True	True	False	13.0	0.7738191	narrow
17	15	False	True	True	False	14.0	0.59022194	narrow
17	15	False	True	True	False	15.0	0.43148923	narrow
17	15	False	True	True	False	16.0	0.34283552	narrow
17	15	False	True	True	False	17.0	0.28055432	narrow
17	15	False	True	True	False	18.0	0.22931395	narrow
17	15	False	True	True	False	19.0	0.18603915	narrow
17	15	False	True	True	False	20.0	0.14973079	narrow
17	15	False	True	True	False	21.0	0.11981955	narrow
17	15	False	True	True	False	22.0	0.09579859	narrow
17	15	False	True	True	False	23.0	0.07706391	narrow
17	15	False	True	True	False	24.0	0.06287453	narrow
17	15	False	True	True	False	25.0	0.052396927	narrow
17	15	False	True	True	False	10.0	1.6797423	wide
17	15	False	True	True	False	11.0	7.6811457	wide
17	15	False	True	True	False	12.0	9.998034	wide
17	15	False	True	True	False	13.0	1.5655105	wide
17	15	False	True	True	False	14.0	0.4134204	wide
17	15	False	True	True	False	15.0	0.45027086	wide
17	15	False	True	True	False	16.0	0.32902184	wide
17	15	False	True	True	False	17.0	0.23077554	wide
17	15	False	True	True	False	18.0	0.19087447	wide
17	15	False	True	True	False	19.0	0.16205932	wide
17	15	False	True	True	False	20.0	0.13606988	wide
17	15	False	True	True	False	21.0	0.11320388	wide
17	15	False	True	True	False	22.0	0.09409465	wide
17	15	False	True	True	False	23.0	0.078875095	wide
17	15	False	True	True	False	24.0	0.06723657	wide
17	15	False	True	True	False	25.0	0.058619045	wide
17	15	False	True	True	False	26.0	0.05236603	wide
17	15	False	True	True	False	27.0	0.04781955	wide
17	15	False	True	True	False	28.0	0.044376962	wide
17	15	False	True	True	False	29.0	0.04153068	wide
17	15	False	True	True	False	30.0	0.03889797	wide
17	15	False	True	True	False	31.0	0.03623656	wide
17	15	False	True	True	False	32.0	0.033441667	wide
17	15	False	True	True	False	33.0	0.03052335	wide
17	15	False	True	True	False	34.0	0.027570045	wide
17	15	False	True	True	False	35.0	0.024707155	wide
17	15	False	True	True	False	36.0	0.02206004	wide
17	15	False	True	True	False	37.0	0.019727321	wide
17	15	False	True	True	False	38.0	0.017767051	wide
17	15	False	True	True	False	39.0	0.016194314	wide
17	15	False	True	True	False	40.0	0.01498718	wide
17	15	False	True	True	True	10.0	3.58321	narrow
17	15	False	True	True	True	11.0	6.768411	narrow
17	15	False	True	True	True	12.0	1.2294304	narrow
17	15	False	True	True	True	13.0	0.7264663	narrow
17	15	False	True	True	True	14.0	0.5535966	narrow
17	15	False	True	True	True	15.0	0.40377325	narrow
17	15	False	True	True	True	16.0	0.32004273	narrow
17	15	False	True	True	True	17.0	0.2615324	narrow
17	15	False	True	True	True	18.0	0.21372075	narrow
17	15	False	True	True	True	19.0	0.17353801	narrow
17	15	False	True	True	True	20.0	0.13990846	narrow
17	15	False	True	True	True	21.0	0.11222241	narrow
17	15	False	True	True	True	22.0	0.08997815	narrow
17	15	False	True	True	True	23.0	0.072612666	narrow
17	15	False	True	True	True	24.0	0.059447765	narrow
17	15	False	True	True	True	25.0	0.049720794	narrow
17	15	False	True	True	True	10.0	1.5593294	wide
17	15	False	True	True	True	11.0	6.9836373	wide
17	15	False	True	True	True	12.0	9.011117	wide
17	15	False	True	True	True	13.0	1.4217032	wide
17	15	False	True	True	True	14.0	0.38738593	wide
17	15	False	True	True	True	15.0	0.42168173	wide
17	15	False	True	True	True	16.0	0.30722544	wide
17	15	False	True	True	True	17.0	0.21449938	wide
17	15	False	True	True	True	18.0	0.17694715	wide
17	15	False	True	True	True	19.0	0.15027069	wide
17	15	False	True	True	True	20.0	0.12652662	wide
17	15	False	True	True	True	21.0	0.10578063	wide
17	15	False	True	True	True	22.0	0.08848462	wide
17	15	False	True	True	True	23.0	0.07470089	wide
17	15	False	True	True	True	24.0	0.06413286	wide
17	15	False	True	True	True	25.0	0.05627582	wide
17	15	False	True	True	True	26.0	0.050543092	wide
17	15	False	True	True	True	27.0	0.046344824	wide
17	15	False	True	True	True	28.0	0.043137286	wide
17	15	False	True	True	True	29.0	0.040459458	wide
17	15	False	True	True	True	30.0	0.03796168	wide
17	15	False	True	True	True	31.0	0.03542185	wide
17	15	False	True	True	True	32.0	0.032744117	wide
17	15	False	True	True	True	33.0	0.029939242	wide
17	15	False	True	True	True	34.0	0.027091475	wide
17	15	False	True	True	True	35.0	0.024320502	wide
17	15	False	True	True	True	36.0	0.021746892	wide
17	15	False	True	True	True	37.0	0.019466868	wide
17	15	False	True	True	True	38.0	0.01753884	wide
17	15	False	True	True	True	39.0	0.015980577	wide
17	15	False	True	True	True	40.0	0.014774406	wide
17	15	False	True	True	True	10.0	4.2370687	narrow
17	15	False	True	True	True	11.0	8.3511915	narrow
17	15	False	True	True	True	12.0	1.4683183	narrow
17	15	False	True	True	True	13.0	0.83988696	narrow
17	15	False	True	True	True	14.0	0.6428193	narrow
17	15	False	True	True	True	15.0	0.47292224	narrow
17	15	False	True	True	True	16.0	0.3775477	narrow
17	15	False	True	True	True	17.0	0.3097539	narrow
17	15	False	True	True	True	18.0	0.2533799	narrow
17	15	False	True	True	True	19.0	0.20543645	narrow
17	15	False	True	True	True	20.0	0.16506878	narrow
17	15	False	True	True	True	21.0	0.1317757	narrow
17	15	False	True	True	True	22.0	0.105041966	narrow
17	15	False	True	True	True	23.0	0.08420039	narrow
17	15	False	True	True	True	24.0	0.0684163	narrow
17	15	False	True	True	True	25.0	0.056752548	narrow
17	15	False	True	True	True	10.0	1.8470589	wide
17	15	False	True	True	True	11.0	8.559591	wide
17	15	False	True	True	True	12.0	11.265772	wide
17	15	False	True	True	True	13.0	1.7597939	wide
17	15	False	True	True	True	14.0	0.4547297	wide
17	15	False	True	True	True	15.0	0.49252176	wide
17	15	False	True	True	True	16.0	0.36234152	wide
17	15	False	True	True	True	17.0	0.25688958	wide
17	15	False	True	True	True	18.0	0.21337667	wide
17	15	False	True	True	True	19.0	0.181103	wide
17	15	False	True	True	True	20.0	0.15151776	wide
17	15	False	True	True	True	21.0	0.12527846	wide
17	15	False	True	True	True	22.0	0.10328788	wide
17	15	False	True	True	True	23.0	0.0857796	wide
17	15	False	True	True	True	24.0	0.07242125	wide
17	15	False	True	True	True	25.0	0.06256512	wide
17	15	False	True	True	True	26.0	0.05544722	wide
17	15	False	True	True	True	27.0	0.050306328	wide
17	15	False	True	True	True	28.0	0.04645173	wide
17	15	False	True	True	True	29.0	0.04330684	wide
17	15	False	True	True	True	30.0	0.040439527	wide
17	15	False	True	True	True	31.0	0.037576497	wide
17	15	False	True	True	True	32.0	0.034597397	wide
17	15	False	True	True	True	33.0	0.03150815	wide
17	15	False	True	True	True	34.0	0.02839984	wide
17	15	False	True	True	True	35.0	0.0254031	wide
17	15	False	True	True	True	36.0	0.02264781	wide
17	15	False	True	True	True	37.0	0.020234564	wide
17	15	False	True	True	True	38.0	0.01822032	wide
17	15	False	True	True	True	39.0	0.016616413	wide
17	15	False	True	True	True	40.0	0.015395546	wide
17	18	False	True	True	False	10.0	2.7123857	narrow
17	18	False	True	True	False	11.0	5.146138	narrow
17	18	False	True	True	False	12.0	3.5029588	narrow
17	18	False	True	True	False	13.0	0.6590705	narrow
17	18	False	True	True	False	14.0	0.5561162	narrow
17	18	False	True	True	False	15.0	0.41462484	narrow
17	18	False	True	True	False	16.0	0.31885436	narrow
17	18	False	True	True	False	17.0	0.26097038	narrow
17	18	False	True	True	False	18.0	0.21677548	narrow
17	18	False	True	True	False	19.0	0.17953765	narrow
17	18	False	True	True	False	20.0	0.14866726	narrow
17	18	False	True	True	False	21.0	0.12414473	narrow
17	18	False	True	True	False	22.0	0.10546375	narrow
17	18	False	True	True	False	23.0	0.09172015	narrow
17	18	False	True	True	False	24.0	0.081862986	narrow
17	18	False	True	True	False	25.0	0.0748662	narrow
17	18	False	True	True	False	10.0	1.5429454	wide
17	18	False	True	True	False	11.0	7.2935543	wide
17	18	False	True	True	False	12.0	11.968524	wide
17	18	False	True	True	False	13.0	0.57226807	wide
17	18	False	True	True	False	14.0	0.5086077	wide
17	18	False	True	True	False	15.0	0.42433786	wide
17	18	False	True	True	False	16.0	0.2942211	wide
17	18	False	True	True	False	17.0	0.23427285	wide
17	18	False	True	True	False	18.0	0.19996493	wide
17	18	False	True	True	False	19.0	0.16930594	wide
17	18	False	True	True	False	20.0	0.13960885	wide
17	18	False	True	True	False	21.0	0.11281796	wide
17	18	False	True	True	False	22.0	0.090744324	wide
17	18	False	True	True	False	23.0	0.07377002	wide
17	18	False	True	True	False	24.0	0.061237164	wide
17	18	False	True	True	False	25.0	0.05215261	wide
17	18	False	True	True	False	26.0	0.045610763	wide
17	18	False	True	True	False	27.0	0.040926892	wide
17	18	False	True	True	False	28.0	0.03762646	wide
17	18	False	True	True	False	29.0	0.035392337	wide
17	18	False	True	True	False	30.0	0.03401199	wide
17	18	False	True	True	False	31.0	0.033334665	wide
17	18	False	True	True	False	32.0	0.033239022	wide
17	18	False	True	True	False	33.0	0.033609625	wide
17	18	False	True	True	False	34.0	0.034321927	wide
17	18	False	True	True	False	35.0	0.03523557	wide
17	18	False	True	True	False	36.0	0.036195356	wide
17	18	False	True	True	False	37.0	0.037039243	wide
17	18	False	True	True	False	38.0	0.037610695	wide
17	18	False	True	True	False	39.0	0.037773486	wide
17	18	False	True	True	False	40.0	0.03742525	wide
17	18	False	True	True	True	10.0	2.5215197	narrow
17	18	False	True	True	True	11.0	4.6631737	narrow
17	18	False	True	True	True	12.0	3.1910625	narrow
17	18	False	True	True	True	13.0	0.61897045	narrow
17	18	False	True	True	True	14.0	0.5219421	narrow
17	18	False	True	True	True	15.0	0.38829347	narrow
17	18	False	True	True	True	16.0	0.29757577	narrow
17	18	False	True	True	True	17.0	0.24285369	narrow
17	18	False	True	True	True	18.0	0.20149195	narrow
17	18	False	True	True	True	19.0	0.16700876	narrow
17	18	False	True	True	True	20.0	0.13865368	narrow
17	18	False	True	True	True	21.0	0.11627134	narrow
17	18	False	True	True	True	22.0	0.09931779	narrow
17	18	False	True	True	True	23.0	0.08692126	narrow
17	18	False	True	True	True	24.0	0.07809376	narrow
17	18	False	True	True	True	25.0	0.07187707	narrow
17	18	False	True	True	True	10.0	1.4369892	wide
17	18	False	True	True	True	11.0	6.6093593	wide
17	18	False	True	True	True	12.0	10.776493	wide
17	18	False	True	True	True	13.0	0.5341706	wide
17	18	False	True	True	True	14.0	0.47580668	wide
17	18	False	True	True	True	15.0	0.39657277	wide
17	18	False	True	True	True	16.0	0.27402937	wide
17	18	False	True	True	True	17.0	0.2174151	wide
17	18	False	True	True	True	18.0	0.1852913	wide
17	18	False	True	True	True	19.0	0.1570478	wide
17	18	False	True	True	True	20.0	0.12995596	wide
17	18	False	True	True	True	21.0	0.10559633	wide
17	18	False	True	True	True	22.0	0.08551671	wide
17	18	False	True	True	True	23.0	0.07003328	wide
17	18	False	True	True	True	24.0	0.05855214	wide
17	18	False	True	True	True	25.0	0.050186496	wide
17	18	False	True	True	True	26.0	0.044129394	wide
17	18	False	True	True	True	27.0	0.03977115	wide
17	18	False	True	True	True	28.0	0.036689475	wide
17	18	False	True	True	True	29.0	0.034602184	wide
17	18	False	True	True	True	30.0	0.033319876	wide
17	18	False	True	True	True	31.0	0.032707147	wide
17	18	False	True	True	True	32.0	0.03265311	wide
17	18	False	True	True	True	33.0	0.0330498	wide
17	18	False	True	True	True	34.0	0.03377838	wide
17	18	False	True	True	True	35.0	0.034703203	wide
17	18	False	True	True	True	36.0	0.03567313	wide
17	18	False	True	True	True	37.0	0.036529638	wide
17	18	False	True	True	True	38.0	0.037119135	wide
17	18	False	True	True	True	39.0	0.037307527	wide
17	18	False	True	True	True	40.0	0.03699367	wide
17	18	False	True	True	True	10.0	2.9594715	narrow
17	18	False	True	True	True	11.0	5.7677135	narrow
17	18	False	True	True	True	12.0	3.9019427	narrow
17	18	False	True	True	True	13.0	0.71642816	narrow
17	18	False	True	True	True	14.0	0.60525286	narrow
17	18	False	True	True	True	15.0	0.45374948	narrow
17	18	False	True	True	True	16.0	0.35124454	narrow
17	18	False	True	True	True	17.0	0.28873652	narrow
17	18	False	True	True	True	18.0	0.24025348	narrow
17	18	False	True	True	True	19.0	0.19884935	narrow
17	18	False	True	True	True	20.0	0.16418551	narrow
17	18	False	True	True	True	21.0	0.13643447	narrow
17	18	False	True	True	True	22.0	0.11513955	narrow
17	18	False	True	True	True	23.0	0.09934757	narrow
17	18	False	True	True	True	24.0	0.08791542	narrow
17	18	False	True	True	True	25.0	0.07971802	narrow
17	18	False	True	True	True	10.0	1.688636	wide
17	18	False	True	True	True	11.0	8.163908	wide
17	18	False	True	True	True	12.0	13.487991	wide
17	18	False	True	True	True	13.0	0.63051176	wide
17	18	False	True	True	True	14.0	0.5581664	wide
17	18	False	True	True	True	15.0	0.46622035	wide
17	18	False	True	True	True	16.0	0.32604712	wide
17	18	False	True	True	True	17.0	0.26108697	wide
17	18	False	True	True	True	18.0	0.22310324	wide
17	18	False	True	True	True	19.0	0.18850292	wide
17	18	False	True	True	True	20.0	0.15472175	wide
17	18	False	True	True	True	21.0	0.12420294	wide
17	18	False	True	True	True	22.0	0.099095635	wide
17	18	False	True	True	True	23.0	0.07984895	wide
17	18	False	True	True	True	24.0	0.06569945	wide
17	18	False	True	True	True	25.0	0.055495042	wide
17	18	False	True	True	True	26.0	0.04818511	wide
17	18	False	True	True	True	27.0	0.042974424	wide
17	18	False	True	True	True	28.0	0.039311055	wide
17	18	False	True	True	True	29.0	0.036825567	wide
17	18	False	True	True	True	30.0	0.035270568	wide
17	18	False	True	True	True	31.0	0.03447189	wide
17	18	False	True	True	True	32.0	0.03429219	wide
17	18	False	True	True	True	33.0	0.034604605	wide
17	18	False	True	True	True	34.0	0.035276033	wide
17	18	False	True	True	True	35.0	0.036159236	wide
17	18	False	True	True	True	36.0	0.03709328	wide
17	18	False	True	True	True	37.0	0.037911233	wide
17	18	False	True	True	True	38.0	0.038452584	wide
17	18	False	True	True	True	39.0	0.03857807	wide
17	18	False	True	True	True	40.0	0.038183495	wide
18	15	False	True	True	False	10.0	0.51830566	narrow
18	15	False	True	True	False	11.0	0.33927295	narrow
18	15	False	True	True	False	12.0	0.0663891	narrow
18	15	False	True	True	False	13.0	0.021444669	narrow
18	15	False	True	True	False	14.0	0.015359815	narrow
18	15	False	True	True	False	15.0	0.013469311	narrow
18	15	False	True	True	False	16.0	0.012711017	narrow
18	15	False	True	True	False	17.0	0.012474375	narrow
18	15	False	True	True	False	18.0	0.012808957	narrow
18	15	False	True	True	False	19.0	0.014076977	narrow
18	15	False	True	True	False	20.0	0.016845966	narrow
18	15	False	True	True	False	21.0	0.021790853	narrow
18	15	False	True	True	False	22.0	0.02954003	narrow
18	15	False	True	True	False	23.0	0.040470622	narrow
18	15	False	True	True	False	24.0	0.05450381	narrow
18	15	False	True	True	False	25.0	0.07097025	narrow
18	15	False	True	True	False	10.0	0.7759193	wide
18	15	False	True	True	False	11.0	0.31585863	wide
18	15	False	True	True	False	12.0	0.13426939	wide
18	15	False	True	True	False	13.0	0.03075987	wide
18	15	False	True	True	False	14.0	0.017573982	wide
18	15	False	True	True	False	15.0	0.0133987125	wide
18	15	False	True	True	False	16.0	0.011558875	wide
18	15	False	True	True	False	17.0	0.010512697	wide
18	15	False	True	True	False	18.0	0.009767467	wide
18	15	False	True	True	False	19.0	0.0091535635	wide
18	15	False	True	True	False	20.0	0.008609522	wide
18	15	False	True	True	False	21.0	0.008112258	wide
18	15	False	True	True	False	22.0	0.007652873	wide
18	15	False	True	True	False	23.0	0.0072279572	wide
18	15	False	True	True	False	24.0	0.0068366267	wide
18	15	False	True	True	False	25.0	0.006479782	wide
18	15	False	True	True	False	26.0	0.006160337	wide
18	15	False	True	True	False	27.0	0.005883856	wide
18	15	False	True	True	False	28.0	0.005659343	wide
18	15	False	True	True	False	29.0	0.0055000386	wide
18	15	False	True	True	False	30.0	0.0054240297	wide
18	15	False	True	True	False	31.0	0.0054544597	wide
18	15	False	True	True	False	32.0	0.005619253	wide
18	15	False	True	True	False	33.0	0.0059501105	wide
18	15	False	True	True	False	34.0	0.006480776	wide
18	15	False	True	True	False	35.0	0.007244612	wide
18	15	False	True	True	False	36.0	0.008271505	wide
18	15	False	True	True	False	37.0	0.009584561	wide
18	15	False	True	True	False	38.0	0.011196634	wide
18	15	False	True	True	False	39.0	0.013107395	wide
18	15	False	True	True	False	40.0	0.015300926	wide
18	15	False	True	True	True	10.0	0.49699703	narrow
18	15	False	True	True	True	11.0	0.31667554	narrow
18	15	False	True	True	True	12.0	0.06310664	narrow
18	15	False	True	True	True	13.0	0.020662777	narrow
18	15	False	True	True	True	14.0	0.014558496	narrow
18	15	False	True	True	True	15.0	0.012592117	narrow
18	15	False	True	True	True	16.0	0.011778919	narrow
18	15	False	True	True	True	17.0	0.011507952	narrow
18	15	False	True	True	True	18.0	0.011818513	narrow
18	15	False	True	True	True	19.0	0.013056481	narrow
18	15	False	True	True	True	20.0	0.015765537	narrow
18	15	False	True	True	True	21.0	0.020588556	narrow
18	15	False	True	True	True	22.0	0.028116604	narrow
18	15	False	True	True	True	23.0	0.038691916	narrow
18	15	False	True	True	True	24.0	0.052214365	narrow
18	15	False	True	True	True	25.0	0.06801811	narrow
18	15	False	True	True	True	10.0	0.7409816	wide
18	15	False	True	True	True	11.0	0.29896784	wide
18	15	False	True	True	True	12.0	0.12666494	wide
18	15	False	True	True	True	13.0	0.02981171	wide
18	15	False	True	True	True	14.0	0.01688128	wide
18	15	False	True	True	True	15.0	0.012688125	wide
18	15	False	True	True	True	16.0	0.010817985	wide
18	15	False	True	True	True	17.0	0.009752455	wide
18	15	False	True	True	True	18.0	0.009000686	wide
18	15	False	True	True	True	19.0	0.008390799	wide
18	15	False	True	True	True	20.0	0.007858574	wide
18	15	False	True	True	True	21.0	0.0073785274	wide
18	15	False	True	True	True	22.0	0.0069398764	wide
18	15	False	True	True	True	23.0	0.006537803	wide
18	15	False	True	True	True	24.0	0.0061704055	wide
18	15	False	True	True	True	25.0	0.005837854	wide
18	15	False	True	True	True	26.0	0.0055425237	wide
18	15	False	True	True	True	27.0	0.0052895574	wide
18	15	False	True	True	True	28.0	0.005087573	wide
18	15	False	True	True	True	29.0	0.004949388	wide
18	15	False	True	True	True	30.0	0.0048925537	wide
18	15	False	True	True	True	31.0	0.0049394984	wide
18	15	False	True	True	True	32.0	0.0051171947	wide
18	15	False	True	True	True	33.0	0.005456129	wide
18	15	False	True	True	True	34.0	0.0059885634	wide
18	15	False	True	True	True	35.0	0.006746162	wide
18	15	False	True	True	True	36.0	0.0077569913	wide
18	15	False	True	True	True	37.0	0.009042352	wide
18	15	False	True	True	True	38.0	0.010613485	wide
18	15	False	True	True	True	39.0	0.012468828	wide
18	15	False	True	True	True	40.0	0.014591803	wide
18	15	False	True	True	True	10.0	0.54454535	narrow
18	15	False	True	True	True	11.0	0.36692113	narrow
18	15	False	True	True	True	12.0	0.070460014	narrow
18	15	False	True	True	True	13.0	0.022458645	narrow
18	15	False	True	True	True	14.0	0.01641973	narrow
18	15	False	True	True	True	15.0	0.014644162	narrow
18	15	False	True	True	True	16.0	0.01397057	narrow
18	15	False	True	True	True	17.0	0.013789038	narrow
18	15	False	True	True	True	18.0	0.014163101	narrow
18	15	False	True	True	True	19.0	0.015476427	narrow
18	15	False	True	True	True	20.0	0.018326603	narrow
18	15	False	True	True	True	21.0	0.023427593	narrow
18	15	False	True	True	True	22.0	0.031451955	narrow
18	15	False	True	True	True	23.0	0.042816967	narrow
18	15	False	True	True	True	24.0	0.05746694	narrow
18	15	False	True	True	True	25.0	0.074726	narrow
18	15	False	True	True	True	10.0	0.8187716	wide
18	15	False	True	True	True	11.0	0.33668756	wide
18	15	False	True	True	True	12.0	0.14356612	wide
18	15	False	True	True	True	13.0	0.031959232	wide
18	15	False	True	True	True	14.0	0.01847421	wide
18	15	False	True	True	True	15.0	0.014338399	wide
18	15	False	True	True	True	16.0	0.01255102	wide
18	15	False	True	True	True	17.0	0.011540166	wide
18	15	False	True	True	True	18.0	0.010811013	wide
18	15	False	True	True	True	19.0	0.010197339	wide
18	15	False	True	True	True	20.0	0.00964171	wide
18	15	False	True	True	True	21.0	0.009124533	wide
18	15	False	True	True	True	22.0	0.008639667	wide
18	15	False	True	True	True	23.0	0.008185766	wide
18	15	False	True	True	True	24.0	0.0077634566	wide
18	15	False	True	True	True	25.0	0.0073747416	wide
18	15	False	True	True	True	26.0	0.007023351	wide
18	15	False	True	True	True	27.0	0.0067155003	wide
18	15	False	True	True	True	28.0	0.0064607807	wide
18	15	False	True	True	True	29.0	0.0062730475	wide
18	15	False	True	True	True	30.0	0.0061711255	wide
18	15	False	True	True	True	31.0	0.0061790943	wide
18	15	False	True	True	True	32.0	0.0063260794	wide
18	15	False	True	True	True	33.0	0.0066452743	wide
18	15	False	True	True	True	34.0	0.0071722055	wide
18	15	False	True	True	True	35.0	0.007942237	wide
18	15	False	True	True	True	36.0	0.008987372	wide
18	15	False	True	True	True	37.0	0.010332778	wide
18	15	False	True	True	True	38.0	0.011993117	wide
18	15	False	True	True	True	39.0	0.013969386	wide
18	15	False	True	True	True	40.0	0.016246311	wide
18	18	False	True	True	False	10.0	0.3477066	narrow
18	18	False	True	True	False	11.0	0.26147783	narrow
18	18	False	True	True	False	12.0	0.07878564	narrow
18	18	False	True	True	False	13.0	0.042898253	narrow
18	18	False	True	True	False	14.0	0.029815568	narrow
18	18	False	True	True	False	15.0	0.022974301	narrow
18	18	False	True	True	False	16.0	0.019087086	narrow
18	18	False	True	True	False	17.0	0.016722865	narrow
18	18	False	True	True	False	18.0	0.015259894	narrow
18	18	False	True	True	False	19.0	0.014474687	narrow
18	18	False	True	True	False	20.0	0.01434609	narrow
18	18	False	True	True	False	21.0	0.014922432	narrow
18	18	False	True	True	False	22.0	0.016206164	narrow
18	18	False	True	True	False	23.0	0.018064616	narrow
18	18	False	True	True	False	24.0	0.020195667	narrow
18	18	False	True	True	False	25.0	0.022166086	narrow
18	18	False	True	True	False	10.0	1.0066885	wide
18	18	False	True	True	False	11.0	0.47516972	wide
18	18	False	True	True	False	12.0	0.2855297	wide
18	18	False	True	True	False	13.0	0.13069743	wide
18	18	False	True	True	False	14.0	0.075270064	wide
18	18	False	True	True	False	15.0	0.04730547	wide
18	18	False	True	True	False	16.0	0.0317815	wide
18	18	False	True	True	False	17.0	0.022753462	wide
18	18	False	True	True	False	18.0	0.017258815	wide
18	18	False	True	True	False	19.0	0.0137598915	wide
18	18	False	True	True	False	20.0	0.011429508	wide
18	18	False	True	True	False	21.0	0.009807261	wide
18	18	False	True	True	False	22.0	0.008628517	wide
18	18	False	True	True	False	23.0	0.0077365325	wide
18	18	False	True	True	False	24.0	0.0070358906	wide
18	18	False	True	True	False	25.0	0.006467068	wide
18	18	False	True	True	False	26.0	0.0059921816	wide
18	18	False	True	True	False	27.0	0.005586803	wide
18	18	False	True	True	False	28.0	0.0052351533	wide
18	18	False	True	True	False	29.0	0.004927225	wide
18	18	False	True	True	False	30.0	0.0046570087	wide
18	18	False	True	True	False	31.0	0.004421338	wide
18	18	False	True	True	False	32.0	0.00421908	wide
18	18	False	True	True	False	33.0	0.0040504998	wide
18	18	False	True	True	False	34.0	0.0039166887	wide
18	18	False	True	True	False	35.0	0.0038190407	wide
18	18	False	True	True	False	36.0	0.003758722	wide
18	18	False	True	True	False	37.0	0.0037362096	wide
18	18	False	True	True	False	38.0	0.0037508626	wide
18	18	False	True	True	False	39.0	0.0038006266	wide
18	18	False	True	True	False	40.0	0.0038818372	wide
18	18	False	True	True	True	10.0	0.33579725	narrow
18	18	False	True	True	True	11.0	0.24816811	narrow
18	18	False	True	True	True	12.0	0.077178374	narrow
18	18	False	True	True	True	13.0	0.042470604	narrow
18	18	False	True	True	True	14.0	0.029467497	narrow
18	18	False	True	True	True	15.0	0.02258223	narrow
18	18	False	True	True	True	16.0	0.018619632	narrow
18	18	False	True	True	True	17.0	0.016180845	narrow
18	18	False	True	True	True	18.0	0.014651436	narrow
18	18	False	True	True	True	19.0	0.013803433	narrow
18	18	False	True	True	True	20.0	0.013605721	narrow
18	18	False	True	True	True	21.0	0.0140962675	narrow
18	18	False	True	True	True	22.0	0.015271826	narrow
18	18	False	True	True	True	23.0	0.017002808	narrow
18	18	False	True	True	True	24.0	0.019000372	narrow
18	18	False	True	True	True	25.0	0.020852394	narrow
18	18	False	True	True	True	10.0	0.97316206	wide
18	18	False	True	True	True	11.0	0.46094474	wide
18	18	False	True	True	True	12.0	0.27530062	wide
18	18	False	True	True	True	13.0	0.1276168	wide
18	18	False	True	True	True	14.0	0.07376222	wide
18	18	False	True	True	True	15.0	0.046435438	wide
18	18	False	True	True	True	16.0	0.03121155	wide
18	18	False	True	True	True	17.0	0.02232148	wide
18	18	False	True	True	True	18.0	0.01688684	wide
18	18	False	True	True	True	19.0	0.013411289	wide
18	18	False	True	True	True	20.0	0.011088083	wide
18	18	False	True	True	True	21.0	0.009466844	wide
18	18	False	True	True	True	22.0	0.008287746	wide
18	18	False	True	True	True	23.0	0.0073961993	wide
18	18	False	True	True	True	24.0	0.0066976026	wide
18	18	False	True	True	True	25.0	0.006132593	wide
18	18	False	True	True	True	26.0	0.005663134	wide
18	18	False	True	True	True	27.0	0.0052645057	wide
18	18	False	True	True	True	28.0	0.0049205828	wide
18	18	False	True	True	True	29.0	0.0046209977	wide
18	18	False	True	True	True	30.0	0.004359387	wide
18	18	False	True	True	True	31.0	0.0041322308	wide
18	18	False	True	True	True	32.0	0.0039380584	wide
18	18	False	True	True	True	33.0	0.0037768097	wide
18	18	False	True	True	True	34.0	0.0036492771	wide
18	18	False	True	True	True	35.0	0.0035565908	wide
18	18	False	True	True	True	36.0	0.0034997084	wide
18	18	False	True	True	True	37.0	0.0034789634	wide
18	18	False	True	True	True	38.0	0.003493662	wide
18	18	False	True	True	True	39.0	0.003541786	wide
18	18	False	True	True	True	40.0	0.0036198136	wide
18	18	False	True	True	True	10.0	0.36535338	narrow
18	18	False	True	True	True	11.0	0.27905545	narrow
18	18	False	True	True	True	12.0	0.08152968	narrow
18	18	False	True	True	True	13.0	0.043910783	narrow
18	18	False	True	True	True	14.0	0.030588232	narrow
18	18	False	True	True	True	15.0	0.023724884	narrow
18	18	False	True	True	True	16.0	0.019883614	narrow
18	18	False	True	True	True	17.0	0.017578632	narrow
18	18	False	True	True	True	18.0	0.016172253	narrow
18	18	False	True	True	True	19.0	0.015442798	narrow
18	18	False	True	True	True	20.0	0.015378849	narrow
18	18	False	True	True	True	21.0	0.016039694	narrow
18	18	False	True	True	True	22.0	0.01743387	narrow
18	18	False	True	True	True	23.0	0.019425077	narrow
18	18	False	True	True	True	24.0	0.021696229	narrow
18	18	False	True	True	True	25.0	0.02379036	narrow
18	18	False	True	True	True	10.0	1.0576935	wide
18	18	False	True	True	True	11.0	0.49799517	wide
18	18	False	True	True	True	12.0	0.3010065	wide
18	18	False	True	True	True	13.0	0.13621889	wide
18	18	False	True	True	True	14.0	0.07817482	wide
18	18	False	True	True	True	15.0	0.04904148	wide
18	18	False	True	True	True	16.0	0.032926902	wide
18	18	False	True	True	True	17.0	0.023596996	wide
18	18	False	True	True	True	18.0	0.017946701	wide
18	18	False	True	True	True	19.0	0.014366326	wide
18	18	False	True	True	True	20.0	0.011991812	wide
18	18	False	True	True	True	21.0	0.010343717	wide
18	18	False	True	True	True	22.0	0.009147612	wide
18	18	False	True	True	True	23.0	0.008241765	wide
18	18	False	True	True	True	24.0	0.0075283153	wide
18	18	False	True	True	True	25.0	0.0069466312	wide
18	18	False	True	True	True	26.0	0.006458423	wide
18	18	False	True	True	True	27.0	0.0060392194	wide
18	18	False	True	True	True	28.0	0.0056733857	wide
18	18	False	True	True	True	29.0	0.00535115	wide
18	18	False	True	True	True	30.0	0.0050667957	wide
18	18	False	True	True	True	31.0	0.004817466	wide
18	18	False	True	True	True	32.0	0.0046023503	wide
18	18	False	True	True	True	33.0	0.0044220327	wide
18	18	False	True	True	True	34.0	0.004277908	wide
18	18	False	True	True	True	35.0	0.0041716364	wide
18	18	False	True	True	True	36.0	0.004104601	wide
18	18	False	True	True	True	37.0	0.004077416	wide
18	18	False	True	True	True	38.0	0.0040894905	wide
18	18	False	True	True	True	39.0	0.0041387114	wide
18	18	False	True	True	True	40.0	0.004221245	wide
19	15	False	True	True	False	10.0	38.313286	narrow
19	15	False	True	True	False	11.0	28.47931	narrow
19	15	False	True	True	False	12.0	15.314041	narrow
19	15	False	True	True	False	13.0	5.199978	narrow
19	15	False	True	True	False	14.0	2.181016	narrow
19	15	False	True	True	False	15.0	1.0823387	narrow
19	15	False	True	True	False	16.0	0.59982365	narrow
19	15	False	True	True	False	17.0	0.36138865	narrow
19	15	False	True	True	False	18.0	0.23767361	narrow
19	15	False	True	True	False	19.0	0.1716126	narrow
19	15	False	True	True	False	20.0	0.13478395	narrow
19	15	False	True	True	False	21.0	0.11267954	narrow
19	15	False	True	True	False	22.0	0.098027796	narrow
19	15	False	True	True	False	23.0	0.08730451	narrow
19	15	False	True	True	False	24.0	0.078866184	narrow
19	15	False	True	True	False	25.0	0.071969174	narrow
19	15	False	True	True	False	10.0	16.116177	wide
19	15	False	True	True	False	11.0	6.7043724	wide
19	15	False	True	True	False	12.0	9.961477	wide
19	15	False	True	True	False	13.0	7.3309917	wide
19	15	False	True	True	False	14.0	3.9523933	wide
19	15	False	True	True	False	15.0	2.1768682	wide
19	15	False	True	True	False	16.0	1.2990221	wide
19	15	False	True	True	False	17.0	0.813463	wide
19	15	False	True	True	False	18.0	0.5296986	wide
19	15	False	True	True	False	19.0	0.3572899	wide
19	15	False	True	True	False	20.0	0.2484186	wide
19	15	False	True	True	False	21.0	0.17731012	wide
19	15	False	True	True	False	22.0	0.12965253	wide
19	15	False	True	True	False	23.0	0.09708982	wide
19	15	False	True	True	False	24.0	0.07449794	wide
19	15	False	True	True	False	25.0	0.058613714	wide
19	15	False	True	True	False	26.0	0.047302596	wide
19	15	False	True	True	False	27.0	0.039141685	wide
19	15	False	True	True	False	28.0	0.033170212	wide
19	15	False	True	True	False	29.0	0.028733132	wide
19	15	False	True	True	False	30.0	0.02538072	wide
19	15	False	True	True	False	31.0	0.022802245	wide
19	15	False	True	True	False	32.0	0.020781703	wide
19	15	False	True	True	False	33.0	0.019167963	wide
19	15	False	True	True	False	34.0	0.017854419	wide
19	15	False	True	True	False	35.0	0.016765172	wide
19	15	False	True	True	False	36.0	0.015845573	wide
19	15	False	True	True	False	37.0	0.015055716	wide
19	15	False	True	True	False	38.0	0.014366039	wide
19	15	False	True	True	False	39.0	0.013754279	wide
19	15	False	True	True	False	40.0	0.013203339	wide
19	15	False	True	True	True	10.0	36.442642	narrow
19	15	False	True	True	True	11.0	26.683502	narrow
19	15	False	True	True	True	12.0	15.083199	narrow
19	15	False	True	True	True	13.0	5.378486	narrow
19	15	False	True	True	True	14.0	2.303304	narrow
19	15	False	True	True	True	15.0	1.1382674	narrow
19	15	False	True	True	True	16.0	0.62621063	narrow
19	15	False	True	True	True	17.0	0.37617242	narrow
19	15	False	True	True	True	18.0	0.24789447	narrow
19	15	False	True	True	True	19.0	0.17999838	narrow
19	15	False	True	True	True	20.0	0.14239387	narrow
19	15	False	True	True	True	21.0	0.1199018	narrow
19	15	False	True	True	True	22.0	0.10497567	narrow
19	15	False	True	True	True	23.0	0.09398314	narrow
19	15	False	True	True	True	24.0	0.08524519	narrow
19	15	False	True	True	True	25.0	0.07801366	narrow
19	15	False	True	True	True	10.0	15.211418	wide
19	15	False	True	True	True	11.0	6.6566358	wide
19	15	False	True	True	True	12.0	9.494527	wide
19	15	False	True	True	True	13.0	7.2321653	wide
19	15	False	True	True	True	14.0	3.9777474	wide
19	15	False	True	True	True	15.0	2.2514067	wide
19	15	False	True	True	True	16.0	1.3682847	wide
19	15	False	True	True	True	17.0	0.86356854	wide
19	15	False	True	True	True	18.0	0.56307745	wide
19	15	False	True	True	True	19.0	0.37902182	wide
19	15	False	True	True	True	20.0	0.2626667	wide
19	15	False	True	True	True	21.0	0.18688431	wide
19	15	False	True	True	True	22.0	0.13631564	wide
19	15	False	True	True	True	23.0	0.10192183	wide
19	15	False	True	True	True	24.0	0.07816061	wide
19	15	False	True	True	True	25.0	0.06151674	wide
19	15	False	True	True	True	26.0	0.04970304	wide
19	15	False	True	True	True	27.0	0.04120295	wide
19	15	False	True	True	True	28.0	0.03499725	wide
19	15	False	True	True	True	29.0	0.030393949	wide
19	15	False	True	True	True	30.0	0.026919635	wide
19	15	False	True	True	True	31.0	0.024248268	wide
19	15	False	True	True	True	32.0	0.022153858	wide
19	15	False	True	True	True	33.0	0.020478748	wide
19	15	False	True	True	True	34.0	0.019112052	wide
19	15	False	True	True	True	35.0	0.017975084	wide
19	15	False	True	True	True	36.0	0.01701136	wide
19	15	False	True	True	True	37.0	0.016179815	wide
19	15	False	True	True	True	38.0	0.015450129	wide
19	15	False	True	True	True	39.0	0.014799561	wide
19	15	False	True	True	True	40.0	0.014210786	wide
19	15	False	True	True	True	10.0	41.899296	narrow
19	15	False	True	True	True	11.0	31.474453	narrow
19	15	False	True	True	True	12.0	15.992782	narrow
19	15	False	True	True	True	13.0	5.112944	narrow
19	15	False	True	True	True	14.0	2.0912838	narrow
19	15	False	True	True	True	15.0	1.040892	narrow
19	15	False	True	True	True	16.0	0.58097667	narrow
19	15	False	True	True	True	17.0	0.35134608	narrow
19	15	False	True	True	True	18.0	0.23094837	narrow
19	15	False	True	True	True	19.0	0.16608484	narrow
19	15	False	True	True	True	20.0	0.12964843	narrow
19	15	False	True	True	True	21.0	0.10766206	narrow
19	15	False	True	True	True	22.0	0.09307133	narrow
19	15	False	True	True	True	23.0	0.08243593	narrow
19	15	False	True	True	True	24.0	0.07413769	narrow
19	15	False	True	True	True	25.0	0.06743319	narrow
19	15	False	True	True	True	10.0	17.757746	wide
19	15	False	True	True	True	11.0	7.0111794	wide
19	15	False	True	True	True	12.0	10.798641	wide
19	15	False	True	True	True	13.0	7.662712	wide
19	15	False	True	True	True	14.0	4.026749	wide
19	15	False	True	True	True	15.0	2.1437745	wide
19	15	False	True	True	True	16.0	1.2517273	wide
19	15	False	True	True	True	17.0	0.7766584	wide
19	15	False	True	True	True	18.0	0.5047473	wide
19	15	False	True	True	True	19.0	0.3410458	wide
19	15	False	True	True	True	20.0	0.23785765	wide
19	15	False	True	True	True	21.0	0.17030706	wide
19	15	False	True	True	True	22.0	0.12485576	wide
19	15	False	True	True	True	23.0	0.0936683	wide
19	15	False	True	True	True	24.0	0.071942806	wide
19	15	False	True	True	True	25.0	0.056611076	wide
19	15	False	True	True	True	26.0	0.045656726	wide
19	15	False	True	True	True	27.0	0.037729345	wide
19	15	False	True	True	True	28.0	0.031913266	wide
19	15	False	True	True	True	29.0	0.027581885	wide
19	15	False	True	True	True	30.0	0.024303593	wide
19	15	False	True	True	True	31.0	0.021779299	wide
19	15	False	True	True	True	32.0	0.019800521	wide
19	15	False	True	True	True	33.0	0.01822092	wide
19	15	False	True	True	True	34.0	0.016937012	wide
19	15	False	True	True	True	35.0	0.015874865	wide
19	15	False	True	True	True	36.0	0.014981053	wide
19	15	False	True	True	True	37.0	0.014216412	wide
19	15	False	True	True	True	38.0	0.013551799	wide
19	15	False	True	True	True	39.0	0.01296517	wide
19	15	False	True	True	True	40.0	0.01243953	wide
19	18	False	True	True	False	10.0	38.908382	narrow
19	18	False	True	True	False	11.0	29.177475	narrow
19	18	False	True	True	False	12.0	15.68771	narrow
19	18	False	True	True	False	13.0	5.236144	narrow
19	18	False	True	True	False	14.0	2.165131	narrow
19	18	False	True	True	False	15.0	1.0578417	narrow
19	18	False	True	True	False	16.0	0.5746564	narrow
19	18	False	True	True	False	17.0	0.34114912	narrow
19	18	False	True	True	False	18.0	0.22371916	narrow
19	18	False	True	True	False	19.0	0.16303745	narrow
19	18	False	True	True	False	20.0	0.13014495	narrow
19	18	False	True	True	False	21.0	0.11069461	narrow
19	18	False	True	True	False	22.0	0.0977445	narrow
19	18	False	True	True	False	23.0	0.08806455	narrow
19	18	False	True	True	False	24.0	0.08021635	narrow
19	18	False	True	True	False	25.0	0.07357888	narrow
19	18	False	True	True	False	10.0	15.350722	wide
19	18	False	True	True	False	11.0	6.2857246	wide
19	18	False	True	True	False	12.0	9.629537	wide
19	18	False	True	True	False	13.0	7.4647017	wide
19	18	False	True	True	False	14.0	4.0817647	wide
19	18	False	True	True	False	15.0	2.2440052	wide
19	18	False	True	True	False	16.0	1.3331863	wide
19	18	False	True	True	False	17.0	0.83004975	wide
19	18	False	True	True	False	18.0	0.53714347	wide
19	18	False	True	True	False	19.0	0.35970005	wide
19	18	False	True	True	False	20.0	0.24806616	wide
19	18	False	True	True	False	21.0	0.17556043	wide
19	18	False	True	True	False	22.0	0.12731229	wide
19	18	False	True	True	False	23.0	0.09460465	wide
19	18	False	True	True	False	24.0	0.07209039	wide
19	18	False	True	True	False	25.0	0.056379687	wide
19	18	False	True	True	False	26.0	0.045272145	wide
19	18	False	True	True	False	27.0	0.037313614	wide
19	18	False	True	True	False	28.0	0.031529795	wide
19	18	False	True	True	False	29.0	0.02726067	wide
19	18	False	True	True	False	30.0	0.024055263	wide
19	18	False	True	True	False	31.0	0.02160321	wide
19	18	False	True	True	False	32.0	0.019689502	wide
19	18	False	True	True	False	33.0	0.01816422	wide
19	18	False	True	True	False	34.0	0.016922103	wide
19	18	False	True	True	False	35.0	0.015888724	wide
19	18	False	True	True	False	36.0	0.015010907	wide
19	18	False	True	True	False	37.0	0.014250355	wide
19	18	False	True	True	False	38.0	0.013579124	wide
19	18	False	True	True	False	39.0	0.01297661	wide
19	18	False	True	True	False	40.0	0.012427422	wide
19	18	False	True	True	True	10.0	37.21472	narrow
19	18	False	True	True	True	11.0	27.481663	narrow
19	18	False	True	True	True	12.0	15.538472	narrow
19	18	False	True	True	True	13.0	5.43629	narrow
19	18	False	True	True	True	14.0	2.2891219	narrow
19	18	False	True	True	True	15.0	1.113152	narrow
19	18	False	True	True	True	16.0	0.60053533	narrow
19	18	False	True	True	True	17.0	0.3557269	narrow
19	18	False	True	True	True	18.0	0.23392697	narrow
19	18	False	True	True	True	19.0	0.17149642	narrow
19	18	False	True	True	True	20.0	0.13784863	narrow
19	18	False	True	True	True	21.0	0.11800006	narrow
19	18	False	True	True	True	22.0	0.104757756	narrow
19	18	False	True	True	True	23.0	0.09479813	narrow
19	18	False	True	True	True	24.0	0.08665433	narrow
19	18	False	True	True	True	25.0	0.07970257	narrow
19	18	False	True	True	True	10.0	14.521767	wide
19	18	False	True	True	True	11.0	6.309596	wide
19	18	False	True	True	True	12.0	9.173382	wide
19	18	False	True	True	True	13.0	7.3922515	wide
19	18	False	True	True	True	14.0	4.1122675	wide
19	18	False	True	True	True	15.0	2.318272	wide
19	18	False	True	True	True	16.0	1.4026037	wide
19	18	False	True	True	True	17.0	0.88074696	wide
19	18	False	True	True	True	18.0	0.5712057	wide
19	18	False	True	True	True	19.0	0.3819602	wide
19	18	False	True	True	True	20.0	0.26262704	wide
19	18	False	True	True	True	21.0	0.18527341	wide
19	18	False	True	True	True	22.0	0.13400146	wide
19	18	False	True	True	True	23.0	0.09939781	wide
19	18	False	True	True	True	24.0	0.07567938	wide
19	18	False	True	True	True	25.0	0.05919126	wide
19	18	False	True	True	True	26.0	0.04757258	wide
19	18	False	True	True	True	27.0	0.039271165	wide
19	18	False	True	True	True	28.0	0.033252094	wide
19	18	False	True	True	True	29.0	0.028817294	wide
19	18	False	True	True	True	30.0	0.02549159	wide
19	18	False	True	True	True	31.0	0.022949036	wide
19	18	False	True	True	True	32.0	0.020964513	wide
19	18	False	True	True	True	33.0	0.019381503	wide
19	18	False	True	True	True	34.0	0.018090416	wide
19	18	False	True	True	True	35.0	0.017013932	wide
19	18	False	True	True	True	36.0	0.016097015	wide
19	18	False	True	True	True	37.0	0.015300124	wide
19	18	False	True	True	True	38.0	0.014594511	wide
19	18	False	True	True	True	39.0	0.013959041	wide
19	18	False	True	True	True	40.0	0.013377978	wide
19	18	False	True	True	True	10.0	42.330154	narrow
19	18	False	True	True	True	11.0	32.079193	narrow
19	18	False	True	True	True	12.0	16.285704	narrow
19	18	False	True	True	True	13.0	5.1275735	narrow
19	18	False	True	True	True	14.0	2.0735033	narrow
19	18	False	True	True	True	15.0	1.0166965	narrow
19	18	False	True	True	True	16.0	0.55615205	narrow
19	18	False	True	True	True	17.0	0.33131325	narrow
19	18	False	True	True	True	18.0	0.21714023	narrow
19	18	False	True	True	True	19.0	0.1576674	narrow
19	18	False	True	True	True	20.0	0.12521468	narrow
19	18	False	True	True	True	21.0	0.10593665	narrow
19	18	False	True	True	True	22.0	0.09308934	narrow
19	18	False	True	True	True	23.0	0.083515964	narrow
19	18	False	True	True	True	24.0	0.075799756	narrow
19	18	False	True	True	True	25.0	0.06932105	narrow
19	18	False	True	True	True	10.0	16.87421	wide
19	18	False	True	True	True	11.0	6.5032396	wide
19	18	False	True	True	True	12.0	10.448048	wide
19	18	False	True	True	True	13.0	7.7750797	wide
19	18	False	True	True	True	14.0	4.15702	wide
19	18	False	True	True	True	15.0	2.2136078	wide
19	18	False	True	True	True	16.0	1.2866534	wide
19	18	False	True	True	True	17.0	0.79303455	wide
19	18	False	True	True	True	18.0	0.51168984	wide
19	18	False	True	True	True	19.0	0.3430094	wide
19	18	False	True	True	True	20.0	0.2372169	wide
19	18	False	True	True	True	21.0	0.16841263	wide
19	18	False	True	True	True	22.0	0.122471005	wide
19	18	False	True	True	True	23.0	0.09120161	wide
19	18	False	True	True	True	24.0	0.06959239	wide
19	18	False	True	True	True	25.0	0.054458246	wide
19	18	False	True	True	True	26.0	0.043723024	wide
19	18	False	True	True	True	27.0	0.036008418	wide
19	18	False	True	True	True	28.0	0.030387037	wide
19	18	False	True	True	True	29.0	0.026228229	wide
19	18	False	True	True	True	30.0	0.023099657	wide
19	18	False	True	True	True	31.0	0.020702897	wide
19	18	False	True	True	True	32.0	0.018830623	wide
19	18	False	True	True	True	33.0	0.017337918	wide
19	18	False	True	True	True	34.0	0.016122792	wide
19	18	False	True	True	True	35.0	0.015112885	wide
19	18	False	True	True	True	36.0	0.014256409	wide
19	18	False	True	True	True	37.0	0.01351593	wide
19	18	False	True	True	True	38.0	0.012864054	wide
19	18	False	True	True	True	39.0	0.012280507	wide
19	18	False	True	True	True	40.0	0.01175009	wide
20	15	False	True	True	False	10.0	7.1474395	narrow
20	15	False	True	True	False	11.0	4.0670333	narrow
20	15	False	True	True	False	12.0	2.3171337	narrow
20	15	False	True	True	False	13.0	1.310843	narrow
20	15	False	True	True	False	14.0	0.8211553	narrow
20	15	False	True	True	False	15.0	0.5426986	narrow
20	15	False	True	True	False	16.0	0.41075546	narrow
20	15	False	True	True	False	17.0	0.6115	narrow
20	15	False	True	True	False	18.0	1.0358123	narrow
20	15	False	True	True	False	19.0	1.3929862	narrow
20	15	False	True	True	False	20.0	1.582906	narrow
20	15	False	True	True	False	21.0	1.6534271	narrow
20	15	False	True	True	False	22.0	1.6576648	narrow
20	15	False	True	True	False	23.0	1.6216764	narrow
20	15	False	True	True	False	24.0	1.5580335	narrow
20	15	False	True	True	False	25.0	1.4751309	narrow
20	15	False	True	True	False	10.0	4.8241644	wide
20	15	False	True	True	False	11.0	3.1453784	wide
20	15	False	True	True	False	12.0	2.1477835	wide
20	15	False	True	True	False	13.0	1.4941695	wide
20	15	False	True	True	False	14.0	1.0307555	wide
20	15	False	True	True	False	15.0	0.7079431	wide
20	15	False	True	True	False	16.0	0.49288538	wide
20	15	False	True	True	False	17.0	0.35707954	wide
20	15	False	True	True	False	18.0	0.273537	wide
20	15	False	True	True	False	19.0	0.21784559	wide
20	15	False	True	True	False	20.0	0.17462867	wide
20	15	False	True	True	False	21.0	0.14252791	wide
20	15	False	True	True	False	22.0	0.12961611	wide
20	15	False	True	True	False	23.0	0.1423115	wide
20	15	False	True	True	False	24.0	0.1780292	wide
20	15	False	True	True	False	25.0	0.22640216	wide
20	15	False	True	True	False	26.0	0.27538893	wide
20	15	False	True	True	False	27.0	0.31640983	wide
20	15	False	True	True	False	28.0	0.3459035	wide
20	15	False	True	True	False	29.0	0.36415592	wide
20	15	False	True	True	False	30.0	0.37331375	wide
20	15	False	True	True	False	31.0	0.37585035	wide
20	15	False	True	True	False	32.0	0.373818	wide
20	15	False	True	True	False	33.0	0.36867362	wide
20	15	False	True	True	False	34.0	0.36137673	wide
20	15	False	True	True	False	35.0	0.3525516	wide
20	15	False	True	True	False	36.0	0.34261936	wide
20	15	False	True	True	False	37.0	0.33188388	wide
20	15	False	True	True	False	38.0	0.320579	wide
20	15	False	True	True	False	39.0	0.3088927	wide
20	15	False	True	True	False	40.0	0.29698056	wide
20	15	False	True	True	True	10.0	7.291669	narrow
20	15	False	True	True	True	11.0	4.091234	narrow
20	15	False	True	True	True	12.0	2.3044007	narrow
20	15	False	True	True	True	13.0	1.2758256	narrow
20	15	False	True	True	True	14.0	0.7808272	narrow
20	15	False	True	True	True	15.0	0.51626235	narrow
20	15	False	True	True	True	16.0	0.40175647	narrow
20	15	False	True	True	True	17.0	0.6042241	narrow
20	15	False	True	True	True	18.0	1.0187027	narrow
20	15	False	True	True	True	19.0	1.3686837	narrow
20	15	False	True	True	True	20.0	1.5587626	narrow
20	15	False	True	True	True	21.0	1.63384	narrow
20	15	False	True	True	True	22.0	1.6434925	narrow
20	15	False	True	True	True	23.0	1.612043	narrow
20	15	False	True	True	True	24.0	1.551665	narrow
20	15	False	True	True	True	25.0	1.4709142	narrow
20	15	False	True	True	True	10.0	4.992513	wide
20	15	False	True	True	True	11.0	3.2113655	wide
20	15	False	True	True	True	12.0	2.1751313	wide
20	15	False	True	True	True	13.0	1.5057713	wide
20	15	False	True	True	True	14.0	1.0326401	wide
20	15	False	True	True	True	15.0	0.7030404	wide
20	15	False	True	True	True	16.0	0.48338613	wide
20	15	False	True	True	True	17.0	0.34503588	wide
20	15	False	True	True	True	18.0	0.26102918	wide
20	15	False	True	True	True	19.0	0.20681913	wide
20	15	False	True	True	True	20.0	0.16643214	wide
20	15	False	True	True	True	21.0	0.13744995	wide
20	15	False	True	True	True	22.0	0.12685959	wide
20	15	False	True	True	True	23.0	0.14049552	wide
20	15	False	True	True	True	24.0	0.1758654	wide
20	15	False	True	True	True	25.0	0.22313716	wide
20	15	False	True	True	True	26.0	0.270876	wide
20	15	False	True	True	True	27.0	0.3109292	wide
20	15	False	True	True	True	28.0	0.33991686	wide
20	15	False	True	True	True	29.0	0.35811815	wide
20	15	False	True	True	True	30.0	0.36757374	wide
20	15	False	True	True	True	31.0	0.37062618	wide
20	15	False	True	True	True	32.0	0.36921355	wide
20	15	False	True	True	True	33.0	0.36470926	wide
20	15	False	True	True	True	34.0	0.35802075	wide
20	15	False	True	True	True	35.0	0.34974435	wide
20	15	False	True	True	True	36.0	0.34029007	wide
20	15	False	True	True	True	37.0	0.32996094	wide
20	15	False	True	True	True	38.0	0.31899536	wide
20	15	False	True	True	True	39.0	0.30758908	wide
20	15	False	True	True	True	40.0	0.2959058	wide
20	15	False	True	True	True	10.0	7.1297226	narrow
20	15	False	True	True	True	11.0	4.113198	narrow
20	15	False	True	True	True	12.0	2.3732255	narrow
20	15	False	True	True	True	13.0	1.3736514	narrow
20	15	False	True	True	True	14.0	0.87904584	narrow
20	15	False	True	True	True	15.0	0.5788017	narrow
20	15	False	True	True	True	16.0	0.4262681	narrow
20	15	False	True	True	True	17.0	0.6291747	narrow
20	15	False	True	True	True	18.0	1.0709834	narrow
20	15	False	True	True	True	19.0	1.4419214	narrow
20	15	False	True	True	True	20.0	1.6352093	narrow
20	15	False	True	True	True	21.0	1.7021881	narrow
20	15	False	True	True	True	22.0	1.7005893	narrow
20	15	False	True	True	True	23.0	1.6589454	narrow
20	15	False	True	True	True	24.0	1.5905917	narrow
20	15	False	True	True	True	25.0	1.5039216	narrow
20	15	False	True	True	True	10.0	4.747383	wide
20	15	False	True	True	True	11.0	3.135485	wide
20	15	False	True	True	True	12.0	2.1577191	wide
20	15	False	True	True	True	13.0	1.508739	wide
20	15	False	True	True	True	14.0	1.0475754	wide
20	15	False	True	True	True	15.0	0.7264908	wide
20	15	False	True	True	True	16.0	0.5126008	wide
20	15	False	True	True	True	17.0	0.37691903	wide
20	15	False	True	True	True	18.0	0.29197747	wide
20	15	False	True	True	True	19.0	0.23326309	wide
20	15	False	True	True	True	20.0	0.18597947	wide
20	15	False	True	True	True	21.0	0.14994857	wide
20	15	False	True	True	True	22.0	0.13444594	wide
20	15	False	True	True	True	23.0	0.14647384	wide
20	15	False	True	True	True	24.0	0.18322027	wide
20	15	False	True	True	True	25.0	0.23357676	wide
20	15	False	True	True	True	26.0	0.2846977	wide
20	15	False	True	True	True	27.0	0.32743993	wide
20	15	False	True	True	True	28.0	0.35799557	wide
20	15	False	True	True	True	29.0	0.37665063	wide
20	15	False	True	True	True	30.0	0.38568333	wide
20	15	False	True	True	True	31.0	0.38773695	wide
20	15	False	True	True	True	32.0	0.3850177	wide
20	15	False	True	True	True	33.0	0.37909815	wide
20	15	False	True	True	True	34.0	0.37101498	wide
20	15	False	True	True	True	35.0	0.36143753	wide
20	15	False	True	True	True	36.0	0.35080978	wide
20	15	False	True	True	True	37.0	0.3394438	wide
20	15	False	True	True	True	38.0	0.3275735	wide
20	15	False	True	True	True	39.0	0.31538233	wide
20	15	False	True	True	True	40.0	0.30301997	wide
20	18	False	True	True	False	10.0	5.8257804	narrow
20	18	False	True	True	False	11.0	3.4835799	narrow
20	18	False	True	True	False	12.0	1.9161332	narrow
20	18	False	True	True	False	13.0	1.0139786	narrow
20	18	False	True	True	False	14.0	0.5790429	narrow
20	18	False	True	True	False	15.0	0.39281017	narrow
20	18	False	True	True	False	16.0	0.37619543	narrow
20	18	False	True	True	False	17.0	0.576409	narrow
20	18	False	True	True	False	18.0	0.91940004	narrow
20	18	False	True	True	False	19.0	1.2198328	narrow
20	18	False	True	True	False	20.0	1.393214	narrow
20	18	False	True	True	False	21.0	1.4649304	narrow
20	18	False	True	True	False	22.0	1.4760389	narrow
20	18	False	True	True	False	23.0	1.4490643	narrow
20	18	False	True	True	False	24.0	1.3949805	narrow
20	18	False	True	True	False	25.0	1.3213863	narrow
20	18	False	True	True	False	10.0	3.613203	wide
20	18	False	True	True	False	11.0	2.6216016	wide
20	18	False	True	True	False	12.0	1.8495703	wide
20	18	False	True	True	False	13.0	1.2769395	wide
20	18	False	True	True	False	14.0	0.8649533	wide
20	18	False	True	True	False	15.0	0.5791309	wide
20	18	False	True	True	False	16.0	0.38985518	wide
20	18	False	True	True	False	17.0	0.2705799	wide
20	18	False	True	True	False	18.0	0.19825321	wide
20	18	False	True	True	False	19.0	0.15494564	wide
20	18	False	True	True	False	20.0	0.12935238	wide
20	18	False	True	True	False	21.0	0.11713279	wide
20	18	False	True	True	False	22.0	0.118845075	wide
20	18	False	True	True	False	23.0	0.13570769	wide
20	18	False	True	True	False	24.0	0.16586326	wide
20	18	False	True	True	False	25.0	0.20372167	wide
20	18	False	True	True	False	26.0	0.24218704	wide
20	18	False	True	True	False	27.0	0.27547008	wide
20	18	False	True	True	False	28.0	0.30055708	wide
20	18	False	True	True	False	29.0	0.3170434	wide
20	18	False	True	True	False	30.0	0.3261049	wide
20	18	False	True	True	False	31.0	0.32945228	wide
20	18	False	True	True	False	32.0	0.32868046	wide
20	18	False	True	True	False	33.0	0.32501388	wide
20	18	False	True	True	False	34.0	0.3193019	wide
20	18	False	True	True	False	35.0	0.31211013	wide
20	18	False	True	True	False	36.0	0.30381986	wide
20	18	False	True	True	False	37.0	0.29470444	wide
20	18	False	True	True	False	38.0	0.28497484	wide
20	18	False	True	True	False	39.0	0.27480504	wide
20	18	False	True	True	False	40.0	0.26434413	wide
20	18	False	True	True	True	10.0	5.8850365	narrow
20	18	False	True	True	True	11.0	3.4973822	narrow
20	18	False	True	True	True	12.0	1.9046314	narrow
20	18	False	True	True	True	13.0	0.9867131	narrow
20	18	False	True	True	True	14.0	0.54793257	narrow
20	18	False	True	True	True	15.0	0.37173325	narrow
20	18	False	True	True	True	16.0	0.36791077	narrow
20	18	False	True	True	True	17.0	0.5694188	narrow
20	18	False	True	True	True	18.0	0.9038727	narrow
20	18	False	True	True	True	19.0	1.1975809	narrow
20	18	False	True	True	True	20.0	1.3708756	narrow
20	18	False	True	True	True	21.0	1.446435	narrow
20	18	False	True	True	True	22.0	1.4619383	narrow
20	18	False	True	True	True	23.0	1.4384861	narrow
20	18	False	True	True	True	24.0	1.3869014	narrow
20	18	False	True	True	True	25.0	1.3150123	narrow
20	18	False	True	True	True	10.0	3.6751056	wide
20	18	False	True	True	True	11.0	2.6588073	wide
20	18	False	True	True	True	12.0	1.8689082	wide
20	18	False	True	True	True	13.0	1.2850074	wide
20	18	False	True	True	True	14.0	0.8658221	wide
20	18	False	True	True	True	15.0	0.5751273	wide
20	18	False	True	True	True	16.0	0.3825433	wide
20	18	False	True	True	True	17.0	0.26139152	wide
20	18	False	True	True	True	18.0	0.1886922	wide
20	18	False	True	True	True	19.0	0.14642043	wide
20	18	False	True	True	True	20.0	0.12282781	wide
20	18	False	True	True	True	21.0	0.112848625	wide
20	18	False	True	True	True	22.0	0.11629431	wide
20	18	False	True	True	True	23.0	0.1339177	wide
20	18	False	True	True	True	24.0	0.16383427	wide
20	18	False	True	True	True	25.0	0.2007901	wide
20	18	False	True	True	True	26.0	0.23816131	wide
20	18	False	True	True	True	27.0	0.2705466	wide
20	18	False	True	True	True	28.0	0.29512987	wide
20	18	False	True	True	True	29.0	0.31152555	wide
20	18	False	True	True	True	30.0	0.32082027	wide
20	18	False	True	True	True	31.0	0.32460138	wide
20	18	False	True	True	True	32.0	0.3243532	wide
20	18	False	True	True	True	33.0	0.3212218	wide
20	18	False	True	True	True	34.0	0.3160105	wide
20	18	False	True	True	True	35.0	0.30926374	wide
20	18	False	True	True	True	36.0	0.3013571	wide
20	18	False	True	True	True	37.0	0.29256672	wide
20	18	False	True	True	True	38.0	0.28311017	wide
20	18	False	True	True	True	39.0	0.2731689	wide
20	18	False	True	True	True	40.0	0.26289934	wide
20	18	False	True	True	True	10.0	5.8643293	narrow
20	18	False	True	True	True	11.0	3.5293784	narrow
20	18	False	True	True	True	12.0	1.963397	narrow
20	18	False	True	True	True	13.0	1.0631812	narrow
20	18	False	True	True	True	14.0	0.62370265	narrow
20	18	False	True	True	True	15.0	0.4217657	narrow
20	18	False	True	True	True	16.0	0.39069176	narrow
20	18	False	True	True	True	17.0	0.59328675	narrow
20	18	False	True	True	True	18.0	0.95131373	narrow
20	18	False	True	True	True	19.0	1.263935	narrow
20	18	False	True	True	True	20.0	1.44027	narrow
20	18	False	True	True	True	21.0	1.5089489	narrow
20	18	False	True	True	True	22.0	1.5153246	narrow
20	18	False	True	True	True	23.0	1.4839064	narrow
20	18	False	True	True	True	24.0	1.4260776	narrow
20	18	False	True	True	True	25.0	1.349335	narrow
20	18	False	True	True	True	10.0	3.6141837	wide
20	18	False	True	True	True	11.0	2.629405	wide
20	18	False	True	True	True	12.0	1.8618722	wide
20	18	False	True	True	True	13.0	1.2910585	wide
20	18	False	True	True	True	14.0	0.87971604	wide
20	18	False	True	True	True	15.0	0.5942986	wide
20	18	False	True	True	True	16.0	0.4053279	wide
20	18	False	True	True	True	17.0	0.28587654	wide
20	18	False	True	True	True	18.0	0.21242988	wide
20	18	False	True	True	True	19.0	0.16693322	wide
20	18	False	True	True	True	20.0	0.1384761	wide
20	18	False	True	True	True	21.0	0.123497985	wide
20	18	False	True	True	True	22.0	0.12336425	wide
20	18	False	True	True	True	23.0	0.13975017	wide
20	18	False	True	True	True	24.0	0.17072874	wide
20	18	False	True	True	True	25.0	0.2102223	wide
20	18	False	True	True	True	26.0	0.25051156	wide
20	18	False	True	True	True	27.0	0.28530946	wide
20	18	False	True	True	True	28.0	0.31135118	wide
20	18	False	True	True	True	29.0	0.32820767	wide
20	18	False	True	True	True	30.0	0.33716735	wide
20	18	False	True	True	True	31.0	0.34009886	wide
20	18	False	True	True	True	32.0	0.33874097	wide
20	18	False	True	True	True	33.0	0.3344233	wide
20	18	False	True	True	True	34.0	0.3280607	wide
20	18	False	True	True	True	35.0	0.32025278	wide
20	18	False	True	True	True	36.0	0.31139523	wide
20	18	False	True	True	True	37.0	0.3017638	wide
20	18	False	True	True	True	38.0	0.29156658	wide
20	18	False	True	True	True	39.0	0.28097287	wide
20	18	False	True	True	True	40.0	0.2701261	wide
21	15	False	True	True	False	10.0	0.7254418	narrow
21	15	False	True	True	False	11.0	0.68183494	narrow
21	15	False	True	True	False	12.0	0.49730214	narrow
21	15	False	True	True	False	13.0	0.36565593	narrow
21	15	False	True	True	False	14.0	0.35057354	narrow
21	15	False	True	True	False	15.0	0.15984686	narrow
21	15	False	True	True	False	16.0	0.075262256	narrow
21	15	False	True	True	False	17.0	0.042369872	narrow
21	15	False	True	True	False	18.0	0.029903196	narrow
21	15	False	True	True	False	19.0	0.032454625	narrow
21	15	False	True	True	False	20.0	0.043312937	narrow
21	15	False	True	True	False	21.0	0.055992447	narrow
21	15	False	True	True	False	22.0	0.06740088	narrow
21	15	False	True	True	False	23.0	0.07790178	narrow
21	15	False	True	True	False	24.0	0.089646846	narrow
21	15	False	True	True	False	25.0	0.10494293	narrow
21	15	False	True	True	False	10.0	0.3218074	wide
21	15	False	True	True	False	11.0	0.29398048	wide
21	15	False	True	True	False	12.0	0.27090642	wide
21	15	False	True	True	False	13.0	0.25070348	wide
21	15	False	True	True	False	14.0	0.20062464	wide
21	15	False	True	True	False	15.0	0.1396222	wide
21	15	False	True	True	False	16.0	0.12926333	wide
21	15	False	True	True	False	17.0	0.12893985	wide
21	15	False	True	True	False	18.0	0.09960583	wide
21	15	False	True	True	False	19.0	0.06367735	wide
21	15	False	True	True	False	20.0	0.03996828	wide
21	15	False	True	True	False	21.0	0.02698589	wide
21	15	False	True	True	False	22.0	0.01927061	wide
21	15	False	True	True	False	23.0	0.014062842	wide
21	15	False	True	True	False	24.0	0.010487149	wide
21	15	False	True	True	False	25.0	0.008266257	wide
21	15	False	True	True	False	26.0	0.0072165444	wide
21	15	False	True	True	False	27.0	0.0071327593	wide
21	15	False	True	True	False	28.0	0.0077913855	wide
21	15	False	True	True	False	29.0	0.0089799715	wide
21	15	False	True	True	False	30.0	0.010523263	wide
21	15	False	True	True	False	31.0	0.012296785	wide
21	15	False	True	True	False	32.0	0.014227719	wide
21	15	False	True	True	False	33.0	0.016285954	wide
21	15	False	True	True	False	34.0	0.018470237	wide
21	15	False	True	True	False	35.0	0.020793352	wide
21	15	False	True	True	False	36.0	0.023268884	wide
21	15	False	True	True	False	37.0	0.025901612	wide
21	15	False	True	True	False	38.0	0.028681243	wide
21	15	False	True	True	False	39.0	0.031579968	wide
21	15	False	True	True	False	40.0	0.034552604	wide
21	15	False	True	True	True	10.0	0.73201364	narrow
21	15	False	True	True	True	11.0	0.7183028	narrow
21	15	False	True	True	True	12.0	0.5313985	narrow
21	15	False	True	True	True	13.0	0.37715885	narrow
21	15	False	True	True	True	14.0	0.38427088	narrow
21	15	False	True	True	True	15.0	0.17191733	narrow
21	15	False	True	True	True	16.0	0.07919456	narrow
21	15	False	True	True	True	17.0	0.04417839	narrow
21	15	False	True	True	True	18.0	0.030680455	narrow
21	15	False	True	True	True	19.0	0.033121757	narrow
21	15	False	True	True	True	20.0	0.044413097	narrow
21	15	False	True	True	True	21.0	0.057593916	narrow
21	15	False	True	True	True	22.0	0.0693935	narrow
21	15	False	True	True	True	23.0	0.08031369	narrow
21	15	False	True	True	True	24.0	0.09278176	narrow
21	15	False	True	True	True	25.0	0.109349534	narrow
21	15	False	True	True	True	10.0	0.32228708	wide
21	15	False	True	True	True	11.0	0.29743326	wide
21	15	False	True	True	True	12.0	0.28005254	wide
21	15	False	True	True	True	13.0	0.2676024	wide
21	15	False	True	True	True	14.0	0.21444908	wide
21	15	False	True	True	True	15.0	0.14254886	wide
21	15	False	True	True	True	16.0	0.13369386	wide
21	15	False	True	True	True	17.0	0.13940294	wide
21	15	False	True	True	True	18.0	0.109052025	wide
21	15	False	True	True	True	19.0	0.068970226	wide
21	15	False	True	True	True	20.0	0.042548537	wide
21	15	False	True	True	True	21.0	0.028439937	wide
21	15	False	True	True	True	22.0	0.020249775	wide
21	15	False	True	True	True	23.0	0.0147518115	wide
21	15	False	True	True	True	24.0	0.010956992	wide
21	15	False	True	True	True	25.0	0.0085800765	wide
21	15	False	True	True	True	26.0	0.0074415593	wide
21	15	False	True	True	True	27.0	0.007332712	wide
21	15	False	True	True	True	28.0	0.008019506	wide
21	15	False	True	True	True	29.0	0.009276316	wide
21	15	False	True	True	True	30.0	0.010915946	wide
21	15	False	True	True	True	31.0	0.012805525	wide
21	15	False	True	True	True	32.0	0.01486802	wide
21	15	False	True	True	True	33.0	0.017072694	wide
21	15	False	True	True	True	34.0	0.019419994	wide
21	15	False	True	True	True	35.0	0.021925315	wide
21	15	False	True	True	True	36.0	0.024604468	wide
21	15	False	True	True	True	37.0	0.027463153	wide
21	15	False	True	True	True	38.0	0.030490126	wide
21	15	False	True	True	True	39.0	0.03365462	wide
21	15	False	True	True	True	40.0	0.036906555	wide
21	15	False	True	True	True	10.0	0.72565144	narrow
21	15	False	True	True	True	11.0	0.6576611	narrow
21	15	False	True	True	True	12.0	0.47616598	narrow
21	15	False	True	True	True	13.0	0.35987344	narrow
21	15	False	True	True	True	14.0	0.32877165	narrow
21	15	False	True	True	True	15.0	0.15204254	narrow
21	15	False	True	True	True	16.0	0.07276411	narrow
21	15	False	True	True	True	17.0	0.041309044	narrow
21	15	False	True	True	True	18.0	0.029568078	narrow
21	15	False	True	True	True	19.0	0.03218183	narrow
21	15	False	True	True	True	20.0	0.042708747	narrow
21	15	False	True	True	True	21.0	0.055017225	narrow
21	15	False	True	True	True	22.0	0.0661405	narrow
21	15	False	True	True	True	23.0	0.07632141	narrow
21	15	False	True	True	True	24.0	0.087485604	narrow
21	15	False	True	True	True	25.0	0.101741046	narrow
21	15	False	True	True	True	10.0	0.32434684	wide
21	15	False	True	True	True	11.0	0.29307932	wide
21	15	False	True	True	True	12.0	0.26501575	wide
21	15	False	True	True	True	13.0	0.239723	wide
21	15	False	True	True	True	14.0	0.19221035	wide
21	15	False	True	True	True	15.0	0.13855706	wide
21	15	False	True	True	True	16.0	0.12688991	wide
21	15	False	True	True	True	17.0	0.122241795	wide
21	15	False	True	True	True	18.0	0.09343582	wide
21	15	False	True	True	True	19.0	0.060214818	wide
21	15	False	True	True	True	20.0	0.038280237	wide
21	15	False	True	True	True	21.0	0.026028354	wide
21	15	False	True	True	True	22.0	0.01862215	wide
21	15	False	True	True	True	23.0	0.0136099	wide
21	15	False	True	True	True	24.0	0.010186797	wide
21	15	False	True	True	True	25.0	0.008076329	wide
21	15	False	True	True	True	26.0	0.007089236	wide
21	15	False	True	True	True	27.0	0.0070213764	wide
21	15	False	True	True	True	28.0	0.007656251	wide
21	15	False	True	True	True	29.0	0.008790802	wide
21	15	False	True	True	True	30.0	0.010258404	wide
21	15	False	True	True	True	31.0	0.011940593	wide
21	15	False	True	True	True	32.0	0.0137674175	wide
21	15	False	True	True	True	33.0	0.015708903	wide
21	15	False	True	True	True	34.0	0.0177622	wide
21	15	False	True	True	True	35.0	0.019937877	wide
21	15	False	True	True	True	36.0	0.022247693	wide
21	15	False	True	True	True	37.0	0.024695702	wide
21	15	False	True	True	True	38.0	0.027272448	wide
21	15	False	True	True	True	39.0	0.029952617	wide
21	15	False	True	True	True	40.0	0.03269513	wide
21	18	False	True	True	False	10.0	0.90985996	narrow
21	18	False	True	True	False	11.0	0.62119687	narrow
21	18	False	True	True	False	12.0	0.6365658	narrow
21	18	False	True	True	False	13.0	0.4342085	narrow
21	18	False	True	True	False	14.0	0.2300744	narrow
21	18	False	True	True	False	15.0	0.107344516	narrow
21	18	False	True	True	False	16.0	0.045491945	narrow
21	18	False	True	True	False	17.0	0.030151576	narrow
21	18	False	True	True	False	18.0	0.042294763	narrow
21	18	False	True	True	False	19.0	0.06536542	narrow
21	18	False	True	True	False	20.0	0.08839254	narrow
21	18	False	True	True	False	21.0	0.10687185	narrow
21	18	False	True	True	False	22.0	0.12114598	narrow
21	18	False	True	True	False	23.0	0.13392541	narrow
21	18	False	True	True	False	24.0	0.14842635	narrow
21	18	False	True	True	False	25.0	0.16742563	narrow
21	18	False	True	True	False	10.0	0.1836904	wide
21	18	False	True	True	False	11.0	0.17806792	wide
21	18	False	True	True	False	12.0	0.1781813	wide
21	18	False	True	True	False	13.0	0.15378219	wide
21	18	False	True	True	False	14.0	0.11775983	wide
21	18	False	True	True	False	15.0	0.1005786	wide
21	18	False	True	True	False	16.0	0.097828105	wide
21	18	False	True	True	False	17.0	0.09095183	wide
21	18	False	True	True	False	18.0	0.07634635	wide
21	18	False	True	True	False	19.0	0.060196683	wide
21	18	False	True	True	False	20.0	0.04686582	wide
21	18	False	True	True	False	21.0	0.03690044	wide
21	18	False	True	True	False	22.0	0.02938524	wide
21	18	False	True	True	False	23.0	0.02349411	wide
21	18	False	True	True	False	24.0	0.018776402	wide
21	18	False	True	True	False	25.0	0.015009187	wide
21	18	False	True	True	False	26.0	0.01205679	wide
21	18	False	True	True	False	27.0	0.009809373	wide
21	18	False	True	True	False	28.0	0.008167223	wide
21	18	False	True	True	False	29.0	0.0070401747	wide
21	18	False	True	True	False	30.0	0.006349235	wide
21	18	False	True	True	False	31.0	0.006026875	wide
21	18	False	True	True	False	32.0	0.006016051	wide
21	18	False	True	True	False	33.0	0.006268627	wide
21	18	False	True	True	False	34.0	0.0067437175	wide
21	18	False	True	True	False	35.0	0.0074063176	wide
21	18	False	True	True	False	36.0	0.008226127	wide
21	18	False	True	True	False	37.0	0.009176784	wide
21	18	False	True	True	False	38.0	0.010235186	wide
21	18	False	True	True	False	39.0	0.011381095	wide
21	18	False	True	True	False	40.0	0.012596722	wide
21	18	False	True	True	True	10.0	0.9267858	narrow
21	18	False	True	True	True	11.0	0.6351573	narrow
21	18	False	True	True	True	12.0	0.65501815	narrow
21	18	False	True	True	True	13.0	0.44845107	narrow
21	18	False	True	True	True	14.0	0.23901486	narrow
21	18	False	True	True	True	15.0	0.112345256	narrow
21	18	False	True	True	True	16.0	0.04780988	narrow
21	18	False	True	True	True	17.0	0.03153482	narrow
21	18	False	True	True	True	18.0	0.044160694	narrow
21	18	False	True	True	True	19.0	0.06832573	narrow
21	18	False	True	True	True	20.0	0.09239341	narrow
21	18	False	True	True	True	21.0	0.11164791	narrow
21	18	False	True	True	True	22.0	0.12660229	narrow
21	18	False	True	True	True	23.0	0.14029987	narrow
21	18	False	True	True	True	24.0	0.15628493	narrow
21	18	False	True	True	True	25.0	0.17758602	narrow
21	18	False	True	True	True	10.0	0.18643717	wide
21	18	False	True	True	True	11.0	0.18155938	wide
21	18	False	True	True	True	12.0	0.18220283	wide
21	18	False	True	True	True	13.0	0.1572485	wide
21	18	False	True	True	True	14.0	0.12026319	wide
21	18	False	True	True	True	15.0	0.10281459	wide
21	18	False	True	True	True	16.0	0.10029414	wide
21	18	False	True	True	True	17.0	0.09345747	wide
21	18	False	True	True	True	18.0	0.07855779	wide
21	18	False	True	True	True	19.0	0.06200071	wide
21	18	False	True	True	True	20.0	0.048318863	wide
21	18	False	True	True	True	21.0	0.03809508	wide
21	18	False	True	True	True	22.0	0.030392341	wide
21	18	False	True	True	True	23.0	0.024359742	wide
21	18	False	True	True	True	24.0	0.019531988	wide
21	18	False	True	True	True	25.0	0.015679052	wide
21	18	False	True	True	True	26.0	0.012661928	wide
21	18	False	True	True	True	27.0	0.010369107	wide
21	18	False	True	True	True	28.0	0.008699984	wide
21	18	False	True	True	True	29.0	0.007563831	wide
21	18	False	True	True	True	30.0	0.0068811793	wide
21	18	False	True	True	True	31.0	0.00658398	wide
21	18	False	True	True	True	32.0	0.006614529	wide
21	18	False	True	True	True	33.0	0.0069238665	wide
21	18	False	True	True	True	34.0	0.0074701183	wide
21	18	False	True	True	True	35.0	0.008217164	wide
21	18	False	True	True	True	36.0	0.009133481	wide
21	18	False	True	True	True	37.0	0.01019144	wide
21	18	False	True	True	True	38.0	0.011366639	wide
21	18	False	True	True	True	39.0	0.012637565	wide
21	18	False	True	True	True	40.0	0.013985191	wide
21	18	False	True	True	True	10.0	0.89841205	narrow
21	18	False	True	True	True	11.0	0.6122708	narrow
21	18	False	True	True	True	12.0	0.6243691	narrow
21	18	False	True	True	True	13.0	0.4249387	narrow
21	18	False	True	True	True	14.0	0.2242352	narrow
21	18	False	True	True	True	15.0	0.104034215	narrow
21	18	False	True	True	True	16.0	0.04399512	narrow
21	18	False	True	True	True	17.0	0.029246626	narrow
21	18	False	True	True	True	18.0	0.04095058	narrow
21	18	False	True	True	True	19.0	0.063150585	narrow
21	18	False	True	True	True	20.0	0.08537752	narrow
21	18	False	True	True	True	21.0	0.10327716	narrow
21	18	False	True	True	True	22.0	0.117045626	narrow
21	18	False	True	True	True	23.0	0.12912267	narrow
21	18	False	True	True	True	24.0	0.1424612	narrow
21	18	False	True	True	True	25.0	0.15963846	narrow
21	18	False	True	True	True	10.0	0.18227482	wide
21	18	False	True	True	True	11.0	0.17576915	wide
21	18	False	True	True	True	12.0	0.17538296	wide
21	18	False	True	True	True	13.0	0.15151192	wide
21	18	False	True	True	True	14.0	0.11635149	wide
21	18	False	True	True	True	15.0	0.099364884	wide
21	18	False	True	True	True	16.0	0.09632877	wide
21	18	False	True	True	True	17.0	0.08931594	wide
21	18	False	True	True	True	18.0	0.074868865	wide
21	18	False	True	True	True	19.0	0.05898901	wide
21	18	False	True	True	True	20.0	0.04589323	wide
21	18	False	True	True	True	21.0	0.036095653	wide
21	18	False	True	True	True	22.0	0.02869798	wide
21	18	False	True	True	True	23.0	0.02289379	wide
21	18	False	True	True	True	24.0	0.018243521	wide
21	18	False	True	True	True	25.0	0.014529033	wide
21	18	False	True	True	True	26.0	0.011616424	wide
21	18	False	True	True	True	27.0	0.009396387	wide
21	18	False	True	True	True	28.0	0.0077692745	wide
21	18	False	True	True	True	29.0	0.006644837	wide
21	18	False	True	True	True	30.0	0.0059440443	wide
21	18	False	True	True	True	31.0	0.0055994694	wide
21	18	False	True	True	True	32.0	0.005554354	wide
21	18	False	True	True	True	33.0	0.0057610385	wide
21	18	False	True	True	True	34.0	0.0061792904	wide
21	18	False	True	True	True	35.0	0.0067748944	wide
21	18	False	True	True	True	36.0	0.007518444	wide
21	18	False	True	True	True	37.0	0.008384532	wide
21	18	False	True	True	True	38.0	0.009351042	wide
21	18	False	True	True	True	39.0	0.0103987055	wide
21	18	False	True	True	True	40.0	0.011510697	wide
22	15	False	True	True	False	10.0	10.532246	narrow
22	15	False	True	True	False	11.0	2.2695053	narrow
22	15	False	True	True	False	12.0	1.7565371	narrow
22	15	False	True	True	False	13.0	1.6505952	narrow
22	15	False	True	True	False	14.0	1.5318354	narrow
22	15	False	True	True	False	15.0	1.2227832	narrow
22	15	False	True	True	False	16.0	0.91526866	narrow
22	15	False	True	True	False	17.0	0.9090165	narrow
22	15	False	True	True	False	18.0	1.1886574	narrow
22	15	False	True	True	False	19.0	1.4819752	narrow
22	15	False	True	True	False	20.0	1.6044556	narrow
22	15	False	True	True	False	21.0	1.5598388	narrow
22	15	False	True	True	False	22.0	1.429581	narrow
22	15	False	True	True	False	23.0	1.2943096	narrow
22	15	False	True	True	False	24.0	6.635276	narrow
22	15	False	True	True	False	25.0	15.504001	narrow
22	15	False	True	True	False	10.0	20.337275	wide
22	15	False	True	True	False	11.0	1.5967677	wide
22	15	False	True	True	False	12.0	1.1201516	wide
22	15	False	True	True	False	13.0	0.868837	wide
22	15	False	True	True	False	14.0	0.7222066	wide
22	15	False	True	True	False	15.0	0.6410592	wide
22	15	False	True	True	False	16.0	0.59485394	wide
22	15	False	True	True	False	17.0	0.56001914	wide
22	15	False	True	True	False	18.0	0.51894	wide
22	15	False	True	True	False	19.0	0.46328303	wide
22	15	False	True	True	False	20.0	0.39648134	wide
22	15	False	True	True	False	21.0	0.3310549	wide
22	15	False	True	True	False	22.0	0.28170922	wide
22	15	False	True	True	False	23.0	0.25809702	wide
22	15	False	True	True	False	24.0	0.26103744	wide
22	15	False	True	True	False	25.0	0.2834881	wide
22	15	False	True	True	False	26.0	0.3146505	wide
22	15	False	True	True	False	27.0	0.3443843	wide
22	15	False	True	True	False	28.0	0.36591327	wide
22	15	False	True	True	False	29.0	0.3764119	wide
22	15	False	True	True	False	30.0	0.37616014	wide
22	15	False	True	True	False	31.0	0.3672134	wide
22	15	False	True	True	False	32.0	0.35228252	wide
22	15	False	True	True	False	33.0	0.33413512	wide
22	15	False	True	True	False	34.0	0.31564882	wide
22	15	False	True	True	False	35.0	0.30056012	wide
22	15	False	True	True	False	36.0	0.2947931	wide
22	15	False	True	True	False	37.0	0.323373	wide
22	15	False	True	True	False	38.0	1.9501374	wide
22	15	False	True	True	False	39.0	1.1611428	wide
22	15	False	True	True	False	40.0	3.3341324	wide
22	15	False	True	True	True	10.0	9.865363	narrow
22	15	False	True	True	True	11.0	2.2491713	narrow
22	15	False	True	True	True	12.0	1.7340213	narrow
22	15	False	True	True	True	13.0	1.6228514	narrow
22	15	False	True	True	True	14.0	1.5033079	narrow
22	15	False	True	True	True	15.0	1.1982205	narrow
22	15	False	True	True	True	16.0	0.89579767	narrow
22	15	False	True	True	True	17.0	0.8903974	narrow
22	15	False	True	True	True	18.0	1.1667179	narrow
22	15	False	True	True	True	19.0	1.4575315	narrow
22	15	False	True	True	True	20.0	1.5807757	narrow
22	15	False	True	True	True	21.0	1.5388978	narrow
22	15	False	True	True	True	22.0	1.4116383	narrow
22	15	False	True	True	True	23.0	1.2795739	narrow
22	15	False	True	True	True	24.0	6.282715	narrow
22	15	False	True	True	True	25.0	14.67607	narrow
22	15	False	True	True	True	10.0	18.82068	wide
22	15	False	True	True	True	11.0	1.5810034	wide
22	15	False	True	True	True	12.0	1.1098412	wide
22	15	False	True	True	True	13.0	0.8592023	wide
22	15	False	True	True	True	14.0	0.7120605	wide
22	15	False	True	True	True	15.0	0.63033545	wide
22	15	False	True	True	True	16.0	0.5839274	wide
22	15	False	True	True	True	17.0	0.5493003	wide
22	15	False	True	True	True	18.0	0.50879514	wide
22	15	False	True	True	True	19.0	0.45404062	wide
22	15	False	True	True	True	20.0	0.38837647	wide
22	15	False	True	True	True	21.0	0.3241298	wide
22	15	False	True	True	True	22.0	0.2757562	wide
22	15	False	True	True	True	23.0	0.25271547	wide
22	15	False	True	True	True	24.0	0.25578922	wide
22	15	False	True	True	True	25.0	0.27805856	wide
22	15	False	True	True	True	26.0	0.3089293	wide
22	15	False	True	True	True	27.0	0.33844498	wide
22	15	False	True	True	True	28.0	0.35993204	wide
22	15	False	True	True	True	29.0	0.37058133	wide
22	15	False	True	True	True	30.0	0.37063092	wide
22	15	False	True	True	True	31.0	0.36207494	wide
22	15	False	True	True	True	32.0	0.34757078	wide
22	15	False	True	True	True	33.0	0.32985935	wide
22	15	False	True	True	True	34.0	0.31183526	wide
22	15	False	True	True	True	35.0	0.29732534	wide
22	15	False	True	True	True	36.0	0.29246002	wide
22	15	False	True	True	True	37.0	0.32150757	wide
22	15	False	True	True	True	38.0	1.8495872	wide
22	15	False	True	True	True	39.0	1.1230446	wide
22	15	False	True	True	True	40.0	3.175419	wide
22	15	False	True	True	True	10.0	11.406752	narrow
22	15	False	True	True	True	11.0	2.305885	narrow
22	15	False	True	True	True	12.0	1.789356	narrow
22	15	False	True	True	True	13.0	1.6865727	narrow
22	15	False	True	True	True	14.0	1.5682036	narrow
22	15	False	True	True	True	15.0	1.2549672	narrow
22	15	False	True	True	True	16.0	0.9420722	narrow
22	15	False	True	True	True	17.0	0.9355152	narrow
22	15	False	True	True	True	18.0	1.2200296	narrow
22	15	False	True	True	True	19.0	1.5173798	narrow
22	15	False	True	True	True	20.0	1.6397963	narrow
22	15	False	True	True	True	21.0	1.5923251	narrow
22	15	False	True	True	True	22.0	1.4584831	narrow
22	15	False	True	True	True	23.0	1.3192722	narrow
22	15	False	True	True	True	24.0	7.049881	narrow
22	15	False	True	True	True	25.0	16.46407	narrow
22	15	False	True	True	True	10.0	22.287569	wide
22	15	False	True	True	True	11.0	1.6247156	wide
22	15	False	True	True	True	12.0	1.1390771	wide
22	15	False	True	True	True	13.0	0.8847658	wide
22	15	False	True	True	True	14.0	0.73712313	wide
22	15	False	True	True	True	15.0	0.65559673	wide
22	15	False	True	True	True	16.0	0.60903406	wide
22	15	False	True	True	True	17.0	0.5736905	wide
22	15	False	True	True	True	18.0	0.5318743	wide
22	15	False	True	True	True	19.0	0.47519466	wide
22	15	False	True	True	True	20.0	0.40712604	wide
22	15	False	True	True	True	21.0	0.3403806	wide
22	15	False	True	True	True	22.0	0.28995016	wide
22	15	False	True	True	True	23.0	0.26572075	wide
22	15	False	True	True	True	24.0	0.26856667	wide
22	15	False	True	True	True	25.0	0.29130596	wide
22	15	False	True	True	True	26.0	0.32289797	wide
22	15	False	True	True	True	27.0	0.35297725	wide
22	15	False	True	True	True	28.0	0.3746355	wide
22	15	False	True	True	True	29.0	0.38501918	wide
22	15	False	True	True	True	30.0	0.38445082	wide
22	15	False	True	True	True	31.0	0.37505677	wide
22	15	False	True	True	True	32.0	0.35961336	wide
22	15	False	True	True	True	33.0	0.34092706	wide
22	15	False	True	True	True	34.0	0.3218699	wide
22	15	False	True	True	True	35.0	0.30610192	wide
22	15	False	True	True	True	36.0	0.29936042	wide
22	15	False	True	True	True	37.0	0.32764614	wide
22	15	False	True	True	True	38.0	2.0682187	wide
22	15	False	True	True	True	39.0	1.2079613	wide
22	15	False	True	True	True	40.0	3.5199177	wide
22	18	False	True	True	False	10.0	10.766641	narrow
22	18	False	True	True	False	11.0	2.26179	narrow
22	18	False	True	True	False	12.0	1.7329274	narrow
22	18	False	True	True	False	13.0	1.6094118	narrow
22	18	False	True	True	False	14.0	1.4960952	narrow
22	18	False	True	True	False	15.0	1.215665	narrow
22	18	False	True	True	False	16.0	0.9208583	narrow
22	18	False	True	True	False	17.0	0.8941466	narrow
22	18	False	True	True	False	18.0	1.149847	narrow
22	18	False	True	True	False	19.0	1.4425992	narrow
22	18	False	True	True	False	20.0	1.5822268	narrow
22	18	False	True	True	False	21.0	1.5552903	narrow
22	18	False	True	True	False	22.0	1.4347303	narrow
22	18	False	True	True	False	23.0	1.3045309	narrow
22	18	False	True	True	False	24.0	2.5542085	narrow
22	18	False	True	True	False	25.0	15.845992	narrow
22	18	False	True	True	False	10.0	20.796776	wide
22	18	False	True	True	False	11.0	1.6265295	wide
22	18	False	True	True	False	12.0	1.0926915	wide
22	18	False	True	True	False	13.0	0.84370756	wide
22	18	False	True	True	False	14.0	0.70258766	wide
22	18	False	True	True	False	15.0	0.6243065	wide
22	18	False	True	True	False	16.0	0.5778232	wide
22	18	False	True	True	False	17.0	0.5409799	wide
22	18	False	True	True	False	18.0	0.49824846	wide
22	18	False	True	True	False	19.0	0.44284302	wide
22	18	False	True	True	False	20.0	0.3786335	wide
22	18	False	True	True	False	21.0	0.3175071	wide
22	18	False	True	True	False	22.0	0.27288222	wide
22	18	False	True	True	False	23.0	0.25309005	wide
22	18	False	True	True	False	24.0	0.25816727	wide
22	18	False	True	True	False	25.0	0.28105754	wide
22	18	False	True	True	False	26.0	0.31152728	wide
22	18	False	True	True	False	27.0	0.3401763	wide
22	18	False	True	True	False	28.0	0.36080387	wide
22	18	False	True	True	False	29.0	0.37085986	wide
22	18	False	True	True	False	30.0	0.3706383	wide
22	18	False	True	True	False	31.0	0.36206406	wide
22	18	False	True	True	False	32.0	0.34769082	wide
22	18	False	True	True	False	33.0	0.3302719	wide
22	18	False	True	True	False	34.0	0.31334507	wide
22	18	False	True	True	False	35.0	0.30364963	wide
22	18	False	True	True	False	36.0	0.31622252	wide
22	18	False	True	True	False	37.0	0.40032357	wide
22	18	False	True	True	False	38.0	2.9538248	wide
22	18	False	True	True	False	39.0	1.158427	wide
22	18	False	True	True	False	40.0	2.4734015	wide
22	18	False	True	True	True	10.0	10.080144	narrow
22	18	False	True	True	True	11.0	2.2395673	narrow
22	18	False	True	True	True	12.0	1.7099111	narrow
22	18	False	True	True	True	13.0	1.5822715	narrow
22	18	False	True	True	True	14.0	1.468765	narrow
22	18	False	True	True	True	15.0	1.1922002	narrow
22	18	False	True	True	True	16.0	0.9020951	narrow
22	18	False	True	True	True	17.0	0.8761194	narrow
22	18	False	True	True	True	18.0	1.1285518	narrow
22	18	False	True	True	True	19.0	1.4186188	narrow
22	18	False	True	True	True	20.0	1.5585951	narrow
22	18	False	True	True	True	21.0	1.5339719	narrow
22	18	False	True	True	True	22.0	1.4160672	narrow
22	18	False	True	True	True	23.0	1.288554	narrow
22	18	False	True	True	True	24.0	2.4839683	narrow
22	18	False	True	True	True	25.0	15.1841755	narrow
22	18	False	True	True	True	10.0	19.261005	wide
22	18	False	True	True	True	11.0	1.6063081	wide
22	18	False	True	True	True	12.0	1.0813938	wide
22	18	False	True	True	True	13.0	0.8336144	wide
22	18	False	True	True	True	14.0	0.6922586	wide
22	18	False	True	True	True	15.0	0.61364037	wide
22	18	False	True	True	True	16.0	0.56717366	wide
22	18	False	True	True	True	17.0	0.5307189	wide
22	18	False	True	True	True	18.0	0.48868152	wide
22	18	False	True	True	True	19.0	0.43422353	wide
22	18	False	True	True	True	20.0	0.3711183	wide
22	18	False	True	True	True	21.0	0.3110693	wide
22	18	False	True	True	True	22.0	0.26727396	wide
22	18	False	True	True	True	23.0	0.24791305	wide
22	18	False	True	True	True	24.0	0.25302252	wide
22	18	False	True	True	True	25.0	0.27568337	wide
22	18	False	True	True	True	26.0	0.3058555	wide
22	18	False	True	True	True	27.0	0.33429924	wide
22	18	False	True	True	True	28.0	0.35489497	wide
22	18	False	True	True	True	29.0	0.36509675	wide
22	18	False	True	True	True	30.0	0.36515516	wide
22	18	False	True	True	True	31.0	0.35693783	wide
22	18	False	True	True	True	32.0	0.34294936	wide
22	18	False	True	True	True	33.0	0.3259172	wide
22	18	False	True	True	True	34.0	0.30939513	wide
22	18	False	True	True	True	35.0	0.30025145	wide
22	18	False	True	True	True	36.0	0.31397873	wide
22	18	False	True	True	True	37.0	0.39998457	wide
22	18	False	True	True	True	38.0	2.8254147	wide
22	18	False	True	True	True	39.0	1.1649106	wide
22	18	False	True	True	True	40.0	2.458076	wide
22	18	False	True	True	True	10.0	11.670018	narrow
22	18	False	True	True	True	11.0	2.3006423	narrow
22	18	False	True	True	True	12.0	1.7666851	narrow
22	18	False	True	True	True	13.0	1.6451291	narrow
22	18	False	True	True	True	14.0	1.5315127	narrow
22	18	False	True	True	True	15.0	1.2468842	narrow
22	18	False	True	True	True	16.0	0.9469439	narrow
22	18	False	True	True	True	17.0	0.9199298	narrow
22	18	False	True	True	True	18.0	1.1804608	narrow
22	18	False	True	True	True	19.0	1.4775478	narrow
22	18	False	True	True	True	20.0	1.6176559	narrow
22	18	False	True	True	True	21.0	1.5883567	narrow
22	18	False	True	True	True	22.0	1.464562	narrow
22	18	False	True	True	True	23.0	1.3309448	narrow
22	18	False	True	True	True	24.0	2.6440313	narrow
22	18	False	True	True	True	25.0	16.630005	narrow
22	18	False	True	True	True	10.0	22.77681	wide
22	18	False	True	True	True	11.0	1.6592053	wide
22	18	False	True	True	True	12.0	1.1125588	wide
22	18	False	True	True	True	13.0	0.8600339	wide
22	18	False	True	True	True	14.0	0.7176538	wide
22	18	False	True	True	True	15.0	0.63878626	wide
22	18	False	True	True	True	16.0	0.59174985	wide
22	18	False	True	True	True	17.0	0.55422497	wide
22	18	False	True	True	True	18.0	0.5106285	wide
22	18	False	True	True	True	19.0	0.4541346	wide
22	18	False	True	True	True	20.0	0.38866633	wide
22	18	False	True	True	True	21.0	0.3263035	wide
22	18	False	True	True	True	22.0	0.28072855	wide
22	18	False	True	True	True	23.0	0.2604643	wide
22	18	False	True	True	True	24.0	0.2655614	wide
22	18	False	True	True	True	25.0	0.28880462	wide
22	18	False	True	True	True	26.0	0.31972474	wide
22	18	False	True	True	True	27.0	0.34871775	wide
22	18	False	True	True	True	28.0	0.3694724	wide
22	18	False	True	True	True	29.0	0.3794229	wide
22	18	False	True	True	True	30.0	0.3789084	wide
22	18	False	True	True	True	31.0	0.36992127	wide
22	18	False	True	True	True	32.0	0.35507646	wide
22	18	False	True	True	True	33.0	0.33716652	wide
22	18	False	True	True	True	34.0	0.3197288	wide
22	18	False	True	True	True	35.0	0.30940795	wide
22	18	False	True	True	True	36.0	0.3208826	wide
22	18	False	True	True	True	37.0	0.40367153	wide
22	18	False	True	True	True	38.0	3.1048138	wide
22	18	False	True	True	True	39.0	1.1616616	wide
22	18	False	True	True	True	40.0	2.5104861	wide
24	15	False	True	True	False	10.0	10.742522	narrow
24	15	False	True	True	False	11.0	0.71301174	narrow
24	15	False	True	True	False	12.0	0.27452648	narrow
24	15	False	True	True	False	13.0	0.1399305	narrow
24	15	False	True	True	False	14.0	0.08804933	narrow
24	15	False	True	True	False	15.0	0.06476016	narrow
24	15	False	True	True	False	16.0	0.05331821	narrow
24	15	False	True	True	False	17.0	0.048473895	narrow
24	15	False	True	True	False	18.0	0.0497955	narrow
24	15	False	True	True	False	19.0	0.059960775	narrow
24	15	False	True	True	False	20.0	0.08437322	narrow
24	15	False	True	True	False	21.0	0.13064547	narrow
24	15	False	True	True	False	22.0	0.20715497	narrow
24	15	False	True	True	False	23.0	0.32042998	narrow
24	15	False	True	True	False	24.0	0.47185293	narrow
24	15	False	True	True	False	25.0	0.6548284	narrow
24	15	False	True	True	False	10.0	15.094536	wide
24	15	False	True	True	False	11.0	1.4628395	wide
24	15	False	True	True	False	12.0	0.56533694	wide
24	15	False	True	True	False	13.0	0.26898804	wide
24	15	False	True	True	False	14.0	0.14903063	wide
24	15	False	True	True	False	15.0	0.09376238	wide
24	15	False	True	True	False	16.0	0.06557989	wide
24	15	False	True	True	False	17.0	0.049860712	wide
24	15	False	True	True	False	18.0	0.04033647	wide
24	15	False	True	True	False	19.0	0.03411408	wide
24	15	False	True	True	False	20.0	0.029769054	wide
24	15	False	True	True	False	21.0	0.02655814	wide
24	15	False	True	True	False	22.0	0.024074795	wide
24	15	False	True	True	False	23.0	0.022090679	wide
24	15	False	True	True	False	24.0	0.020480467	wide
24	15	False	True	True	False	25.0	0.019186232	wide
24	15	False	True	True	False	26.0	0.018202165	wide
24	15	False	True	True	False	27.0	0.01757056	wide
24	15	False	True	True	False	28.0	0.017383944	wide
24	15	False	True	True	False	29.0	0.017790256	wide
24	15	False	True	True	False	30.0	0.018998122	wide
24	15	False	True	True	False	31.0	0.021279113	wide
24	15	False	True	True	False	32.0	0.024964526	wide
24	15	False	True	True	False	33.0	0.030433498	wide
24	15	False	True	True	False	34.0	0.03809109	wide
24	15	False	True	True	False	35.0	0.048336107	wide
24	15	False	True	True	False	36.0	0.061519086	wide
24	15	False	True	True	False	37.0	0.07789567	wide
24	15	False	True	True	False	38.0	0.09757801	wide
24	15	False	True	True	False	39.0	0.12049332	wide
24	15	False	True	True	False	40.0	0.14635238	wide
24	15	False	True	True	True	10.0	9.783193	narrow
24	15	False	True	True	True	11.0	0.6568831	narrow
24	15	False	True	True	True	12.0	0.24824262	narrow
24	15	False	True	True	True	13.0	0.12515299	narrow
24	15	False	True	True	True	14.0	0.07827228	narrow
24	15	False	True	True	True	15.0	0.057423923	narrow
24	15	False	True	True	True	16.0	0.04730739	narrow
24	15	False	True	True	True	17.0	0.043200918	narrow
24	15	False	True	True	True	18.0	0.044845007	narrow
24	15	False	True	True	True	19.0	0.054941546	narrow
24	15	False	True	True	True	20.0	0.07886417	narrow
24	15	False	True	True	True	21.0	0.124201916	narrow
24	15	False	True	True	True	22.0	0.19935635	narrow
24	15	False	True	True	True	23.0	0.31094474	narrow
24	15	False	True	True	True	24.0	0.4604906	narrow
24	15	False	True	True	True	25.0	0.6415559	narrow
24	15	False	True	True	True	10.0	13.819651	wide
24	15	False	True	True	True	11.0	1.3686551	wide
24	15	False	True	True	True	12.0	0.52085304	wide
24	15	False	True	True	True	13.0	0.24491021	wide
24	15	False	True	True	True	14.0	0.1345228	wide
24	15	False	True	True	True	15.0	0.08406757	wide
24	15	False	True	True	True	16.0	0.05850646	wide
24	15	False	True	True	True	17.0	0.044339273	wide
24	15	False	True	True	True	18.0	0.035808813	wide
24	15	False	True	True	True	19.0	0.030267641	wide
24	15	False	True	True	True	20.0	0.02641687	wide
24	15	False	True	True	True	21.0	0.023581479	wide
24	15	False	True	True	True	22.0	0.021393968	wide
24	15	False	True	True	True	23.0	0.019649245	wide
24	15	False	True	True	True	24.0	0.018236035	wide
24	15	False	True	True	True	25.0	0.017104715	wide
24	15	False	True	True	True	26.0	0.016253931	wide
24	15	False	True	True	True	27.0	0.015727654	wide
24	15	False	True	True	True	28.0	0.015618105	wide
24	15	False	True	True	True	29.0	0.016071487	wide
24	15	False	True	True	True	30.0	0.017293867	wide
24	15	False	True	True	True	31.0	0.019554041	wide
24	15	False	True	True	True	32.0	0.023180941	wide
24	15	False	True	True	True	33.0	0.028552335	wide
24	15	False	True	True	True	34.0	0.036073394	wide
24	15	False	True	True	True	35.0	0.046144832	wide
24	15	False	True	True	True	36.0	0.059120953	wide
24	15	False	True	True	True	37.0	0.075262874	wide
24	15	False	True	True	True	38.0	0.0946895	wide
24	15	False	True	True	True	39.0	0.11733547	wide
24	15	False	True	True	True	40.0	0.14291912	wide
24	15	False	True	True	True	10.0	11.956855	narrow
24	15	False	True	True	True	11.0	0.7882711	narrow
24	15	False	True	True	True	12.0	0.31020394	narrow
24	15	False	True	True	True	13.0	0.16019602	narrow
24	15	False	True	True	True	14.0	0.10157577	narrow
24	15	False	True	True	True	15.0	0.07496838	narrow
24	15	False	True	True	True	16.0	0.061699793	narrow
24	15	False	True	True	True	17.0	0.055813823	narrow
24	15	False	True	True	True	18.0	0.0566465	narrow
24	15	False	True	True	True	19.0	0.066844374	narrow
24	15	False	True	True	True	20.0	0.091860935	narrow
24	15	False	True	True	True	21.0	0.13936584	narrow
24	15	False	True	True	True	22.0	0.21774541	narrow
24	15	False	True	True	True	23.0	0.33345613	narrow
24	15	False	True	True	True	24.0	0.48772448	narrow
24	15	False	True	True	True	25.0	0.6737393	narrow
24	15	False	True	True	True	10.0	16.704212	wide
24	15	False	True	True	True	11.0	1.5859041	wide
24	15	False	True	True	True	12.0	0.62407976	wide
24	15	False	True	True	True	13.0	0.30107266	wide
24	15	False	True	True	True	14.0	0.16855855	wide
24	15	False	True	True	True	15.0	0.106943496	wide
24	15	False	True	True	True	16.0	0.075280234	wide
24	15	False	True	True	True	17.0	0.057482097	wide
24	15	False	True	True	True	18.0	0.046613693	wide
24	15	False	True	True	True	19.0	0.039461046	wide
24	15	False	True	True	True	20.0	0.03443525	wide
24	15	False	True	True	True	21.0	0.030703397	wide
24	15	False	True	True	True	22.0	0.027807292	wide
24	15	False	True	True	True	23.0	0.025487604	wide
24	15	False	True	True	True	24.0	0.023600088	wide
24	15	False	True	True	True	25.0	0.022075431	wide
24	15	False	True	True	True	26.0	0.020901553	wide
24	15	False	True	True	True	27.0	0.020118134	wide
24	15	False	True	True	True	28.0	0.019817824	wide
24	15	False	True	True	True	29.0	0.020150714	wide
24	15	False	True	True	True	30.0	0.02132889	wide
24	15	False	True	True	True	31.0	0.023628006	wide
24	15	False	True	True	True	32.0	0.027383322	wide
24	15	False	True	True	True	33.0	0.032977093	wide
24	15	False	True	True	True	34.0	0.040815976	wide
24	15	False	True	True	True	35.0	0.05129839	wide
24	15	False	True	True	True	36.0	0.06477215	wide
24	15	False	True	True	True	37.0	0.081487834	wide
24	15	False	True	True	True	38.0	0.10155037	wide
24	15	False	True	True	True	39.0	0.12487803	wide
24	15	False	True	True	True	40.0	0.15117139	wide
24	18	False	True	True	False	10.0	10.574476	narrow
24	18	False	True	True	False	11.0	0.5786296	narrow
24	18	False	True	True	False	12.0	0.21290398	narrow
24	18	False	True	True	False	13.0	0.1091276	narrow
24	18	False	True	True	False	14.0	0.07053168	narrow
24	18	False	True	True	False	15.0	0.053365342	narrow
24	18	False	True	True	False	16.0	0.044581402	narrow
24	18	False	True	True	False	17.0	0.03969309	narrow
24	18	False	True	True	False	18.0	0.037213378	narrow
24	18	False	True	True	False	19.0	0.036930867	narrow
24	18	False	True	True	False	20.0	0.03925726	narrow
24	18	False	True	True	False	21.0	0.044882588	narrow
24	18	False	True	True	False	22.0	0.0546721	narrow
24	18	False	True	True	False	23.0	0.070218585	narrow
24	18	False	True	True	False	24.0	0.09462307	narrow
24	18	False	True	True	False	25.0	0.12965143	narrow
24	18	False	True	True	False	10.0	14.876376	wide
24	18	False	True	True	False	11.0	1.1173857	wide
24	18	False	True	True	False	12.0	0.4066759	wide
24	18	False	True	True	False	13.0	0.19102071	wide
24	18	False	True	True	False	14.0	0.10774824	wide
24	18	False	True	True	False	15.0	0.07017159	wide
24	18	False	True	True	False	16.0	0.051109895	wide
24	18	False	True	True	False	17.0	0.040415764	wide
24	18	False	True	True	False	18.0	0.033834584	wide
24	18	False	True	True	False	19.0	0.029429726	wide
24	18	False	True	True	False	20.0	0.026256967	wide
24	18	False	True	True	False	21.0	0.023827072	wide
24	18	False	True	True	False	22.0	0.021873357	wide
24	18	False	True	True	False	23.0	0.020245384	wide
24	18	False	True	True	False	24.0	0.01885812	wide
24	18	False	True	True	False	25.0	0.017666586	wide
24	18	False	True	True	False	26.0	0.016652998	wide
24	18	False	True	True	False	27.0	0.015819907	wide
24	18	False	True	True	False	28.0	0.015186088	wide
24	18	False	True	True	False	29.0	0.014783387	wide
24	18	False	True	True	False	30.0	0.01465345	wide
24	18	False	True	True	False	31.0	0.014844127	wide
24	18	False	True	True	False	32.0	0.015407078	wide
24	18	False	True	True	False	33.0	0.016400477	wide
24	18	False	True	True	False	34.0	0.017903859	wide
24	18	False	True	True	False	35.0	0.020048417	wide
24	18	False	True	True	False	36.0	0.023045935	wide
24	18	False	True	True	False	37.0	0.027168006	wide
24	18	False	True	True	False	38.0	0.03261523	wide
24	18	False	True	True	False	39.0	0.039278537	wide
24	18	False	True	True	False	40.0	0.0465191	wide
24	18	False	True	True	True	10.0	9.619421	narrow
24	18	False	True	True	True	11.0	0.5327443	narrow
24	18	False	True	True	True	12.0	0.19139178	narrow
24	18	False	True	True	True	13.0	0.096842125	narrow
24	18	False	True	True	True	14.0	0.0622636	narrow
24	18	False	True	True	True	15.0	0.047069915	narrow
24	18	False	True	True	True	16.0	0.039387856	narrow
24	18	False	True	True	True	17.0	0.035182834	narrow
24	18	False	True	True	True	18.0	0.033143066	narrow
24	18	False	True	True	True	19.0	0.03311696	narrow
24	18	False	True	True	True	20.0	0.035523906	narrow
24	18	False	True	True	True	21.0	0.0410444	narrow
24	18	False	True	True	True	22.0	0.05057236	narrow
24	18	False	True	True	True	23.0	0.06592055	narrow
24	18	False	True	True	True	24.0	0.090774536	narrow
24	18	False	True	True	True	25.0	0.12741628	narrow
24	18	False	True	True	True	10.0	13.578745	wide
24	18	False	True	True	True	11.0	1.042797	wide
24	18	False	True	True	True	12.0	0.3719684	wide
24	18	False	True	True	True	13.0	0.17209968	wide
24	18	False	True	True	True	14.0	0.096159965	wide
24	18	False	True	True	True	15.0	0.06225875	wide
24	18	False	True	True	True	16.0	0.04519853	wide
24	18	False	True	True	True	17.0	0.035694912	wide
24	18	False	True	True	True	18.0	0.029884726	wide
24	18	False	True	True	True	19.0	0.026017996	wide
24	18	False	True	True	True	20.0	0.02324481	wide
24	18	False	True	True	True	21.0	0.0211265	wide
24	18	False	True	True	True	22.0	0.019425085	wide
24	18	False	True	True	True	23.0	0.018007211	wide
24	18	False	True	True	True	24.0	0.016798362	wide
24	18	False	True	True	True	25.0	0.015760094	wide
24	18	False	True	True	True	26.0	0.014878573	wide
24	18	False	True	True	True	27.0	0.014158506	wide
24	18	False	True	True	True	28.0	0.013619507	wide
24	18	False	True	True	True	29.0	0.013293276	wide
24	18	False	True	True	True	30.0	0.013220631	wide
24	18	False	True	True	True	31.0	0.013448279	wide
24	18	False	True	True	True	32.0	0.0140271075	wide
24	18	False	True	True	True	33.0	0.015016524	wide
24	18	False	True	True	True	34.0	0.016502913	wide
24	18	False	True	True	True	35.0	0.018635903	wide
24	18	False	True	True	True	36.0	0.021662898	wide
24	18	False	True	True	True	37.0	0.025905583	wide
24	18	False	True	True	True	38.0	0.031608544	wide
24	18	False	True	True	True	39.0	0.038662303	wide
24	18	False	True	True	True	40.0	0.04634753	wide
24	18	False	True	True	True	10.0	11.7716675	narrow
24	18	False	True	True	True	11.0	0.64051324	narrow
24	18	False	True	True	True	12.0	0.24239905	narrow
24	18	False	True	True	True	13.0	0.12614338	narrow
24	18	False	True	True	True	14.0	0.08206719	narrow
24	18	False	True	True	True	15.0	0.062185805	narrow
24	18	False	True	True	True	16.0	0.051868554	narrow
24	18	False	True	True	True	17.0	0.046016477	narrow
24	18	False	True	True	True	18.0	0.04290327	narrow
24	18	False	True	True	True	19.0	0.04223299	narrow
24	18	False	True	True	True	20.0	0.044402342	narrow
24	18	False	True	True	True	21.0	0.05011215	narrow
24	18	False	True	True	True	22.0	0.060211163	narrow
24	18	False	True	True	True	23.0	0.076124	narrow
24	18	False	True	True	True	24.0	0.100494415	narrow
24	18	False	True	True	True	25.0	0.1346691	narrow
24	18	False	True	True	True	10.0	16.499456	wide
24	18	False	True	True	True	11.0	1.2154751	wide
24	18	False	True	True	True	12.0	0.45311475	wide
24	18	False	True	True	True	13.0	0.21661177	wide
24	18	False	True	True	True	14.0	0.123575635	wide
24	18	False	True	True	True	15.0	0.08107336	wide
24	18	False	True	True	True	16.0	0.05930973	wide
24	18	False	True	True	True	17.0	0.04699471	wide
24	18	False	True	True	True	18.0	0.039354328	wide
24	18	False	True	True	True	19.0	0.034203872	wide
24	18	False	True	True	True	20.0	0.03047352	wide
24	18	False	True	True	True	21.0	0.027606376	wide
24	18	False	True	True	True	22.0	0.025297169	wide
24	18	False	True	True	True	23.0	0.023372337	wide
24	18	False	True	True	True	24.0	0.02173247	wide
24	18	False	True	True	True	25.0	0.020323535	wide
24	18	False	True	True	True	26.0	0.019122131	wide
24	18	False	True	True	True	27.0	0.0181276	wide
24	18	False	True	True	True	28.0	0.01735726	wide
24	18	False	True	True	True	29.0	0.016842797	wide
24	18	False	True	True	True	30.0	0.016626626	wide
24	18	False	True	True	True	31.0	0.01675784	wide
24	18	False	True	True	True	32.0	0.017289177	wide
24	18	False	True	True	True	33.0	0.01827832	wide
24	18	False	True	True	True	34.0	0.019799843	wide
24	18	False	True	True	True	35.0	0.02197088	wide
24	18	False	True	True	True	36.0	0.024975656	wide
24	18	False	True	True	True	37.0	0.029046739	wide
24	18	False	True	True	True	38.0	0.03434983	wide
24	18	False	True	True	True	39.0	0.04077425	wide
24	18	False	True	True	True	40.0	0.047739986	wide
25	15	False	True	True	False	10.0	4.2192073	narrow
25	15	False	True	True	False	11.0	211.09221	narrow
25	15	False	True	True	False	12.0	2.9975045	narrow
25	15	False	True	True	False	13.0	0.49505392	narrow
25	15	False	True	True	False	14.0	0.20318483	narrow
25	15	False	True	True	False	15.0	0.06927262	narrow
25	15	False	True	True	False	16.0	0.020028362	narrow
25	15	False	True	True	False	17.0	0.013759806	narrow
25	15	False	True	True	False	18.0	0.028484588	narrow
25	15	False	True	True	False	19.0	0.052259922	narrow
25	15	False	True	True	False	20.0	0.078131825	narrow
25	15	False	True	True	False	21.0	0.10207127	narrow
25	15	False	True	True	False	22.0	0.122196734	narrow
25	15	False	True	True	False	23.0	0.14059874	narrow
25	15	False	True	True	False	24.0	0.17504779	narrow
25	15	False	True	True	False	25.0	0.27708519	narrow
25	15	False	True	True	False	10.0	4.27475	wide
25	15	False	True	True	False	11.0	191.21033	wide
25	15	False	True	True	False	12.0	3.4386995	wide
25	15	False	True	True	False	13.0	0.98574996	wide
25	15	False	True	True	False	14.0	0.94004726	wide
25	15	False	True	True	False	15.0	0.40298912	wide
25	15	False	True	True	False	16.0	0.26042137	wide
25	15	False	True	True	False	17.0	0.1664	wide
25	15	False	True	True	False	18.0	0.10218239	wide
25	15	False	True	True	False	19.0	0.059535086	wide
25	15	False	True	True	False	20.0	0.03235712	wide
25	15	False	True	True	False	21.0	0.016308479	wide
25	15	False	True	True	False	22.0	0.008273023	wide
25	15	False	True	True	False	23.0	0.0059386794	wide
25	15	False	True	True	False	24.0	0.007534466	wide
25	15	False	True	True	False	25.0	0.011684723	wide
25	15	False	True	True	False	26.0	0.017328342	wide
25	15	False	True	True	False	27.0	0.023664994	wide
25	15	False	True	True	False	28.0	0.030110283	wide
25	15	False	True	True	False	29.0	0.036255967	wide
25	15	False	True	True	False	30.0	0.041834038	wide
25	15	False	True	True	False	31.0	0.046684742	wide
25	15	False	True	True	False	32.0	0.050730325	wide
25	15	False	True	True	False	33.0	0.053952795	wide
25	15	False	True	True	False	34.0	0.056378935	wide
25	15	False	True	True	False	35.0	0.058080133	wide
25	15	False	True	True	False	36.0	0.059214894	wide
25	15	False	True	True	False	37.0	0.060177628	wide
25	15	False	True	True	False	38.0	0.061924838	wide
25	15	False	True	True	False	39.0	0.06642941	wide
25	15	False	True	True	False	40.0	0.07685392	wide
25	15	False	True	True	True	10.0	4.664912	narrow
25	15	False	True	True	True	11.0	216.34262	narrow
25	15	False	True	True	True	12.0	3.2872663	narrow
25	15	False	True	True	True	13.0	0.52820915	narrow
25	15	False	True	True	True	14.0	0.2146232	narrow
25	15	False	True	True	True	15.0	0.073257364	narrow
25	15	False	True	True	True	16.0	0.021226216	narrow
25	15	False	True	True	True	17.0	0.014358101	narrow
25	15	False	True	True	True	18.0	0.029445771	narrow
25	15	False	True	True	True	19.0	0.05397265	narrow
25	15	False	True	True	True	20.0	0.08070353	narrow
25	15	False	True	True	True	21.0	0.10546525	narrow
25	15	False	True	True	True	22.0	0.12637734	narrow
25	15	False	True	True	True	23.0	0.1464165	narrow
25	15	False	True	True	True	24.0	0.18890543	narrow
25	15	False	True	True	True	25.0	0.32134312	narrow
25	15	False	True	True	True	10.0	5.0352845	wide
25	15	False	True	True	True	11.0	195.59644	wide
25	15	False	True	True	True	12.0	3.5936084	wide
25	15	False	True	True	True	13.0	1.0747161	wide
25	15	False	True	True	True	14.0	1.0115981	wide
25	15	False	True	True	True	15.0	0.42135674	wide
25	15	False	True	True	True	16.0	0.27111468	wide
25	15	False	True	True	True	17.0	0.17280133	wide
25	15	False	True	True	True	18.0	0.105803706	wide
25	15	False	True	True	True	19.0	0.06145986	wide
25	15	False	True	True	True	20.0	0.03329482	wide
25	15	False	True	True	True	21.0	0.016710402	wide
25	15	False	True	True	True	22.0	0.008430125	wide
25	15	False	True	True	True	23.0	0.006042635	wide
25	15	False	True	True	True	24.0	0.007711735	wide
25	15	False	True	True	True	25.0	0.012015833	wide
25	15	False	True	True	True	26.0	0.017860126	wide
25	15	False	True	True	True	27.0	0.024419397	wide
25	15	False	True	True	True	28.0	0.031091161	wide
25	15	False	True	True	True	29.0	0.037454445	wide
25	15	False	True	True	True	30.0	0.043232743	wide
25	15	False	True	True	True	31.0	0.04826107	wide
25	15	False	True	True	True	32.0	0.052458897	wide
25	15	False	True	True	True	33.0	0.055807486	wide
25	15	False	True	True	True	34.0	0.058335137	wide
25	15	False	True	True	True	35.0	0.06012093	wide
25	15	False	True	True	True	36.0	0.061353654	wide
25	15	False	True	True	True	37.0	0.06252915	wide
25	15	False	True	True	True	38.0	0.06488	wide
25	15	False	True	True	True	39.0	0.070972495	wide
25	15	False	True	True	True	40.0	0.08493545	wide
25	15	False	True	True	True	10.0	3.9451075	narrow
25	15	False	True	True	True	11.0	209.34	narrow
25	15	False	True	True	True	12.0	2.7729728	narrow
25	15	False	True	True	True	13.0	0.47394475	narrow
25	15	False	True	True	True	14.0	0.19573502	narrow
25	15	False	True	True	True	15.0	0.066639125	narrow
25	15	False	True	True	True	16.0	0.019253679	narrow
25	15	False	True	True	True	17.0	0.013400256	narrow
25	15	False	True	True	True	18.0	0.027917376	narrow
25	15	False	True	True	True	19.0	0.05124159	narrow
25	15	False	True	True	True	20.0	0.07659688	narrow
25	15	False	True	True	True	21.0	0.10004224	narrow
25	15	False	True	True	True	22.0	0.11969423	narrow
25	15	False	True	True	True	23.0	0.13709804	narrow
25	15	False	True	True	True	24.0	0.166612	narrow
25	15	False	True	True	True	25.0	0.24997172	narrow
25	15	False	True	True	True	10.0	3.7832227	wide
25	15	False	True	True	True	11.0	189.99683	wide
25	15	False	True	True	True	12.0	3.3604503	wide
25	15	False	True	True	True	13.0	0.92683977	wide
25	15	False	True	True	True	14.0	0.88842094	wide
25	15	False	True	True	True	15.0	0.39174762	wide
25	15	False	True	True	True	16.0	0.25385618	wide
25	15	False	True	True	True	17.0	0.16249892	wide
25	15	False	True	True	True	18.0	0.10004717	wide
25	15	False	True	True	True	19.0	0.058458436	wide
25	15	False	True	True	True	20.0	0.031875283	wide
25	15	False	True	True	True	21.0	0.016135838	wide
25	15	False	True	True	True	22.0	0.0082324855	wide
25	15	False	True	True	True	23.0	0.0059171827	wide
25	15	False	True	True	True	24.0	0.0074589048	wide
25	15	False	True	True	True	25.0	0.011509175	wide
25	15	False	True	True	True	26.0	0.017026516	wide
25	15	False	True	True	True	27.0	0.023225022	wide
25	15	False	True	True	True	28.0	0.029530775	wide
25	15	False	True	True	True	29.0	0.035542905	wide
25	15	False	True	True	True	30.0	0.04099835	wide
25	15	False	True	True	True	31.0	0.045740377	wide
25	15	False	True	True	True	32.0	0.04969278	wide
25	15	False	True	True	True	33.0	0.05283797	wide
25	15	False	True	True	True	34.0	0.05520176	wide
25	15	False	True	True	True	35.0	0.056850795	wide
25	15	False	True	True	True	36.0	0.05792495	wide
25	15	False	True	True	True	37.0	0.058756337	wide
25	15	False	True	True	True	38.0	0.060131814	wide
25	15	False	True	True	True	39.0	0.063659616	wide
25	15	False	True	True	True	40.0	0.07190869	wide
25	18	False	True	True	False	10.0	7.1182923	narrow
25	18	False	True	True	False	11.0	59.23338	narrow
25	18	False	True	True	False	12.0	1.1072209	narrow
25	18	False	True	True	False	13.0	0.6289197	narrow
25	18	False	True	True	False	14.0	0.2607261	narrow
25	18	False	True	True	False	15.0	0.10842969	narrow
25	18	False	True	True	False	16.0	0.036555883	narrow
25	18	False	True	True	False	17.0	0.009863176	narrow
25	18	False	True	True	False	18.0	0.008364144	narrow
25	18	False	True	True	False	19.0	0.020304533	narrow
25	18	False	True	True	False	20.0	0.038579497	narrow
25	18	False	True	True	False	21.0	0.05869461	narrow
25	18	False	True	True	False	22.0	0.077860825	narrow
25	18	False	True	True	False	23.0	0.09448786	narrow
25	18	False	True	True	False	24.0	0.107818864	narrow
25	18	False	True	True	False	25.0	0.11765128	narrow
25	18	False	True	True	False	10.0	6.037919	wide
25	18	False	True	True	False	11.0	47.331184	wide
25	18	False	True	True	False	12.0	3.1298244	wide
25	18	False	True	True	False	13.0	0.91040117	wide
25	18	False	True	True	False	14.0	0.6404571	wide
25	18	False	True	True	False	15.0	0.34373066	wide
25	18	False	True	True	False	16.0	0.20267136	wide
25	18	False	True	True	False	17.0	0.119854376	wide
25	18	False	True	True	False	18.0	0.066933	wide
25	18	False	True	True	False	19.0	0.03434103	wide
25	18	False	True	True	False	20.0	0.015693324	wide
25	18	False	True	True	False	21.0	0.006495532	wide
25	18	False	True	True	False	22.0	0.0036802336	wide
25	18	False	True	True	False	23.0	0.005095505	wide
25	18	False	True	True	False	24.0	0.009175907	wide
25	18	False	True	True	False	25.0	0.014770519	wide
25	18	False	True	True	False	26.0	0.021043947	wide
25	18	False	True	True	False	27.0	0.027406659	wide
25	18	False	True	True	False	28.0	0.03345923	wide
25	18	False	True	True	False	29.0	0.038947247	wide
25	18	False	True	True	False	30.0	0.043724626	wide
25	18	False	True	True	False	31.0	0.047723744	wide
25	18	False	True	True	False	32.0	0.050932884	wide
25	18	False	True	True	False	33.0	0.05337806	wide
25	18	False	True	True	False	34.0	0.05510967	wide
25	18	False	True	True	False	35.0	0.056192633	wide
25	18	False	True	True	False	36.0	0.056698833	wide
25	18	False	True	True	False	37.0	0.056702293	wide
25	18	False	True	True	False	38.0	0.05627545	wide
25	18	False	True	True	False	39.0	0.05548696	wide
25	18	False	True	True	False	40.0	0.05440028	wide
25	18	False	True	True	True	10.0	8.014696	narrow
25	18	False	True	True	True	11.0	57.23775	narrow
25	18	False	True	True	True	12.0	1.2201743	narrow
25	18	False	True	True	True	13.0	0.66464823	narrow
25	18	False	True	True	True	14.0	0.2715254	narrow
25	18	False	True	True	True	15.0	0.11277416	narrow
25	18	False	True	True	True	16.0	0.037885565	narrow
25	18	False	True	True	True	17.0	0.01016868	narrow
25	18	False	True	True	True	18.0	0.008668673	narrow
25	18	False	True	True	True	19.0	0.021083606	narrow
25	18	False	True	True	True	20.0	0.040029347	narrow
25	18	False	True	True	True	21.0	0.060859628	narrow
25	18	False	True	True	True	22.0	0.080699705	narrow
25	18	False	True	True	True	23.0	0.097913295	narrow
25	18	False	True	True	True	24.0	0.11172286	narrow
25	18	False	True	True	True	25.0	0.12192109	narrow
25	18	False	True	True	True	10.0	7.2493014	wide
25	18	False	True	True	True	11.0	45.53536	wide
25	18	False	True	True	True	12.0	3.425106	wide
25	18	False	True	True	True	13.0	1.0021083	wide
25	18	False	True	True	True	14.0	0.6841669	wide
25	18	False	True	True	True	15.0	0.3614299	wide
25	18	False	True	True	True	16.0	0.21193554	wide
25	18	False	True	True	True	17.0	0.12480613	wide
25	18	False	True	True	True	18.0	0.06937391	wide
25	18	False	True	True	True	19.0	0.035408437	wide
25	18	False	True	True	True	20.0	0.01607773	wide
25	18	False	True	True	True	21.0	0.006600234	wide
25	18	False	True	True	True	22.0	0.0037421628	wide
25	18	False	True	True	True	23.0	0.0052550016	wide
25	18	False	True	True	True	24.0	0.009513401	wide
25	18	False	True	True	True	25.0	0.015327091	wide
25	18	False	True	True	True	26.0	0.021834252	wide
25	18	False	True	True	True	27.0	0.02842775	wide
25	18	False	True	True	True	28.0	0.034696788	wide
25	18	False	True	True	True	29.0	0.040380068	wide
25	18	False	True	True	True	30.0	0.045327812	wide
25	18	False	True	True	True	31.0	0.049470916	wide
25	18	False	True	True	True	32.0	0.052797765	wide
25	18	False	True	True	True	33.0	0.05533545	wide
25	18	False	True	True	True	34.0	0.057136107	wide
25	18	False	True	True	True	35.0	0.058266737	wide
25	18	False	True	True	True	36.0	0.058801502	wide
25	18	False	True	True	True	37.0	0.0588167	wide
25	18	False	True	True	True	38.0	0.058387008	wide
25	18	False	True	True	True	39.0	0.057583183	wide
25	18	False	True	True	True	40.0	0.05647062	wide
25	18	False	True	True	True	10.0	6.5268645	narrow
25	18	False	True	True	True	11.0	61.763927	narrow
25	18	False	True	True	True	12.0	1.0363301	narrow
25	18	False	True	True	True	13.0	0.6072129	narrow
25	18	False	True	True	True	14.0	0.25442827	narrow
25	18	False	True	True	True	15.0	0.10585495	narrow
25	18	False	True	True	True	16.0	0.03583526	narrow
25	18	False	True	True	True	17.0	0.009744476	narrow
25	18	False	True	True	True	18.0	0.008204782	narrow
25	18	False	True	True	True	19.0	0.019822689	narrow
25	18	False	True	True	True	20.0	0.03766889	narrow
25	18	False	True	True	True	21.0	0.05733886	narrow
25	18	False	True	True	True	22.0	0.0760919	narrow
25	18	False	True	True	True	23.0	0.09236245	narrow
25	18	False	True	True	True	24.0	0.10540388	narrow
25	18	False	True	True	True	25.0	0.11501501	narrow
25	18	False	True	True	True	10.0	5.2695208	wide
25	18	False	True	True	True	11.0	49.585728	wide
25	18	False	True	True	True	12.0	2.9394407	wide
25	18	False	True	True	True	13.0	0.8525424	wide
25	18	False	True	True	True	14.0	0.6126067	wide
25	18	False	True	True	True	15.0	0.33296952	wide
25	18	False	True	True	True	16.0	0.19701487	wide
25	18	False	True	True	True	17.0	0.11687445	wide
25	18	False	True	True	True	18.0	0.06554202	wide
25	18	False	True	True	True	19.0	0.033800747	wide
25	18	False	True	True	True	20.0	0.015552277	wide
25	18	False	True	True	True	21.0	0.006498129	wide
25	18	False	True	True	True	22.0	0.0036831768	wide
25	18	False	True	True	True	23.0	0.005018031	wide
25	18	False	True	True	True	24.0	0.008974275	wide
25	18	False	True	True	True	25.0	0.014424366	wide
25	18	False	True	True	True	26.0	0.0205481	wide
25	18	False	True	True	True	27.0	0.026765766	wide
25	18	False	True	True	True	28.0	0.032684043	wide
25	18	False	True	True	True	29.0	0.038052052	wide
25	18	False	True	True	True	30.0	0.04272544	wide
25	18	False	True	True	True	31.0	0.04663709	wide
25	18	False	True	True	True	32.0	0.04977495	wide
25	18	False	True	True	True	33.0	0.052164182	wide
25	18	False	True	True	True	34.0	0.05385401	wide
25	18	False	True	True	True	35.0	0.054907992	wide
25	18	False	True	True	True	36.0	0.05539663	wide
25	18	False	True	True	True	37.0	0.055392552	wide
25	18	False	True	True	True	38.0	0.05496683	wide
25	18	False	True	True	True	39.0	0.054186903	wide
25	18	False	True	True	True	40.0	0.053115044	wide
26	15	False	True	True	False	10.0	9.060386	narrow
26	15	False	True	True	False	11.0	4.516043	narrow
26	15	False	True	True	False	12.0	1.8108778	narrow
26	15	False	True	True	False	13.0	2.0397477	narrow
26	15	False	True	True	False	14.0	1.7013024	narrow
26	15	False	True	True	False	15.0	1.0945675	narrow
26	15	False	True	True	False	16.0	1.1182427	narrow
26	15	False	True	True	False	17.0	1.1005456	narrow
26	15	False	True	True	False	18.0	1.0379478	narrow
26	15	False	True	True	False	19.0	0.9454798	narrow
26	15	False	True	True	False	20.0	0.84130776	narrow
26	15	False	True	True	False	21.0	0.73828673	narrow
26	15	False	True	True	False	22.0	0.64297664	narrow
26	15	False	True	True	False	23.0	0.55774003	narrow
26	15	False	True	True	False	24.0	0.4828049	narrow
26	15	False	True	True	False	25.0	0.4175019	narrow
26	15	False	True	True	False	10.0	7.029383	wide
26	15	False	True	True	False	11.0	4.719495	wide
26	15	False	True	True	False	12.0	2.1732447	wide
26	15	False	True	True	False	13.0	1.3909706	wide
26	15	False	True	True	False	14.0	0.9363358	wide
26	15	False	True	True	False	15.0	0.81892323	wide
26	15	False	True	True	False	16.0	0.89440215	wide
26	15	False	True	True	False	17.0	0.89862144	wide
26	15	False	True	True	False	18.0	0.48680297	wide
26	15	False	True	True	False	19.0	0.3620905	wide
26	15	False	True	True	False	20.0	0.34546617	wide
26	15	False	True	True	False	21.0	0.3331369	wide
26	15	False	True	True	False	22.0	0.32155955	wide
26	15	False	True	True	False	23.0	0.30910176	wide
26	15	False	True	True	False	24.0	0.29509512	wide
26	15	False	True	True	False	25.0	0.27954596	wide
26	15	False	True	True	False	26.0	0.26285523	wide
26	15	False	True	True	False	27.0	0.24557762	wide
26	15	False	True	True	False	28.0	0.22825517	wide
26	15	False	True	True	False	29.0	0.2113299	wide
26	15	False	True	True	False	30.0	0.19511719	wide
26	15	False	True	True	False	31.0	0.17981325	wide
26	15	False	True	True	False	32.0	0.16551954	wide
26	15	False	True	True	False	33.0	0.15226877	wide
26	15	False	True	True	False	34.0	0.14004813	wide
26	15	False	True	True	False	35.0	0.12881641	wide
26	15	False	True	True	False	36.0	0.11851686	wide
26	15	False	True	True	False	37.0	0.10908513	wide
26	15	False	True	True	False	38.0	0.100454696	wide
26	15	False	True	True	False	39.0	0.092560165	wide
26	15	False	True	True	False	40.0	0.08533909	wide
26	15	False	True	True	True	10.0	9.876746	narrow
26	15	False	True	True	True	11.0	4.8614116	narrow
26	15	False	True	True	True	12.0	1.838099	narrow
26	15	False	True	True	True	13.0	2.0282068	narrow
26	15	False	True	True	True	14.0	1.7094855	narrow
26	15	False	True	True	True	15.0	1.1428571	narrow
26	15	False	True	True	True	16.0	1.1929421	narrow
26	15	False	True	True	True	17.0	1.1933463	narrow
26	15	False	True	True	True	18.0	1.1385664	narrow
26	15	False	True	True	True	19.0	1.0453545	narrow
26	15	False	True	True	True	20.0	0.93494165	narrow
26	15	False	True	True	True	21.0	0.82292354	narrow
26	15	False	True	True	True	22.0	0.7177307	narrow
26	15	False	True	True	True	23.0	0.6228026	narrow
26	15	False	True	True	True	24.0	0.5389019	narrow
26	15	False	True	True	True	25.0	0.46557274	narrow
26	15	False	True	True	True	10.0	7.4973865	wide
26	15	False	True	True	True	11.0	5.071472	wide
26	15	False	True	True	True	12.0	2.230568	wide
26	15	False	True	True	True	13.0	1.4140013	wide
26	15	False	True	True	True	14.0	0.94481605	wide
26	15	False	True	True	True	15.0	0.81796026	wide
26	15	False	True	True	True	16.0	0.8884322	wide
26	15	False	True	True	True	17.0	0.89360124	wide
26	15	False	True	True	True	18.0	0.4930243	wide
26	15	False	True	True	True	19.0	0.37470162	wide
26	15	False	True	True	True	20.0	0.3623691	wide
26	15	False	True	True	True	21.0	0.35377717	wide
26	15	False	True	True	True	22.0	0.3451398	wide
26	15	False	True	True	True	23.0	0.33471408	wide
26	15	False	True	True	True	24.0	0.32184798	wide
26	15	False	True	True	True	25.0	0.30665165	wide
26	15	False	True	True	True	26.0	0.28967392	wide
26	15	False	True	True	True	27.0	0.27162656	wide
26	15	False	True	True	True	28.0	0.25319636	wide
26	15	False	True	True	True	29.0	0.23494747	wide
26	15	False	True	True	True	30.0	0.2172918	wide
26	15	False	True	True	True	31.0	0.20049821	wide
26	15	False	True	True	True	32.0	0.18472007	wide
26	15	False	True	True	True	33.0	0.17002565	wide
26	15	False	True	True	True	34.0	0.15642482	wide
26	15	False	True	True	True	35.0	0.14389019	wide
26	15	False	True	True	True	36.0	0.13237154	wide
26	15	False	True	True	True	37.0	0.12180685	wide
26	15	False	True	True	True	38.0	0.11212881	wide
26	15	False	True	True	True	39.0	0.10326893	wide
26	15	False	True	True	True	40.0	0.0951608	wide
26	15	False	True	True	True	10.0	8.558039	narrow
26	15	False	True	True	True	11.0	4.32189	narrow
26	15	False	True	True	True	12.0	1.8251764	narrow
26	15	False	True	True	True	13.0	2.073483	narrow
26	15	False	True	True	True	14.0	1.7112014	narrow
26	15	False	True	True	True	15.0	1.066508	narrow
26	15	False	True	True	True	16.0	1.0681021	narrow
26	15	False	True	True	True	17.0	1.0356538	narrow
26	15	False	True	True	True	18.0	0.9666819	narrow
26	15	False	True	True	True	19.0	0.8745748	narrow
26	15	False	True	True	True	20.0	0.7749624	narrow
26	15	False	True	True	True	21.0	0.6785338	narrow
26	15	False	True	True	True	22.0	0.590419	narrow
26	15	False	True	True	True	23.0	0.51218235	narrow
26	15	False	True	True	True	24.0	0.4436734	narrow
26	15	False	True	True	True	25.0	0.38408214	narrow
26	15	False	True	True	True	10.0	6.76812	wide
26	15	False	True	True	True	11.0	4.519428	wide
26	15	False	True	True	True	12.0	2.170186	wide
26	15	False	True	True	True	13.0	1.4006435	wide
26	15	False	True	True	True	14.0	0.9481769	wide
26	15	False	True	True	True	15.0	0.8329032	wide
26	15	False	True	True	True	16.0	0.9096489	wide
26	15	False	True	True	True	17.0	0.9111785	wide
26	15	False	True	True	True	18.0	0.48710823	wide
26	15	False	True	True	True	19.0	0.35593575	wide
26	15	False	True	True	True	20.0	0.3353619	wide
26	15	False	True	True	True	21.0	0.31972858	wide
26	15	False	True	True	True	22.0	0.30560213	wide
26	15	False	True	True	True	23.0	0.29138723	wide
26	15	False	True	True	True	24.0	0.2763694	wide
26	15	False	True	True	True	25.0	0.2604512	wide
26	15	False	True	True	True	26.0	0.24390337	wide
26	15	False	True	True	True	27.0	0.2271489	wide
26	15	False	True	True	True	28.0	0.21061215	wide
26	15	False	True	True	True	29.0	0.19463804	wide
26	15	False	True	True	True	30.0	0.17946626	wide
26	15	False	True	True	True	31.0	0.16523746	wide
26	15	False	True	True	True	32.0	0.15201361	wide
26	15	False	True	True	True	33.0	0.13980117	wide
26	15	False	True	True	True	34.0	0.12857048	wide
26	15	False	True	True	True	35.0	0.11827086	wide
26	15	False	True	True	True	36.0	0.10884084	wide
26	15	False	True	True	True	37.0	0.100214876	wide
26	15	False	True	True	True	38.0	0.09232765	wide
26	15	False	True	True	True	39.0	0.085115984	wide
26	15	False	True	True	True	40.0	0.078520924	wide
26	18	False	True	True	False	10.0	9.521499	narrow
26	18	False	True	True	False	11.0	4.628253	narrow
26	18	False	True	True	False	12.0	1.8299266	narrow
26	18	False	True	True	False	13.0	5.1636863	narrow
26	18	False	True	True	False	14.0	3.3325114	narrow
26	18	False	True	True	False	15.0	1.0909934	narrow
26	18	False	True	True	False	16.0	1.1171871	narrow
26	18	False	True	True	False	17.0	1.1131899	narrow
26	18	False	True	True	False	18.0	1.0593626	narrow
26	18	False	True	True	False	19.0	0.9683718	narrow
26	18	False	True	True	False	20.0	0.8609994	narrow
26	18	False	True	True	False	21.0	0.7531434	narrow
26	18	False	True	True	False	22.0	0.6531317	narrow
26	18	False	True	True	False	23.0	0.5639841	narrow
26	18	False	True	True	False	24.0	0.48601174	narrow
26	18	False	True	True	False	25.0	0.4184166	narrow
26	18	False	True	True	False	10.0	6.9131618	wide
26	18	False	True	True	False	11.0	4.6527576	wide
26	18	False	True	True	False	12.0	2.0827632	wide
26	18	False	True	True	False	13.0	1.3229632	wide
26	18	False	True	True	False	14.0	0.8951693	wide
26	18	False	True	True	False	15.0	1.0438583	wide
26	18	False	True	True	False	16.0	1.2886984	wide
26	18	False	True	True	False	17.0	1.5781498	wide
26	18	False	True	True	False	18.0	0.61369604	wide
26	18	False	True	True	False	19.0	0.36776516	wide
26	18	False	True	True	False	20.0	0.34594342	wide
26	18	False	True	True	False	21.0	0.3345899	wide
26	18	False	True	True	False	22.0	0.3236716	wide
26	18	False	True	True	False	23.0	0.3113418	wide
26	18	False	True	True	False	24.0	0.29695147	wide
26	18	False	True	True	False	25.0	0.28065833	wide
26	18	False	True	True	False	26.0	0.26304984	wide
26	18	False	True	True	False	27.0	0.24483791	wide
26	18	False	True	True	False	28.0	0.22666842	wide
26	18	False	True	True	False	29.0	0.20903657	wide
26	18	False	True	True	False	30.0	0.19227341	wide
26	18	False	True	True	False	31.0	0.17656864	wide
26	18	False	True	True	False	32.0	0.16200542	wide
26	18	False	True	True	False	33.0	0.14859445	wide
26	18	False	True	True	False	34.0	0.13630071	wide
26	18	False	True	True	False	35.0	0.12506315	wide
26	18	False	True	True	False	36.0	0.11480789	wide
26	18	False	True	True	False	37.0	0.1054566	wide
26	18	False	True	True	False	38.0	0.09693173	wide
26	18	False	True	True	False	39.0	0.08915907	wide
26	18	False	True	True	False	40.0	0.082069464	wide
26	18	False	True	True	True	10.0	10.4143505	narrow
26	18	False	True	True	True	11.0	4.9971066	narrow
26	18	False	True	True	True	12.0	1.8614681	narrow
26	18	False	True	True	True	13.0	5.1882167	narrow
26	18	False	True	True	True	14.0	3.3998954	narrow
26	18	False	True	True	True	15.0	1.1404498	narrow
26	18	False	True	True	True	16.0	1.1945593	narrow
26	18	False	True	True	True	17.0	1.2097242	narrow
26	18	False	True	True	True	18.0	1.1639001	narrow
26	18	False	True	True	True	19.0	1.0717578	narrow
26	18	False	True	True	True	20.0	0.9574765	narrow
26	18	False	True	True	True	21.0	0.83992946	narrow
26	18	False	True	True	True	22.0	0.72943306	narrow
26	18	False	True	True	True	23.0	0.6301192	narrow
26	18	False	True	True	True	24.0	0.5428247	narrow
26	18	False	True	True	True	25.0	0.4669412	narrow
26	18	False	True	True	True	10.0	7.3914294	wide
26	18	False	True	True	True	11.0	5.011478	wide
26	18	False	True	True	True	12.0	2.1365302	wide
26	18	False	True	True	True	13.0	1.341612	wide
26	18	False	True	True	True	14.0	0.8995472	wide
26	18	False	True	True	True	15.0	1.0520536	wide
26	18	False	True	True	True	16.0	1.295653	wide
26	18	False	True	True	True	17.0	1.5793118	wide
26	18	False	True	True	True	18.0	0.63348174	wide
26	18	False	True	True	True	19.0	0.3817237	wide
26	18	False	True	True	True	20.0	0.3641178	wide
26	18	False	True	True	True	21.0	0.35663307	wide
26	18	False	True	True	True	22.0	0.3485943	wide
26	18	False	True	True	True	23.0	0.3381126	wide
26	18	False	True	True	True	24.0	0.3246169	wide
26	18	False	True	True	True	25.0	0.30841494	wide
26	18	False	True	True	True	26.0	0.29027206	wide
26	18	False	True	True	True	27.0	0.2710743	wide
26	18	False	True	True	True	28.0	0.25161904	wide
26	18	False	True	True	True	29.0	0.23252428	wide
26	18	False	True	True	True	30.0	0.21421453	wide
26	18	False	True	True	True	31.0	0.19694713	wide
26	18	False	True	True	True	32.0	0.18085183	wide
26	18	False	True	True	True	33.0	0.16596954	wide
26	18	False	True	True	True	34.0	0.15228342	wide
26	18	False	True	True	True	35.0	0.13974197	wide
26	18	False	True	True	True	36.0	0.12827493	wide
26	18	False	True	True	True	37.0	0.11780363	wide
26	18	False	True	True	True	38.0	0.10824767	wide
26	18	False	True	True	True	39.0	0.09952838	wide
26	18	False	True	True	True	40.0	0.091571525	wide
26	18	False	True	True	True	10.0	8.971261	narrow
26	18	False	True	True	True	11.0	4.421201	narrow
26	18	False	True	True	True	12.0	1.8432602	narrow
26	18	False	True	True	True	13.0	5.175122	narrow
26	18	False	True	True	True	14.0	3.2936227	narrow
26	18	False	True	True	True	15.0	1.0621836	narrow
26	18	False	True	True	True	16.0	1.0649656	narrow
26	18	False	True	True	True	17.0	1.0454247	narrow
26	18	False	True	True	True	18.0	0.9851866	narrow
26	18	False	True	True	True	19.0	0.8949626	narrow
26	18	False	True	True	True	20.0	0.79271984	narrow
26	18	False	True	True	True	21.0	0.6920135	narrow
26	18	False	True	True	True	22.0	0.59966254	narrow
26	18	False	True	True	True	23.0	0.5178726	narrow
26	18	False	True	True	True	24.0	0.44658715	narrow
26	18	False	True	True	True	25.0	0.38488978	narrow
26	18	False	True	True	True	10.0	6.6444607	wide
26	18	False	True	True	True	11.0	4.449048	wide
26	18	False	True	True	True	12.0	2.0827317	wide
26	18	False	True	True	True	13.0	1.3365074	wide
26	18	False	True	True	True	14.0	0.9107919	wide
26	18	False	True	True	True	15.0	1.0503471	wide
26	18	False	True	True	True	16.0	1.2935932	wide
26	18	False	True	True	True	17.0	1.5874224	wide
26	18	False	True	True	True	18.0	0.6022254	wide
26	18	False	True	True	True	19.0	0.36066517	wide
26	18	False	True	True	True	20.0	0.3349405	wide
26	18	False	True	True	True	21.0	0.32014978	wide
26	18	False	True	True	True	22.0	0.30671692	wide
26	18	False	True	True	True	23.0	0.29277045	wide
26	18	False	True	True	True	24.0	0.2775614	wide
26	18	False	True	True	True	25.0	0.26110387	wide
26	18	False	True	True	True	26.0	0.2438304	wide
26	18	False	True	True	True	27.0	0.22630793	wide
26	18	False	True	True	True	28.0	0.20905969	wide
26	18	False	True	True	True	29.0	0.19248375	wide
26	18	False	True	True	True	30.0	0.17683867	wide
26	18	False	True	True	True	31.0	0.16226259	wide
26	18	False	True	True	True	32.0	0.14880359	wide
26	18	False	True	True	True	33.0	0.13645016	wide
26	18	False	True	True	True	34.0	0.12515417	wide
26	18	False	True	True	True	35.0	0.11484799	wide
26	18	False	True	True	True	36.0	0.10545558	wide
26	18	False	True	True	True	37.0	0.09689937	wide
26	18	False	True	True	True	38.0	0.0891043	wide
26	18	False	True	True	True	39.0	0.08199963	wide
26	18	False	True	True	True	40.0	0.07552045	wide
27	15	False	True	True	False	10.0	5.657483	narrow
27	15	False	True	True	False	11.0	2.5948474	narrow
27	15	False	True	True	False	12.0	1.1096745	narrow
27	15	False	True	True	False	13.0	0.52009857	narrow
27	15	False	True	True	False	14.0	0.22633964	narrow
27	15	False	True	True	False	15.0	0.073277295	narrow
27	15	False	True	True	False	16.0	0.02773266	narrow
27	15	False	True	True	False	17.0	0.052269746	narrow
27	15	False	True	True	False	18.0	0.1012451	narrow
27	15	False	True	True	False	19.0	0.1502775	narrow
27	15	False	True	True	False	20.0	0.19384587	narrow
27	15	False	True	True	False	21.0	0.2311807	narrow
27	15	False	True	True	False	22.0	0.26105493	narrow
27	15	False	True	True	False	23.0	0.28237942	narrow
27	15	False	True	True	False	24.0	0.2950094	narrow
27	15	False	True	True	False	25.0	0.29968068	narrow
27	15	False	True	True	False	10.0	5.3711195	wide
27	15	False	True	True	False	11.0	3.219124	wide
27	15	False	True	True	False	12.0	1.7349826	wide
27	15	False	True	True	False	13.0	0.9816435	wide
27	15	False	True	True	False	14.0	0.5991278	wide
27	15	False	True	True	False	15.0	0.38588133	wide
27	15	False	True	True	False	16.0	0.25451857	wide
27	15	False	True	True	False	17.0	0.16656965	wide
27	15	False	True	True	False	18.0	0.10441281	wide
27	15	False	True	True	False	19.0	0.060331415	wide
27	15	False	True	True	False	20.0	0.031374477	wide
27	15	False	True	True	False	21.0	0.015765863	wide
27	15	False	True	True	False	22.0	0.010916968	wide
27	15	False	True	True	False	23.0	0.0133503815	wide
27	15	False	True	True	False	24.0	0.019660603	wide
27	15	False	True	True	False	25.0	0.027349005	wide
27	15	False	True	True	False	26.0	0.03502506	wide
27	15	False	True	True	False	27.0	0.04213012	wide
27	15	False	True	True	False	28.0	0.04853909	wide
27	15	False	True	True	False	29.0	0.054269157	wide
27	15	False	True	True	False	30.0	0.05934196	wide
27	15	False	True	True	False	31.0	0.063751	wide
27	15	False	True	True	False	32.0	0.06747546	wide
27	15	False	True	True	False	33.0	0.07049987	wide
27	15	False	True	True	False	34.0	0.07282639	wide
27	15	False	True	True	False	35.0	0.074478045	wide
27	15	False	True	True	False	36.0	0.07549556	wide
27	15	False	True	True	False	37.0	0.0759326	wide
27	15	False	True	True	False	38.0	0.07585019	wide
27	15	False	True	True	False	39.0	0.075312324	wide
27	15	False	True	True	False	40.0	0.0743827	wide
27	15	False	True	True	True	10.0	5.4016733	narrow
27	15	False	True	True	True	11.0	2.4499223	narrow
27	15	False	True	True	True	12.0	1.0365958	narrow
27	15	False	True	True	True	13.0	0.4806466	narrow
27	15	False	True	True	True	14.0	0.20739074	narrow
27	15	False	True	True	True	15.0	0.06621477	narrow
27	15	False	True	True	True	16.0	0.024031451	narrow
27	15	False	True	True	True	17.0	0.046061177	narrow
27	15	False	True	True	True	18.0	0.09071348	narrow
27	15	False	True	True	True	19.0	0.13575906	narrow
27	15	False	True	True	True	20.0	0.17602745	narrow
27	15	False	True	True	True	21.0	0.21066087	narrow
27	15	False	True	True	True	22.0	0.23844169	narrow
27	15	False	True	True	True	23.0	0.2583365	narrow
27	15	False	True	True	True	24.0	0.2702067	narrow
27	15	False	True	True	True	25.0	0.27472967	narrow
27	15	False	True	True	True	10.0	5.142779	wide
27	15	False	True	True	True	11.0	3.0704284	wide
27	15	False	True	True	True	12.0	1.6469693	wide
27	15	False	True	True	True	13.0	0.92460036	wide
27	15	False	True	True	True	14.0	0.559631	wide
27	15	False	True	True	True	15.0	0.35795042	wide
27	15	False	True	True	True	16.0	0.23482414	wide
27	15	False	True	True	True	17.0	0.1530049	wide
27	15	False	True	True	True	18.0	0.09551648	wide
27	15	False	True	True	True	19.0	0.054912098	wide
27	15	False	True	True	True	20.0	0.028292412	wide
27	15	False	True	True	True	21.0	0.0139304465	wide
27	15	False	True	True	True	22.0	0.00941995	wide
27	15	False	True	True	True	23.0	0.011579566	wide
27	15	False	True	True	True	24.0	0.017307522	wide
27	15	False	True	True	True	25.0	0.02432905	wide
27	15	False	True	True	True	26.0	0.03137432	wide
27	15	False	True	True	True	27.0	0.03792683	wide
27	15	False	True	True	True	28.0	0.043862917	wide
27	15	False	True	True	True	29.0	0.049188778	wide
27	15	False	True	True	True	30.0	0.053916473	wide
27	15	False	True	True	True	31.0	0.05803465	wide
27	15	False	True	True	True	32.0	0.061521057	wide
27	15	False	True	True	True	33.0	0.0643599	wide
27	15	False	True	True	True	34.0	0.06655266	wide
27	15	False	True	True	True	35.0	0.06812045	wide
27	15	False	True	True	True	36.0	0.06910094	wide
27	15	False	True	True	True	37.0	0.06954376	wide
27	15	False	True	True	True	38.0	0.06950528	wide
27	15	False	True	True	True	39.0	0.0690447	wide
27	15	False	True	True	True	40.0	0.068220705	wide
27	15	False	True	True	True	10.0	6.026938	narrow
27	15	False	True	True	True	11.0	2.8042662	narrow
27	15	False	True	True	True	12.0	1.2160712	narrow
27	15	False	True	True	True	13.0	0.5769818	narrow
27	15	False	True	True	True	14.0	0.25352052	narrow
27	15	False	True	True	True	15.0	0.083659746	narrow
27	15	False	True	True	True	16.0	0.033394437	narrow
27	15	False	True	True	True	17.0	0.06139798	narrow
27	15	False	True	True	True	18.0	0.11650249	narrow
27	15	False	True	True	True	19.0	0.171336	narrow
27	15	False	True	True	True	20.0	0.21978274	narrow
27	15	False	True	True	True	21.0	0.2611177	narrow
27	15	False	True	True	True	22.0	0.29408008	narrow
27	15	False	True	True	True	23.0	0.31750917	narrow
27	15	False	True	True	True	24.0	0.33126286	narrow
27	15	False	True	True	True	25.0	0.33616737	narrow
27	15	False	True	True	True	10.0	5.690456	wide
27	15	False	True	True	True	11.0	3.4314857	wide
27	15	False	True	True	True	12.0	1.8638005	wide
27	15	False	True	True	True	13.0	1.0657345	wide
27	15	False	True	True	True	14.0	0.65713465	wide
27	15	False	True	True	True	15.0	0.42662105	wide
27	15	False	True	True	True	16.0	0.2830341	wide
27	15	False	True	True	True	17.0	0.18608727	wide
27	15	False	True	True	True	18.0	0.11717924	wide
27	15	False	True	True	True	19.0	0.06814822	wide
27	15	False	True	True	True	20.0	0.03590344	wide
27	15	False	True	True	True	21.0	0.018548016	wide
27	15	False	True	True	True	22.0	0.013215432	wide
27	15	False	True	True	True	23.0	0.016016278	wide
27	15	False	True	True	True	24.0	0.023131806	wide
27	15	False	True	True	True	25.0	0.031758364	wide
27	15	False	True	True	True	26.0	0.04033709	wide
27	15	False	True	True	True	27.0	0.048245426	wide
27	15	False	True	True	True	28.0	0.055349987	wide
27	15	False	True	True	True	29.0	0.06167823	wide
27	15	False	True	True	True	30.0	0.0672623	wide
27	15	False	True	True	True	31.0	0.07210133	wide
27	15	False	True	True	True	32.0	0.07617662	wide
27	15	False	True	True	True	33.0	0.07947359	wide
27	15	False	True	True	True	34.0	0.08199615	wide
27	15	False	True	True	True	35.0	0.08377058	wide
27	15	False	True	True	True	36.0	0.08484248	wide
27	15	False	True	True	True	37.0	0.085271604	wide
27	15	False	True	True	True	38.0	0.085125804	wide
27	15	False	True	True	True	39.0	0.08447633	wide
27	15	False	True	True	True	40.0	0.08339395	wide
27	18	False	True	True	False	10.0	4.9437547	narrow
27	18	False	True	True	False	11.0	1.9809893	narrow
27	18	False	True	True	False	12.0	0.7642546	narrow
27	18	False	True	True	False	13.0	0.29073164	narrow
27	18	False	True	True	False	14.0	0.08229692	narrow
27	18	False	True	True	False	15.0	0.036420792	narrow
27	18	False	True	True	False	16.0	0.061606493	narrow
27	18	False	True	True	False	17.0	0.097413935	narrow
27	18	False	True	True	False	18.0	0.13266346	narrow
27	18	False	True	True	False	19.0	0.16769214	narrow
27	18	False	True	True	False	20.0	0.19905312	narrow
27	18	False	True	True	False	21.0	0.22310077	narrow
27	18	False	True	True	False	22.0	0.23852296	narrow
27	18	False	True	True	False	23.0	0.24578813	narrow
27	18	False	True	True	False	24.0	0.2461444	narrow
27	18	False	True	True	False	25.0	0.24104439	narrow
27	18	False	True	True	False	10.0	6.270488	wide
27	18	False	True	True	False	11.0	3.153859	wide
27	18	False	True	True	False	12.0	1.5801291	wide
27	18	False	True	True	False	13.0	0.8896538	wide
27	18	False	True	True	False	14.0	0.56424254	wide
27	18	False	True	True	False	15.0	0.3868185	wide
27	18	False	True	True	False	16.0	0.2756839	wide
27	18	False	True	True	False	17.0	0.19617297	wide
27	18	False	True	True	False	18.0	0.13309048	wide
27	18	False	True	True	False	19.0	0.08271785	wide
27	18	False	True	True	False	20.0	0.0467248	wide
27	18	False	True	True	False	21.0	0.02585491	wide
27	18	False	True	True	False	22.0	0.017283948	wide
27	18	False	True	True	False	23.0	0.016188674	wide
27	18	False	True	True	False	24.0	0.018402431	wide
27	18	False	True	True	False	25.0	0.021646326	wide
27	18	False	True	True	False	26.0	0.025196226	wide
27	18	False	True	True	False	27.0	0.02901636	wide
27	18	False	True	True	False	28.0	0.033138774	wide
27	18	False	True	True	False	29.0	0.037452713	wide
27	18	False	True	True	False	30.0	0.041738935	wide
27	18	False	True	True	False	31.0	0.045764286	wide
27	18	False	True	True	False	32.0	0.049347177	wide
27	18	False	True	True	False	33.0	0.0523777	wide
27	18	False	True	True	False	34.0	0.054810125	wide
27	18	False	True	True	False	35.0	0.056645304	wide
27	18	False	True	True	False	36.0	0.057913087	wide
27	18	False	True	True	False	37.0	0.058659673	wide
27	18	False	True	True	False	38.0	0.058938764	wide
27	18	False	True	True	False	39.0	0.05880636	wide
27	18	False	True	True	False	40.0	0.058317754	wide
27	18	False	True	True	True	10.0	4.733017	narrow
27	18	False	True	True	True	11.0	1.880503	narrow
27	18	False	True	True	True	12.0	0.71814525	narrow
27	18	False	True	True	True	13.0	0.27051196	narrow
27	18	False	True	True	True	14.0	0.07615159	narrow
27	18	False	True	True	True	15.0	0.032333203	narrow
27	18	False	True	True	True	16.0	0.054290757	narrow
27	18	False	True	True	True	17.0	0.08705981	narrow
27	18	False	True	True	True	18.0	0.11990695	narrow
27	18	False	True	True	True	19.0	0.15262035	narrow
27	18	False	True	True	True	20.0	0.18187916	narrow
27	18	False	True	True	True	21.0	0.20433849	narrow
27	18	False	True	True	True	22.0	0.21880814	narrow
27	18	False	True	True	True	23.0	0.2257245	narrow
27	18	False	True	True	True	24.0	0.2262393	narrow
27	18	False	True	True	True	25.0	0.22169398	narrow
27	18	False	True	True	True	10.0	6.005213	wide
27	18	False	True	True	True	11.0	3.0157588	wide
27	18	False	True	True	True	12.0	1.5048699	wide
27	18	False	True	True	True	13.0	0.84066933	wide
27	18	False	True	True	True	14.0	0.5286685	wide
27	18	False	True	True	True	15.0	0.35983515	wide
27	18	False	True	True	True	16.0	0.25491726	wide
27	18	False	True	True	True	17.0	0.18048307	wide
27	18	False	True	True	True	18.0	0.121974416	wide
27	18	False	True	True	True	19.0	0.07559458	wide
27	18	False	True	True	True	20.0	0.04254133	wide
27	18	False	True	True	True	21.0	0.023297215	wide
27	18	False	True	True	True	22.0	0.01524972	wide
27	18	False	True	True	True	23.0	0.014054093	wide
27	18	False	True	True	True	24.0	0.015964804	wide
27	18	False	True	True	True	25.0	0.018915689	wide
27	18	False	True	True	True	26.0	0.022223286	wide
27	18	False	True	True	True	27.0	0.02582103	wide
27	18	False	True	True	True	28.0	0.029710505	wide
27	18	False	True	True	True	29.0	0.033774354	wide
27	18	False	True	True	True	30.0	0.037805222	wide
27	18	False	True	True	True	31.0	0.04158804	wide
27	18	False	True	True	True	32.0	0.044956703	wide
27	18	False	True	True	True	33.0	0.047811065	wide
27	18	False	True	True	True	34.0	0.05010955	wide
27	18	False	True	True	True	35.0	0.05185314	wide
27	18	False	True	True	True	36.0	0.0530694	wide
27	18	False	True	True	True	37.0	0.053800926	wide
27	18	False	True	True	True	38.0	0.05409729	wide
27	18	False	True	True	True	39.0	0.054010354	wide
27	18	False	True	True	True	40.0	0.05359132	wide
27	18	False	True	True	True	10.0	5.2441077	narrow
27	18	False	True	True	True	11.0	2.1259367	narrow
27	18	False	True	True	True	12.0	0.8313516	narrow
27	18	False	True	True	True	13.0	0.320109	narrow
27	18	False	True	True	True	14.0	0.091523394	narrow
27	18	False	True	True	True	15.0	0.042454816	narrow
27	18	False	True	True	True	16.0	0.07203116	narrow
27	18	False	True	True	True	17.0	0.112280995	narrow
27	18	False	True	True	True	18.0	0.1512248	narrow
27	18	False	True	True	True	19.0	0.18979983	narrow
27	18	False	True	True	True	20.0	0.22433616	narrow
27	18	False	True	True	True	21.0	0.2507729	narrow
27	18	False	True	True	True	22.0	0.2676379	narrow
27	18	False	True	True	True	23.0	0.2754526	narrow
27	18	False	True	True	True	24.0	0.2756072	narrow
27	18	False	True	True	True	25.0	0.2697173	narrow
27	18	False	True	True	True	10.0	6.632977	wide
27	18	False	True	True	True	11.0	3.3505383	wide
27	18	False	True	True	True	12.0	1.6913105	wide
27	18	False	True	True	True	13.0	0.9627821	wide
27	18	False	True	True	True	14.0	0.6170711	wide
27	18	False	True	True	True	15.0	0.42650345	wide
27	18	False	True	True	True	16.0	0.3059087	wide
27	18	False	True	True	True	17.0	0.21881728	wide
27	18	False	True	True	True	18.0	0.14908485	wide
27	18	False	True	True	True	19.0	0.09302368	wide
27	18	False	True	True	True	20.0	0.05287396	wide
27	18	False	True	True	True	21.0	0.029685497	wide
27	18	False	True	True	True	22.0	0.020327492	wide
27	18	False	True	True	True	23.0	0.019325454	wide
27	18	False	True	True	True	24.0	0.021941151	wide
27	18	False	True	True	True	25.0	0.02560155	wide
27	18	False	True	True	True	26.0	0.02951762	wide
27	18	False	True	True	True	27.0	0.033685572	wide
27	18	False	True	True	True	28.0	0.038171425	wide
27	18	False	True	True	True	29.0	0.04286905	wide
27	18	False	True	True	True	30.0	0.04754102	wide
27	18	False	True	True	True	31.0	0.051929	wide
27	18	False	True	True	True	32.0	0.05583032	wide
27	18	False	True	True	True	33.0	0.059122074	wide
27	18	False	True	True	True	34.0	0.061753217	wide
27	18	False	True	True	True	35.0	0.06372477	wide
27	18	False	True	True	True	36.0	0.06507011	wide
27	18	False	True	True	True	37.0	0.06584071	wide
27	18	False	True	True	True	38.0	0.066096224	wide
27	18	False	True	True	True	39.0	0.06589883	wide
27	18	False	True	True	True	40.0	0.0653097	wide
28	15	False	True	True	False	10.0	3.2902184	narrow
28	15	False	True	True	False	11.0	1.4092267	narrow
28	15	False	True	True	False	12.0	0.5607661	narrow
28	15	False	True	True	False	13.0	0.20113052	narrow
28	15	False	True	True	False	14.0	0.12089041	narrow
28	15	False	True	True	False	15.0	0.28003645	narrow
28	15	False	True	True	False	16.0	0.7669882	narrow
28	15	False	True	True	False	17.0	0.6648845	narrow
28	15	False	True	True	False	18.0	0.02423554	narrow
28	15	False	True	True	False	19.0	0.51157755	narrow
28	15	False	True	True	False	20.0	0.5616593	narrow
28	15	False	True	True	False	21.0	0.23501386	narrow
28	15	False	True	True	False	22.0	0.068062015	narrow
28	15	False	True	True	False	23.0	0.017366441	narrow
28	15	False	True	True	False	24.0	0.00477473	narrow
28	15	False	True	True	False	25.0	0.0021855063	narrow
28	15	False	True	True	False	10.0	2.107191	wide
28	15	False	True	True	False	11.0	0.71509415	wide
28	15	False	True	True	False	12.0	0.5055445	wide
28	15	False	True	True	False	13.0	0.13888602	wide
28	15	False	True	True	False	14.0	0.034414463	wide
28	15	False	True	True	False	15.0	0.015975334	wide
28	15	False	True	True	False	16.0	0.009056232	wide
28	15	False	True	True	False	17.0	0.0054124543	wide
28	15	False	True	True	False	18.0	0.0033383933	wide
28	15	False	True	True	False	19.0	0.0033554672	wide
28	15	False	True	True	False	20.0	0.009844951	wide
28	15	False	True	True	False	21.0	0.033414952	wide
28	15	False	True	True	False	22.0	0.10347587	wide
28	15	False	True	True	False	23.0	0.30783594	wide
28	15	False	True	True	False	24.0	0.6007484	wide
28	15	False	True	True	False	25.0	0.40365478	wide
28	15	False	True	True	False	26.0	0.041671343	wide
28	15	False	True	True	False	27.0	0.33064565	wide
28	15	False	True	True	False	28.0	0.47164422	wide
28	15	False	True	True	False	29.0	0.27001563	wide
28	15	False	True	True	False	30.0	0.10139759	wide
28	15	False	True	True	False	31.0	0.03162347	wide
28	15	False	True	True	False	32.0	0.009351965	wide
28	15	False	True	True	False	33.0	0.003355491	wide
28	15	False	True	True	False	34.0	0.002027699	wide
28	15	False	True	True	False	35.0	0.0018175221	wide
28	15	False	True	True	False	36.0	0.0018194275	wide
28	15	False	True	True	False	37.0	0.0018427896	wide
28	15	False	True	True	False	38.0	0.00185538	wide
28	15	False	True	True	False	39.0	0.0018540692	wide
28	15	False	True	True	False	40.0	0.0018401872	wide
28	15	False	True	True	True	10.0	3.5028594	narrow
28	15	False	True	True	True	11.0	1.535252	narrow
28	15	False	True	True	True	12.0	0.62180245	narrow
28	15	False	True	True	True	13.0	0.22397229	narrow
28	15	False	True	True	True	14.0	0.13276024	narrow
28	15	False	True	True	True	15.0	0.29259032	narrow
28	15	False	True	True	True	16.0	0.79838806	narrow
28	15	False	True	True	True	17.0	0.69439757	narrow
28	15	False	True	True	True	18.0	0.02746299	narrow
28	15	False	True	True	True	19.0	0.5453451	narrow
28	15	False	True	True	True	20.0	0.5836103	narrow
28	15	False	True	True	True	21.0	0.23818623	narrow
28	15	False	True	True	True	22.0	0.06787027	narrow
28	15	False	True	True	True	23.0	0.01730825	narrow
28	15	False	True	True	True	24.0	0.004832535	narrow
28	15	False	True	True	True	25.0	0.0022643507	narrow
28	15	False	True	True	True	10.0	2.298038	wide
28	15	False	True	True	True	11.0	0.79280555	wide
28	15	False	True	True	True	12.0	0.5737125	wide
28	15	False	True	True	True	13.0	0.15676577	wide
28	15	False	True	True	True	14.0	0.03798172	wide
28	15	False	True	True	True	15.0	0.01736679	wide
28	15	False	True	True	True	16.0	0.009788944	wide
28	15	False	True	True	True	17.0	0.005848431	wide
28	15	False	True	True	True	18.0	0.0036356312	wide
28	15	False	True	True	True	19.0	0.0038444577	wide
28	15	False	True	True	True	20.0	0.0116148805	wide
28	15	False	True	True	True	21.0	0.03789486	wide
28	15	False	True	True	True	22.0	0.11014043	wide
28	15	False	True	True	True	23.0	0.31944925	wide
28	15	False	True	True	True	24.0	0.6252506	wide
28	15	False	True	True	True	25.0	0.41869387	wide
28	15	False	True	True	True	26.0	0.04727173	wide
28	15	False	True	True	True	27.0	0.35640678	wide
28	15	False	True	True	True	28.0	0.49188185	wide
28	15	False	True	True	True	29.0	0.27402526	wide
28	15	False	True	True	True	30.0	0.100615636	wide
28	15	False	True	True	True	31.0	0.031048952	wide
28	15	False	True	True	True	32.0	0.009218956	wide
28	15	False	True	True	True	33.0	0.0033793873	wide
28	15	False	True	True	True	34.0	0.0020925952	wide
28	15	False	True	True	True	35.0	0.001893359	wide
28	15	False	True	True	True	36.0	0.0018993367	wide
28	15	False	True	True	True	37.0	0.0019247688	wide
28	15	False	True	True	True	38.0	0.0019383495	wide
28	15	False	True	True	True	39.0	0.00193718	wide
28	15	False	True	True	True	40.0	0.0019227194	wide
28	15	False	True	True	True	10.0	3.1287644	narrow
28	15	False	True	True	True	11.0	1.3127196	narrow
28	15	False	True	True	True	12.0	0.51465225	narrow
28	15	False	True	True	True	13.0	0.18408611	narrow
28	15	False	True	True	True	14.0	0.11254515	narrow
28	15	False	True	True	True	15.0	0.2728106	narrow
28	15	False	True	True	True	16.0	0.7476425	narrow
28	15	False	True	True	True	17.0	0.64505994	narrow
28	15	False	True	True	True	18.0	0.021911675	narrow
28	15	False	True	True	True	19.0	0.48761338	narrow
28	15	False	True	True	True	20.0	0.54813474	narrow
28	15	False	True	True	True	21.0	0.23463954	narrow
28	15	False	True	True	True	22.0	0.06892209	narrow
28	15	False	True	True	True	23.0	0.01758405	narrow
28	15	False	True	True	True	24.0	0.004764271	narrow
28	15	False	True	True	True	25.0	0.0021310996	narrow
28	15	False	True	True	True	10.0	1.9609858	wide
28	15	False	True	True	True	11.0	0.65527004	wide
28	15	False	True	True	True	12.0	0.45346978	wide
28	15	False	True	True	True	13.0	0.1253683	wide
28	15	False	True	True	True	14.0	0.031788938	wide
28	15	False	True	True	True	15.0	0.01495957	wide
28	15	False	True	True	True	16.0	0.008520131	wide
28	15	False	True	True	True	17.0	0.0050916923	wide
28	15	False	True	True	True	18.0	0.0031198026	wide
28	15	False	True	True	True	19.0	0.0030074406	wide
28	15	False	True	True	True	20.0	0.0086083505	wide
28	15	False	True	True	True	21.0	0.030355284	wide
28	15	False	True	True	True	22.0	0.099346995	wide
28	15	False	True	True	True	23.0	0.3012137	wide
28	15	False	True	True	True	24.0	0.5852369	wide
28	15	False	True	True	True	25.0	0.3939327	wide
28	15	False	True	True	True	26.0	0.03763348	wide
28	15	False	True	True	True	27.0	0.31202418	wide
28	15	False	True	True	True	28.0	0.4585592	wide
28	15	False	True	True	True	29.0	0.26904947	wide
28	15	False	True	True	True	30.0	0.10302005	wide
28	15	False	True	True	True	31.0	0.03239898	wide
28	15	False	True	True	True	32.0	0.009538194	wide
28	15	False	True	True	True	33.0	0.0033548495	wide
28	15	False	True	True	True	34.0	0.0019812863	wide
28	15	False	True	True	True	35.0	0.0017600788	wide
28	15	False	True	True	True	36.0	0.0017584194	wide
28	15	False	True	True	True	37.0	0.0017801074	wide
28	15	False	True	True	True	38.0	0.0017919007	wide
28	15	False	True	True	True	39.0	0.0017904487	wide
28	15	False	True	True	True	40.0	0.001776979	wide
28	18	False	True	True	False	10.0	2.206301	narrow
28	18	False	True	True	False	11.0	1.680623	narrow
28	18	False	True	True	False	12.0	0.48370397	narrow
28	18	False	True	True	False	13.0	0.1578564	narrow
28	18	False	True	True	False	14.0	0.051524393	narrow
28	18	False	True	True	False	15.0	0.034291577	narrow
28	18	False	True	True	False	16.0	0.049722373	narrow
28	18	False	True	True	False	17.0	0.063203394	narrow
28	18	False	True	True	False	18.0	0.06463469	narrow
28	18	False	True	True	False	19.0	0.058167636	narrow
28	18	False	True	True	False	20.0	0.049797885	narrow
28	18	False	True	True	False	21.0	0.042607825	narrow
28	18	False	True	True	False	22.0	0.03720292	narrow
28	18	False	True	True	False	23.0	0.033178337	narrow
28	18	False	True	True	False	24.0	0.030001545	narrow
28	18	False	True	True	False	25.0	0.02729939	narrow
28	18	False	True	True	False	10.0	2.0939052	wide
28	18	False	True	True	False	11.0	1.0405562	wide
28	18	False	True	True	False	12.0	0.8165668	wide
28	18	False	True	True	False	13.0	0.27449158	wide
28	18	False	True	True	False	14.0	0.11124777	wide
28	18	False	True	True	False	15.0	0.05730133	wide
28	18	False	True	True	False	16.0	0.03464146	wide
28	18	False	True	True	False	17.0	0.023629567	wide
28	18	False	True	True	False	18.0	0.018427942	wide
28	18	False	True	True	False	19.0	0.01656947	wide
28	18	False	True	True	False	20.0	0.016706236	wide
28	18	False	True	True	False	21.0	0.017811708	wide
28	18	False	True	True	False	22.0	0.018916281	wide
28	18	False	True	True	False	23.0	0.01917913	wide
28	18	False	True	True	False	24.0	0.018128132	wide
28	18	False	True	True	False	25.0	0.015843041	wide
28	18	False	True	True	False	26.0	0.01291444	wide
28	18	False	True	True	False	27.0	0.010176181	wide
28	18	False	True	True	False	28.0	0.008357103	wide
28	18	False	True	True	False	29.0	0.007827215	wide
28	18	False	True	True	False	30.0	0.008532385	wide
28	18	False	True	True	False	31.0	0.010098348	wide
28	18	False	True	True	False	32.0	0.012015831	wide
28	18	False	True	True	False	33.0	0.013813628	wide
28	18	False	True	True	False	34.0	0.0151650645	wide
28	18	False	True	True	False	35.0	0.015918292	wide
28	18	False	True	True	False	36.0	0.01607065	wide
28	18	False	True	True	False	37.0	0.015717164	wide
28	18	False	True	True	False	38.0	0.014997277	wide
28	18	False	True	True	False	39.0	0.01405395	wide
28	18	False	True	True	False	40.0	0.013009103	wide
28	18	False	True	True	True	10.0	2.3827882	narrow
28	18	False	True	True	True	11.0	1.8521457	narrow
28	18	False	True	True	True	12.0	0.5196992	narrow
28	18	False	True	True	True	13.0	0.1689475	narrow
28	18	False	True	True	True	14.0	0.055172592	narrow
28	18	False	True	True	True	15.0	0.035793807	narrow
28	18	False	True	True	True	16.0	0.05067667	narrow
28	18	False	True	True	True	17.0	0.0639468	narrow
28	18	False	True	True	True	18.0	0.0651372	narrow
28	18	False	True	True	True	19.0	0.058380373	narrow
28	18	False	True	True	True	20.0	0.04974279	narrow
28	18	False	True	True	True	21.0	0.042355396	narrow
28	18	False	True	True	True	22.0	0.03683144	narrow
28	18	False	True	True	True	23.0	0.03275098	narrow
28	18	False	True	True	True	24.0	0.029561274	narrow
28	18	False	True	True	True	25.0	0.026872262	narrow
28	18	False	True	True	True	10.0	2.2419276	wide
28	18	False	True	True	True	11.0	1.0916666	wide
28	18	False	True	True	True	12.0	0.89627266	wide
28	18	False	True	True	True	13.0	0.29408878	wide
28	18	False	True	True	True	14.0	0.11694777	wide
28	18	False	True	True	True	15.0	0.059533983	wide
28	18	False	True	True	True	16.0	0.035943367	wide
28	18	False	True	True	True	17.0	0.024664337	wide
28	18	False	True	True	True	18.0	0.019364046	wide
28	18	False	True	True	True	19.0	0.017399466	wide
28	18	False	True	True	True	20.0	0.017375773	wide
28	18	False	True	True	True	21.0	0.018280754	wide
28	18	False	True	True	True	22.0	0.019181458	wide
28	18	False	True	True	True	23.0	0.019271314	wide
28	18	False	True	True	True	24.0	0.018097937	wide
28	18	False	True	True	True	25.0	0.015744425	wide
28	18	False	True	True	True	26.0	0.012792764	wide
28	18	False	True	True	True	27.0	0.010062764	wide
28	18	False	True	True	True	28.0	0.008269227	wide
28	18	False	True	True	True	29.0	0.0077711577	wide
28	18	False	True	True	True	30.0	0.0085071605	wide
28	18	False	True	True	True	31.0	0.010098761	wide
28	18	False	True	True	True	32.0	0.012034506	wide
28	18	False	True	True	True	33.0	0.013842281	wide
28	18	False	True	True	True	34.0	0.015195426	wide
28	18	False	True	True	True	35.0	0.01594289	wide
28	18	False	True	True	True	36.0	0.016083477	wide
28	18	False	True	True	True	37.0	0.01571412	wide
28	18	False	True	True	True	38.0	0.014976325	wide
28	18	False	True	True	True	39.0	0.014014969	wide
28	18	False	True	True	True	40.0	0.012953513	wide
28	18	False	True	True	True	10.0	2.0812366	narrow
28	18	False	True	True	True	11.0	1.5554698	narrow
28	18	False	True	True	True	12.0	0.45751485	narrow
28	18	False	True	True	True	13.0	0.14995378	narrow
28	18	False	True	True	True	14.0	0.04897144	narrow
28	18	False	True	True	True	15.0	0.033403717	narrow
28	18	False	True	True	True	16.0	0.049417272	narrow
28	18	False	True	True	True	17.0	0.0631738	narrow
28	18	False	True	True	True	18.0	0.0648066	narrow
28	18	False	True	True	True	19.0	0.058517247	narrow
28	18	False	True	True	True	20.0	0.05028989	narrow
28	18	False	True	True	True	21.0	0.043192558	narrow
28	18	False	True	True	True	22.0	0.037831135	narrow
28	18	False	True	True	True	23.0	0.03381136	narrow
28	18	False	True	True	True	24.0	0.030613333	narrow
28	18	False	True	True	True	25.0	0.027874384	narrow
28	18	False	True	True	True	10.0	1.9889745	wide
28	18	False	True	True	True	11.0	1.0058289	wide
28	18	False	True	True	True	12.0	0.7581598	wide
28	18	False	True	True	True	13.0	0.2603063	wide
28	18	False	True	True	True	14.0	0.10740988	wide
28	18	False	True	True	True	15.0	0.05590882	wide
28	18	False	True	True	True	16.0	0.033841852	wide
28	18	False	True	True	True	17.0	0.022976207	wide
28	18	False	True	True	True	18.0	0.017830063	wide
28	18	False	True	True	True	19.0	0.0160552	wide
28	18	False	True	True	True	20.0	0.016327802	wide
28	18	False	True	True	True	21.0	0.017600913	wide
28	18	False	True	True	True	22.0	0.018869806	wide
28	18	False	True	True	True	23.0	0.019263487	wide
28	18	False	True	True	True	24.0	0.018294618	wide
28	18	False	True	True	True	25.0	0.016043855	wide
28	18	False	True	True	True	26.0	0.013113996	wide
28	18	False	True	True	True	27.0	0.010355292	wide
28	18	False	True	True	True	28.0	0.008510983	wide
28	18	False	True	True	True	29.0	0.0079601975	wide
28	18	False	True	True	True	30.0	0.0086524	wide
28	18	False	True	True	True	31.0	0.010213059	wide
28	18	False	True	True	True	32.0	0.012130892	wide
28	18	False	True	True	True	33.0	0.013932528	wide
28	18	False	True	True	True	34.0	0.015289694	wide
28	18	False	True	True	True	35.0	0.016049549	wide
28	18	False	True	True	True	36.0	0.016208818	wide
28	18	False	True	True	True	37.0	0.015862035	wide
28	18	False	True	True	True	38.0	0.015148165	wide
28	18	False	True	True	True	39.0	0.014209696	wide
28	18	False	True	True	True	40.0	0.013168161	wide
29	15	False	True	True	False	10.0	2.2270827	narrow
29	15	False	True	True	False	11.0	2.3528633	narrow
29	15	False	True	True	False	12.0	1.6834344	narrow
29	15	False	True	True	False	13.0	1.1544231	narrow
29	15	False	True	True	False	14.0	0.5729868	narrow
29	15	False	True	True	False	15.0	0.2188001	narrow
29	15	False	True	True	False	16.0	0.14046009	narrow
29	15	False	True	True	False	17.0	0.18194756	narrow
29	15	False	True	True	False	18.0	0.24621585	narrow
29	15	False	True	True	False	19.0	0.31256023	narrow
29	15	False	True	True	False	20.0	0.36991164	narrow
29	15	False	True	True	False	21.0	0.4072958	narrow
29	15	False	True	True	False	22.0	0.42142636	narrow
29	15	False	True	True	False	23.0	0.4156156	narrow
29	15	False	True	True	False	24.0	0.39557934	narrow
29	15	False	True	True	False	25.0	0.3668184	narrow
29	15	False	True	True	False	10.0	0.84783465	wide
29	15	False	True	True	False	11.0	0.95118284	wide
29	15	False	True	True	False	12.0	0.7252275	wide
29	15	False	True	True	False	13.0	0.5757649	wide
29	15	False	True	True	False	14.0	0.4780756	wide
29	15	False	True	True	False	15.0	0.3818589	wide
29	15	False	True	True	False	16.0	0.28584757	wide
29	15	False	True	True	False	17.0	0.196964	wide
29	15	False	True	True	False	18.0	0.12398454	wide
29	15	False	True	True	False	19.0	0.072460964	wide
29	15	False	True	True	False	20.0	0.042290043	wide
29	15	False	True	True	False	21.0	0.028912775	wide
29	15	False	True	True	False	22.0	0.026219666	wide
29	15	False	True	True	False	23.0	0.028955353	wide
29	15	False	True	True	False	24.0	0.03370908	wide
29	15	False	True	True	False	25.0	0.038764156	wide
29	15	False	True	True	False	26.0	0.043479867	wide
29	15	False	True	True	False	27.0	0.04770935	wide
29	15	False	True	True	False	28.0	0.05144483	wide
29	15	False	True	True	False	29.0	0.054673836	wide
29	15	False	True	True	False	30.0	0.05735679	wide
29	15	False	True	True	False	31.0	0.059448443	wide
29	15	False	True	True	False	32.0	0.06092194	wide
29	15	False	True	True	False	33.0	0.061779935	wide
29	15	False	True	True	False	34.0	0.062054332	wide
29	15	False	True	True	False	35.0	0.061799496	wide
29	15	False	True	True	False	36.0	0.0610832	wide
29	15	False	True	True	False	37.0	0.059978813	wide
29	15	False	True	True	False	38.0	0.058559064	wide
29	15	False	True	True	False	39.0	0.056892186	wide
29	15	False	True	True	False	40.0	0.05503951	wide
29	15	False	True	True	True	10.0	2.076848	narrow
29	15	False	True	True	True	11.0	2.2029443	narrow
29	15	False	True	True	True	12.0	1.5733489	narrow
29	15	False	True	True	True	13.0	1.0783815	narrow
29	15	False	True	True	True	14.0	0.53639	narrow
29	15	False	True	True	True	15.0	0.20408995	narrow
29	15	False	True	True	True	16.0	0.12797907	narrow
29	15	False	True	True	True	17.0	0.16667937	narrow
29	15	False	True	True	True	18.0	0.22916196	narrow
29	15	False	True	True	True	19.0	0.2933704	narrow
29	15	False	True	True	True	20.0	0.34779528	narrow
29	15	False	True	True	True	21.0	0.38249478	narrow
29	15	False	True	True	True	22.0	0.39499676	narrow
29	15	False	True	True	True	23.0	0.38878304	narrow
29	15	False	True	True	True	24.0	0.36936992	narrow
29	15	False	True	True	True	25.0	0.34195477	narrow
29	15	False	True	True	True	10.0	0.7899742	wide
29	15	False	True	True	True	11.0	0.8903973	wide
29	15	False	True	True	True	12.0	0.6786361	wide
29	15	False	True	True	True	13.0	0.53848666	wide
29	15	False	True	True	True	14.0	0.44690746	wide
29	15	False	True	True	True	15.0	0.35675892	wide
29	15	False	True	True	True	16.0	0.2670356	wide
29	15	False	True	True	True	17.0	0.18414	wide
29	15	False	True	True	True	18.0	0.11606599	wide
29	15	False	True	True	True	19.0	0.0678547	wide
29	15	False	True	True	True	20.0	0.03941646	wide
29	15	False	True	True	True	21.0	0.02660844	wide
29	15	False	True	True	True	22.0	0.02385288	wide
29	15	False	True	True	True	23.0	0.02631473	wide
29	15	False	True	True	True	24.0	0.030812215	wide
29	15	False	True	True	True	25.0	0.03569868	wide
29	15	False	True	True	True	26.0	0.04031712	wide
29	15	False	True	True	True	27.0	0.044479843	wide
29	15	False	True	True	True	28.0	0.048147287	wide
29	15	False	True	True	True	29.0	0.051293593	wide
29	15	False	True	True	True	30.0	0.053880885	wide
29	15	False	True	True	True	31.0	0.055873476	wide
29	15	False	True	True	True	32.0	0.05725586	wide
29	15	False	True	True	True	33.0	0.05804007	wide
29	15	False	True	True	True	34.0	0.058264147	wide
29	15	False	True	True	True	35.0	0.05798531	wide
29	15	False	True	True	True	36.0	0.057271518	wide
29	15	False	True	True	True	37.0	0.05619452	wide
29	15	False	True	True	True	38.0	0.05482437	wide
29	15	False	True	True	True	39.0	0.053226076	wide
29	15	False	True	True	True	40.0	0.05145762	wide
29	15	False	True	True	True	10.0	2.4211335	narrow
29	15	False	True	True	True	11.0	2.5425901	narrow
29	15	False	True	True	True	12.0	1.8242042	narrow
29	15	False	True	True	True	13.0	1.251348	narrow
29	15	False	True	True	True	14.0	0.61952853	narrow
29	15	False	True	True	True	15.0	0.23764023	narrow
29	15	False	True	True	True	16.0	0.15660015	narrow
29	15	False	True	True	True	17.0	0.20157444	narrow
29	15	False	True	True	True	18.0	0.2679836	narrow
29	15	False	True	True	True	19.0	0.3369808	narrow
29	15	False	True	True	True	20.0	0.39808178	narrow
29	15	False	True	True	True	21.0	0.43895978	narrow
29	15	False	True	True	True	22.0	0.45525366	narrow
29	15	False	True	True	True	23.0	0.45003858	narrow
29	15	False	True	True	True	24.0	0.4292755	narrow
29	15	False	True	True	True	25.0	0.3988486	narrow
29	15	False	True	True	True	10.0	0.9226052	wide
29	15	False	True	True	True	11.0	1.0277532	wide
29	15	False	True	True	True	12.0	0.78454244	wide
29	15	False	True	True	True	13.0	0.62348783	wide
29	15	False	True	True	True	14.0	0.51792	wide
29	15	False	True	True	True	15.0	0.4138923	wide
29	15	False	True	True	True	16.0	0.30981818	wide
29	15	False	True	True	True	17.0	0.21328224	wide
29	15	False	True	True	True	18.0	0.13405614	wide
29	15	False	True	True	True	19.0	0.07833306	wide
29	15	False	True	True	True	20.0	0.04597939	wide
29	15	False	True	True	True	21.0	0.031894915	wide
29	15	False	True	True	True	22.0	0.029287884	wide
29	15	False	True	True	True	23.0	0.032368243	wide
29	15	False	True	True	True	24.0	0.037437405	wide
29	15	False	True	True	True	25.0	0.042693913	wide
29	15	False	True	True	True	26.0	0.047521234	wide
29	15	False	True	True	True	27.0	0.05182645	wide
29	15	False	True	True	True	28.0	0.05564304	wide
29	15	False	True	True	True	29.0	0.058975324	wide
29	15	False	True	True	True	30.0	0.061780907	wide
29	15	False	True	True	True	31.0	0.06400151	wide
29	15	False	True	True	True	32.0	0.065595195	wide
29	15	False	True	True	True	33.0	0.06655193	wide
29	15	False	True	True	True	34.0	0.06689541	wide
29	15	False	True	True	True	35.0	0.06667607	wide
29	15	False	True	True	True	36.0	0.06596124	wide
29	15	False	True	True	True	37.0	0.064826235	wide
29	15	False	True	True	True	38.0	0.063347176	wide
29	15	False	True	True	True	39.0	0.061596334	wide
29	15	False	True	True	True	40.0	0.059639312	wide
29	18	False	True	True	False	10.0	1.7757367	narrow
29	18	False	True	True	False	11.0	1.5824963	narrow
29	18	False	True	True	False	12.0	1.2394084	narrow
29	18	False	True	True	False	13.0	0.77190745	narrow
29	18	False	True	True	False	14.0	0.34815803	narrow
29	18	False	True	True	False	15.0	0.13313279	narrow
29	18	False	True	True	False	16.0	0.110845335	narrow
29	18	False	True	True	False	17.0	0.16896898	narrow
29	18	False	True	True	False	18.0	0.2327137	narrow
29	18	False	True	True	False	19.0	0.2796054	narrow
29	18	False	True	True	False	20.0	0.30808687	narrow
29	18	False	True	True	False	21.0	0.32066318	narrow
29	18	False	True	True	False	22.0	0.3201973	narrow
29	18	False	True	True	False	23.0	0.30961993	narrow
29	18	False	True	True	False	24.0	0.29185352	narrow
29	18	False	True	True	False	25.0	0.26958373	narrow
29	18	False	True	True	False	10.0	0.6560606	wide
29	18	False	True	True	False	11.0	0.6034358	wide
29	18	False	True	True	False	12.0	0.542524	wide
29	18	False	True	True	False	13.0	0.4754132	wide
29	18	False	True	True	False	14.0	0.40448016	wide
29	18	False	True	True	False	15.0	0.33117744	wide
29	18	False	True	True	False	16.0	0.25778282	wide
29	18	False	True	True	False	17.0	0.18853363	wide
29	18	False	True	True	False	18.0	0.12858878	wide
29	18	False	True	True	False	19.0	0.08191778	wide
29	18	False	True	True	False	20.0	0.049853582	wide
29	18	False	True	True	False	21.0	0.031061819	wide
29	18	False	True	True	False	22.0	0.022543509	wide
29	18	False	True	True	False	23.0	0.02086978	wide
29	18	False	True	True	False	24.0	0.023067888	wide
29	18	False	True	True	False	25.0	0.026996033	wide
29	18	False	True	True	False	26.0	0.031330764	wide
29	18	False	True	True	False	27.0	0.035370626	wide
29	18	False	True	True	False	28.0	0.03881093	wide
29	18	False	True	True	False	29.0	0.04156644	wide
29	18	False	True	True	False	30.0	0.04365702	wide
29	18	False	True	True	False	31.0	0.04514418	wide
29	18	False	True	True	False	32.0	0.0461009	wide
29	18	False	True	True	False	33.0	0.04659849	wide
29	18	False	True	True	False	34.0	0.046702374	wide
29	18	False	True	True	False	35.0	0.046471246	wide
29	18	False	True	True	False	36.0	0.04595731	wide
29	18	False	True	True	False	37.0	0.045207195	wide
29	18	False	True	True	False	38.0	0.044262398	wide
29	18	False	True	True	False	39.0	0.043160036	wide
29	18	False	True	True	False	40.0	0.041933063	wide
29	18	False	True	True	True	10.0	1.6454506	narrow
29	18	False	True	True	True	11.0	1.4694121	narrow
29	18	False	True	True	True	12.0	1.1513765	narrow
29	18	False	True	True	True	13.0	0.7181061	narrow
29	18	False	True	True	True	14.0	0.32491958	narrow
29	18	False	True	True	True	15.0	0.12333084	narrow
29	18	False	True	True	True	16.0	0.100751005	narrow
29	18	False	True	True	True	17.0	0.15513359	narrow
29	18	False	True	True	True	18.0	0.2161858	narrow
29	18	False	True	True	True	19.0	0.26122186	narrow
29	18	False	True	True	True	20.0	0.28807753	narrow
29	18	False	True	True	True	21.0	0.299341	narrow
29	18	False	True	True	True	22.0	0.29815418	narrow
29	18	False	True	True	True	23.0	0.28756958	narrow
29	18	False	True	True	True	24.0	0.27045012	narrow
29	18	False	True	True	True	25.0	0.24932656	narrow
29	18	False	True	True	True	10.0	0.6061829	wide
29	18	False	True	True	True	11.0	0.558833	wide
29	18	False	True	True	True	12.0	0.50323784	wide
29	18	False	True	True	True	13.0	0.44137418	wide
29	18	False	True	True	True	14.0	0.3756411	wide
29	18	False	True	True	True	15.0	0.30761537	wide
29	18	False	True	True	True	16.0	0.23954692	wide
29	18	False	True	True	True	17.0	0.1753699	wide
29	18	False	True	True	True	18.0	0.11979319	wide
29	18	False	True	True	True	19.0	0.07642878	wide
29	18	False	True	True	True	20.0	0.046502918	wide
29	18	False	True	True	True	21.0	0.028827168	wide
29	18	False	True	True	True	22.0	0.0206939	wide
29	18	False	True	True	True	23.0	0.018984063	wide
29	18	False	True	True	True	24.0	0.020968473	wide
29	18	False	True	True	True	25.0	0.024654884	wide
29	18	False	True	True	True	26.0	0.028788038	wide
29	18	False	True	True	True	27.0	0.032682035	wide
29	18	False	True	True	True	28.0	0.036022656	wide
29	18	False	True	True	True	29.0	0.038708523	wide
29	18	False	True	True	True	30.0	0.04074613	wide
29	18	False	True	True	True	31.0	0.042189166	wide
29	18	False	True	True	True	32.0	0.043107726	wide
29	18	False	True	True	True	33.0	0.04357348	wide
29	18	False	True	True	True	34.0	0.043653674	wide
29	18	False	True	True	True	35.0	0.043409098	wide
29	18	False	True	True	True	36.0	0.042893603	wide
29	18	False	True	True	True	37.0	0.042154714	wide
29	18	False	True	True	True	38.0	0.041234136	wide
29	18	False	True	True	True	39.0	0.04016846	wide
29	18	False	True	True	True	40.0	0.038989715	wide
29	18	False	True	True	True	10.0	1.9442825	narrow
29	18	False	True	True	True	11.0	1.7279632	narrow
29	18	False	True	True	True	12.0	1.3520168	narrow
29	18	False	True	True	True	13.0	0.84036744	narrow
29	18	False	True	True	True	14.0	0.37765223	narrow
29	18	False	True	True	True	15.0	0.14572549	narrow
29	18	False	True	True	True	16.0	0.12388163	narrow
29	18	False	True	True	True	17.0	0.18665932	narrow
29	18	False	True	True	True	18.0	0.25372484	narrow
29	18	False	True	True	True	19.0	0.3029819	narrow
29	18	False	True	True	True	20.0	0.33362603	narrow
29	18	False	True	True	True	21.0	0.3479931	narrow
29	18	False	True	True	True	22.0	0.3485486	narrow
29	18	False	True	True	True	23.0	0.33805352	narrow
29	18	False	True	True	True	24.0	0.3195067	narrow
29	18	False	True	True	True	25.0	0.29579613	narrow
29	18	False	True	True	True	10.0	0.7207664	wide
29	18	False	True	True	True	11.0	0.66114897	wide
29	18	False	True	True	True	12.0	0.59321326	wide
29	18	False	True	True	True	13.0	0.5192154	wide
29	18	False	True	True	True	14.0	0.44149762	wide
29	18	False	True	True	True	15.0	0.3613456	wide
29	18	False	True	True	True	16.0	0.28107136	wide
29	18	False	True	True	True	17.0	0.2053021	wide
29	18	False	True	True	True	18.0	0.13976952	wide
29	18	False	True	True	True	19.0	0.08889056	wide
29	18	False	True	True	True	20.0	0.054121148	wide
29	18	False	True	True	True	21.0	0.033928122	wide
29	18	False	True	True	True	22.0	0.024932884	wide
29	18	False	True	True	True	23.0	0.023308903	wide
29	18	False	True	True	True	24.0	0.02577444	wide
29	18	False	True	True	True	25.0	0.0300006	wide
29	18	False	True	True	True	26.0	0.034580823	wide
29	18	False	True	True	True	27.0	0.038796708	wide
29	18	False	True	True	True	28.0	0.04235742	wide
29	18	False	True	True	True	29.0	0.045198783	wide
29	18	False	True	True	True	30.0	0.047357455	wide
29	18	False	True	True	True	31.0	0.048904184	wide
29	18	False	True	True	True	32.0	0.049914706	wide
29	18	False	True	True	True	33.0	0.050459076	wide
29	18	False	True	True	True	34.0	0.05059969	wide
29	18	False	True	True	True	35.0	0.050392106	wide
29	18	False	True	True	True	36.0	0.049886096	wide
29	18	False	True	True	True	37.0	0.049126923	wide
29	18	False	True	True	True	38.0	0.0481558	wide
29	18	False	True	True	True	39.0	0.047010425	wide
29	18	False	True	True	True	40.0	0.045724995	wide
30	15	False	True	True	False	10.0	4.544028	narrow
30	15	False	True	True	False	11.0	2.0558753	narrow
30	15	False	True	True	False	12.0	0.74543417	narrow
30	15	False	True	True	False	13.0	0.2794002	narrow
30	15	False	True	True	False	14.0	0.33426595	narrow
30	15	False	True	True	False	15.0	0.6460212	narrow
30	15	False	True	True	False	16.0	1.070224	narrow
30	15	False	True	True	False	17.0	1.4733882	narrow
30	15	False	True	True	False	18.0	1.7113961	narrow
30	15	False	True	True	False	19.0	1.9331759	narrow
30	15	False	True	True	False	20.0	2.1040351	narrow
30	15	False	True	True	False	21.0	2.1382031	narrow
30	15	False	True	True	False	22.0	2.1125429	narrow
30	15	False	True	True	False	23.0	2.0584548	narrow
30	15	False	True	True	False	24.0	1.9867665	narrow
30	15	False	True	True	False	25.0	2.0317469	narrow
30	15	False	True	True	False	10.0	2.6747427	wide
30	15	False	True	True	False	11.0	1.6551503	wide
30	15	False	True	True	False	12.0	0.98430157	wide
30	15	False	True	True	False	13.0	0.5518175	wide
30	15	False	True	True	False	14.0	0.29311576	wide
30	15	False	True	True	False	15.0	0.15576681	wide
30	15	False	True	True	False	16.0	0.097885996	wide
30	15	False	True	True	False	17.0	0.08924059	wide
30	15	False	True	True	False	18.0	0.109296426	wide
30	15	False	True	True	False	19.0	0.14469652	wide
30	15	False	True	True	False	20.0	0.18747874	wide
30	15	False	True	True	False	21.0	0.23351364	wide
30	15	False	True	True	False	22.0	0.27966547	wide
30	15	False	True	True	False	23.0	0.3206968	wide
30	15	False	True	True	False	24.0	0.35057905	wide
30	15	False	True	True	False	25.0	0.36825082	wide
30	15	False	True	True	False	26.0	0.3795096	wide
30	15	False	True	True	False	27.0	0.3909874	wide
30	15	False	True	True	False	28.0	0.40381554	wide
30	15	False	True	True	False	29.0	0.4142912	wide
30	15	False	True	True	False	30.0	0.418861	wide
30	15	False	True	True	False	31.0	0.41705668	wide
30	15	False	True	True	False	32.0	0.41073853	wide
30	15	False	True	True	False	33.0	0.40208676	wide
30	15	False	True	True	False	34.0	0.39252397	wide
30	15	False	True	True	False	35.0	0.38288695	wide
30	15	False	True	True	False	36.0	0.37439537	wide
30	15	False	True	True	False	37.0	0.3701991	wide
30	15	False	True	True	False	38.0	0.37729353	wide
30	15	False	True	True	False	39.0	0.40765724	wide
30	15	False	True	True	False	40.0	0.4760645	wide
30	15	False	True	True	True	10.0	5.022468	narrow
30	15	False	True	True	True	11.0	2.2644725	narrow
30	15	False	True	True	True	12.0	0.81888294	narrow
30	15	False	True	True	True	13.0	0.31009477	narrow
30	15	False	True	True	True	14.0	0.3759847	narrow
30	15	False	True	True	True	15.0	0.7240977	narrow
30	15	False	True	True	True	16.0	1.1932104	narrow
30	15	False	True	True	True	17.0	1.6380064	narrow
30	15	False	True	True	True	18.0	1.9053035	narrow
30	15	False	True	True	True	19.0	2.1499836	narrow
30	15	False	True	True	True	20.0	2.3358877	narrow
30	15	False	True	True	True	21.0	2.374266	narrow
30	15	False	True	True	True	22.0	2.3463821	narrow
30	15	False	True	True	True	23.0	2.285943	narrow
30	15	False	True	True	True	24.0	2.205368	narrow
30	15	False	True	True	True	25.0	2.2491589	narrow
30	15	False	True	True	True	10.0	2.9565406	wide
30	15	False	True	True	True	11.0	1.8273697	wide
30	15	False	True	True	True	12.0	1.0850993	wide
30	15	False	True	True	True	13.0	0.607887	wide
30	15	False	True	True	True	14.0	0.32317036	wide
30	15	False	True	True	True	15.0	0.17244361	wide
30	15	False	True	True	True	16.0	0.10933858	wide
30	15	False	True	True	True	17.0	0.10048045	wide
30	15	False	True	True	True	18.0	0.12320458	wide
30	15	False	True	True	True	19.0	0.16275145	wide
30	15	False	True	True	True	20.0	0.21028331	wide
30	15	False	True	True	True	21.0	0.2611639	wide
30	15	False	True	True	True	22.0	0.31192702	wide
30	15	False	True	True	True	23.0	0.3569982	wide
30	15	False	True	True	True	24.0	0.39003906	wide
30	15	False	True	True	True	25.0	0.40994477	wide
30	15	False	True	True	True	26.0	0.42279595	wide
30	15	False	True	True	True	27.0	0.43554962	wide
30	15	False	True	True	True	28.0	0.4494167	wide
30	15	False	True	True	True	29.0	0.46056366	wide
30	15	False	True	True	True	30.0	0.4653163	wide
30	15	False	True	True	True	31.0	0.46322367	wide
30	15	False	True	True	True	32.0	0.45626214	wide
30	15	False	True	True	True	33.0	0.4467381	wide
30	15	False	True	True	True	34.0	0.43616375	wide
30	15	False	True	True	True	35.0	0.42544302	wide
30	15	False	True	True	True	36.0	0.41590083	wide
30	15	False	True	True	True	37.0	0.4109306	wide
30	15	False	True	True	True	38.0	0.41804695	wide
30	15	False	True	True	True	39.0	0.45010456	wide
30	15	False	True	True	True	40.0	0.5229538	wide
30	15	False	True	True	True	10.0	4.1971173	narrow
30	15	False	True	True	True	11.0	1.9042342	narrow
30	15	False	True	True	True	12.0	0.69196206	narrow
30	15	False	True	True	True	13.0	0.25704885	narrow
30	15	False	True	True	True	14.0	0.3039223	narrow
30	15	False	True	True	True	15.0	0.58925635	narrow
30	15	False	True	True	True	16.0	0.9805559	narrow
30	15	False	True	True	True	17.0	1.3532345	narrow
30	15	False	True	True	True	18.0	1.5705732	narrow
30	15	False	True	True	True	19.0	1.7757318	narrow
30	15	False	True	True	True	20.0	1.9353985	narrow
30	15	False	True	True	True	21.0	1.966779	narrow
30	15	False	True	True	True	22.0	1.9429884	narrow
30	15	False	True	True	True	23.0	1.8935994	narrow
30	15	False	True	True	True	24.0	1.8282764	narrow
30	15	False	True	True	True	25.0	1.8724924	narrow
30	15	False	True	True	True	10.0	2.470348	wide
30	15	False	True	True	True	11.0	1.5301607	wide
30	15	False	True	True	True	12.0	0.91110647	wide
30	15	False	True	True	True	13.0	0.51112235	wide
30	15	False	True	True	True	14.0	0.27132756	wide
30	15	False	True	True	True	15.0	0.14368804	wide
30	15	False	True	True	True	16.0	0.08958872	wide
30	15	False	True	True	True	17.0	0.08108793	wide
30	15	False	True	True	True	18.0	0.09920055	wide
30	15	False	True	True	True	19.0	0.13158564	wide
30	15	False	True	True	True	20.0	0.17090836	wide
30	15	False	True	True	True	21.0	0.21339434	wide
30	15	False	True	True	True	22.0	0.25614595	wide
30	15	False	True	True	True	23.0	0.29419953	wide
30	15	False	True	True	True	24.0	0.32179543	wide
30	15	False	True	True	True	25.0	0.33791023	wide
30	15	False	True	True	True	26.0	0.34808564	wide
30	15	False	True	True	True	27.0	0.35866386	wide
30	15	False	True	True	True	28.0	0.37071306	wide
30	15	False	True	True	True	29.0	0.3806628	wide
30	15	False	True	True	True	30.0	0.38508114	wide
30	15	False	True	True	True	31.0	0.38349634	wide
30	15	False	True	True	True	32.0	0.3776719	wide
30	15	False	True	True	True	33.0	0.36968166	wide
30	15	False	True	True	True	34.0	0.36087394	wide
30	15	False	True	True	True	35.0	0.35203126	wide
30	15	False	True	True	True	36.0	0.3442875	wide
30	15	False	True	True	True	37.0	0.34058225	wide
30	15	False	True	True	True	38.0	0.34745923	wide
30	15	False	True	True	True	39.0	0.37613204	wide
30	15	False	True	True	True	40.0	0.44043306	wide
30	18	False	True	True	False	10.0	3.746944	narrow
30	18	False	True	True	False	11.0	1.6095508	narrow
30	18	False	True	True	False	12.0	0.5424534	narrow
30	18	False	True	True	False	13.0	0.23365861	narrow
30	18	False	True	True	False	14.0	0.39465284	narrow
30	18	False	True	True	False	15.0	0.79045546	narrow
30	18	False	True	True	False	16.0	1.1740377	narrow
30	18	False	True	True	False	17.0	1.4543586	narrow
30	18	False	True	True	False	18.0	1.7489846	narrow
30	18	False	True	True	False	19.0	1.9670786	narrow
30	18	False	True	True	False	20.0	2.0560343	narrow
30	18	False	True	True	False	21.0	2.068092	narrow
30	18	False	True	True	False	22.0	2.035435	narrow
30	18	False	True	True	False	23.0	1.9686295	narrow
30	18	False	True	True	False	24.0	1.8752403	narrow
30	18	False	True	True	False	25.0	1.7634985	narrow
30	18	False	True	True	False	10.0	3.1462607	wide
30	18	False	True	True	False	11.0	2.034244	wide
30	18	False	True	True	False	12.0	1.2649649	wide
30	18	False	True	True	False	13.0	0.74469656	wide
30	18	False	True	True	False	14.0	0.41629133	wide
30	18	False	True	True	False	15.0	0.22722055	wide
30	18	False	True	True	False	16.0	0.13268809	wide
30	18	False	True	True	False	17.0	0.0992285	wide
30	18	False	True	True	False	18.0	0.103598244	wide
30	18	False	True	True	False	19.0	0.13036017	wide
30	18	False	True	True	False	20.0	0.16967727	wide
30	18	False	True	True	False	21.0	0.21517955	wide
30	18	False	True	True	False	22.0	0.2616047	wide
30	18	False	True	True	False	23.0	0.30323255	wide
30	18	False	True	True	False	24.0	0.33512387	wide
30	18	False	True	True	False	25.0	0.3563911	wide
30	18	False	True	True	False	26.0	0.3709651	wide
30	18	False	True	True	False	27.0	0.38385263	wide
30	18	False	True	True	False	28.0	0.39693993	wide
30	18	False	True	True	False	29.0	0.40860128	wide
30	18	False	True	True	False	30.0	0.41628662	wide
30	18	False	True	True	False	31.0	0.41873643	wide
30	18	False	True	True	False	32.0	0.41632283	wide
30	18	False	True	True	False	33.0	0.41025165	wide
30	18	False	True	True	False	34.0	0.4017679	wide
30	18	False	True	True	False	35.0	0.3917961	wide
30	18	False	True	True	False	36.0	0.38091427	wide
30	18	False	True	True	False	37.0	0.36945635	wide
30	18	False	True	True	False	38.0	0.35761648	wide
30	18	False	True	True	False	39.0	0.34552076	wide
30	18	False	True	True	False	40.0	0.333266	wide
30	18	False	True	True	True	10.0	4.141573	narrow
30	18	False	True	True	True	11.0	1.7735758	narrow
30	18	False	True	True	True	12.0	0.5965169	narrow
30	18	False	True	True	True	13.0	0.26047346	narrow
30	18	False	True	True	True	14.0	0.4418022	narrow
30	18	False	True	True	True	15.0	0.8802678	narrow
30	18	False	True	True	True	16.0	1.3066827	narrow
30	18	False	True	True	True	17.0	1.6201019	narrow
30	18	False	True	True	True	18.0	1.9456233	narrow
30	18	False	True	True	True	19.0	2.1848192	narrow
30	18	False	True	True	True	20.0	2.2827756	narrow
30	18	False	True	True	True	21.0	2.2964184	narrow
30	18	False	True	True	True	22.0	2.2601922	narrow
30	18	False	True	True	True	23.0	2.185778	narrow
30	18	False	True	True	True	24.0	2.0818162	narrow
30	18	False	True	True	True	25.0	1.9575574	narrow
30	18	False	True	True	True	10.0	3.479097	wide
30	18	False	True	True	True	11.0	2.246946	wide
30	18	False	True	True	True	12.0	1.395331	wide
30	18	False	True	True	True	13.0	0.8206849	wide
30	18	False	True	True	True	14.0	0.45873407	wide
30	18	False	True	True	True	15.0	0.25083765	wide
30	18	False	True	True	True	16.0	0.1473242	wide
30	18	False	True	True	True	17.0	0.111169785	wide
30	18	False	True	True	True	18.0	0.11666446	wide
30	18	False	True	True	True	19.0	0.14671992	wide
30	18	False	True	True	True	20.0	0.19043966	wide
30	18	False	True	True	True	21.0	0.2407959	wide
30	18	False	True	True	True	22.0	0.2920581	wide
30	18	False	True	True	True	23.0	0.33804184	wide
30	18	False	True	True	True	24.0	0.37339056	wide
30	18	False	True	True	True	25.0	0.39711004	wide
30	18	False	True	True	True	26.0	0.41342825	wide
30	18	False	True	True	True	27.0	0.4277498	wide
30	18	False	True	True	True	28.0	0.44210678	wide
30	18	False	True	True	True	29.0	0.45474443	wide
30	18	False	True	True	True	30.0	0.46293685	wide
30	18	False	True	True	True	31.0	0.4653762	wide
30	18	False	True	True	True	32.0	0.46251366	wide
30	18	False	True	True	True	33.0	0.45568	wide
30	18	False	True	True	True	34.0	0.44622627	wide
30	18	False	True	True	True	35.0	0.4351469	wide
30	18	False	True	True	True	36.0	0.4230615	wide
30	18	False	True	True	True	37.0	0.41033038	wide
30	18	False	True	True	True	38.0	0.39716682	wide
30	18	False	True	True	True	39.0	0.38371232	wide
30	18	False	True	True	True	40.0	0.3700773	wide
30	18	False	True	True	True	10.0	3.4641874	narrow
30	18	False	True	True	True	11.0	1.4919006	narrow
30	18	False	True	True	True	12.0	0.5036891	narrow
30	18	False	True	True	True	13.0	0.21427867	narrow
30	18	False	True	True	True	14.0	0.36022577	narrow
30	18	False	True	True	True	15.0	0.72464997	narrow
30	18	False	True	True	True	16.0	1.0773557	narrow
30	18	False	True	True	True	17.0	1.3345219	narrow
30	18	False	True	True	True	18.0	1.6067488	narrow
30	18	False	True	True	True	19.0	1.8094581	narrow
30	18	False	True	True	True	20.0	1.8922045	narrow
30	18	False	True	True	True	21.0	1.9034325	narrow
30	18	False	True	True	True	22.0	1.8735354	narrow
30	18	False	True	True	True	23.0	1.8123173	narrow
30	18	False	True	True	True	24.0	1.7266109	narrow
30	18	False	True	True	True	25.0	1.623933	narrow
30	18	False	True	True	True	10.0	2.9075115	wide
30	18	False	True	True	True	11.0	1.881674	wide
30	18	False	True	True	True	12.0	1.1714963	wide
30	18	False	True	True	True	13.0	0.69030267	wide
30	18	False	True	True	True	14.0	0.38597783	wide
30	18	False	True	True	True	15.0	0.2103764	wide
30	18	False	True	True	True	16.0	0.122227855	wide
30	18	False	True	True	True	17.0	0.09063876	wide
30	18	False	True	True	True	18.0	0.09414256	wide
30	18	False	True	True	True	19.0	0.118485466	wide
30	18	False	True	True	True	20.0	0.15458338	wide
30	18	False	True	True	True	21.0	0.19653077	wide
30	18	False	True	True	True	22.0	0.2394071	wide
30	18	False	True	True	True	23.0	0.2778536	wide
30	18	False	True	True	True	24.0	0.3072653	wide
30	18	False	True	True	True	25.0	0.32683384	wide
30	18	False	True	True	True	26.0	0.34023505	wide
30	18	False	True	True	True	27.0	0.35214013	wide
30	18	False	True	True	True	28.0	0.36431533	wide
30	18	False	True	True	True	29.0	0.37524882	wide
30	18	False	True	True	True	30.0	0.38254657	wide
30	18	False	True	True	True	31.0	0.385001	wide
30	18	False	True	True	True	32.0	0.38292637	wide
30	18	False	True	True	True	33.0	0.37743068	wide
30	18	False	True	True	True	34.0	0.36967435	wide
30	18	False	True	True	True	35.0	0.36052638	wide
30	18	False	True	True	True	36.0	0.35053268	wide
30	18	False	True	True	True	37.0	0.3400083	wide
30	18	False	True	True	True	38.0	0.32913464	wide
30	18	False	True	True	True	39.0	0.31802687	wide
30	18	False	True	True	True	40.0	0.3067728	wide
31	15	False	True	True	False	10.0	2.6365423	narrow
31	15	False	True	True	False	11.0	3.292292	narrow
31	15	False	True	True	False	12.0	3.0317743	narrow
31	15	False	True	True	False	13.0	0.4730572	narrow
31	15	False	True	True	False	14.0	0.24846189	narrow
31	15	False	True	True	False	15.0	0.18935916	narrow
31	15	False	True	True	False	16.0	0.20720136	narrow
31	15	False	True	True	False	17.0	0.23565656	narrow
31	15	False	True	True	False	18.0	0.25762504	narrow
31	15	False	True	True	False	19.0	0.27050102	narrow
31	15	False	True	True	False	20.0	0.27500105	narrow
31	15	False	True	True	False	21.0	0.2725393	narrow
31	15	False	True	True	False	22.0	0.2646575	narrow
31	15	False	True	True	False	23.0	0.25282434	narrow
31	15	False	True	True	False	24.0	0.23833846	narrow
31	15	False	True	True	False	25.0	0.22228312	narrow
31	15	False	True	True	False	10.0	1.4842082	wide
31	15	False	True	True	False	11.0	0.50193644	wide
31	15	False	True	True	False	12.0	0.8975804	wide
31	15	False	True	True	False	13.0	0.26491722	wide
31	15	False	True	True	False	14.0	0.9111971	wide
31	15	False	True	True	False	15.0	0.1705592	wide
31	15	False	True	True	False	16.0	0.14137706	wide
31	15	False	True	True	False	17.0	0.09242607	wide
31	15	False	True	True	False	18.0	0.06416174	wide
31	15	False	True	True	False	19.0	0.05381626	wide
31	15	False	True	True	False	20.0	0.051505752	wide
31	15	False	True	True	False	21.0	0.052403733	wide
31	15	False	True	True	False	22.0	0.054307908	wide
31	15	False	True	True	False	23.0	0.05620961	wide
31	15	False	True	True	False	24.0	0.05771116	wide
31	15	False	True	True	False	25.0	0.05869946	wide
31	15	False	True	True	False	26.0	0.059177727	wide
31	15	False	True	True	False	27.0	0.05919203	wide
31	15	False	True	True	False	28.0	0.058801696	wide
31	15	False	True	True	False	29.0	0.058067836	wide
31	15	False	True	True	False	30.0	0.05704876	wide
31	15	False	True	True	False	31.0	0.055797733	wide
31	15	False	True	True	False	32.0	0.05436261	wide
31	15	False	True	True	False	33.0	0.052785575	wide
31	15	False	True	True	False	34.0	0.05110335	wide
31	15	False	True	True	False	35.0	0.04934766	wide
31	15	False	True	True	False	36.0	0.04754546	wide
31	15	False	True	True	False	37.0	0.04571956	wide
31	15	False	True	True	False	38.0	0.043888994	wide
31	15	False	True	True	False	39.0	0.042069387	wide
31	15	False	True	True	False	40.0	0.040273584	wide
31	15	False	True	True	True	10.0	2.4313128	narrow
31	15	False	True	True	True	11.0	4.277857	narrow
31	15	False	True	True	True	12.0	4.147324	narrow
31	15	False	True	True	True	13.0	0.45422566	narrow
31	15	False	True	True	True	14.0	0.2424199	narrow
31	15	False	True	True	True	15.0	0.18755709	narrow
31	15	False	True	True	True	16.0	0.20537855	narrow
31	15	False	True	True	True	17.0	0.23274791	narrow
31	15	False	True	True	True	18.0	0.253515	narrow
31	15	False	True	True	True	19.0	0.26540798	narrow
31	15	False	True	True	True	20.0	0.26924932	narrow
31	15	False	True	True	True	21.0	0.26644853	narrow
31	15	False	True	True	True	22.0	0.25849277	narrow
31	15	False	True	True	True	23.0	0.2467841	narrow
31	15	False	True	True	True	24.0	0.23255952	narrow
31	15	False	True	True	True	25.0	0.21685229	narrow
31	15	False	True	True	True	10.0	1.3677018	wide
31	15	False	True	True	True	11.0	0.48112795	wide
31	15	False	True	True	True	12.0	1.1024653	wide
31	15	False	True	True	True	13.0	0.28456283	wide
31	15	False	True	True	True	14.0	1.2332371	wide
31	15	False	True	True	True	15.0	0.16921131	wide
31	15	False	True	True	True	16.0	0.1359806	wide
31	15	False	True	True	True	17.0	0.089706406	wide
31	15	False	True	True	True	18.0	0.06301898	wide
31	15	False	True	True	True	19.0	0.053278152	wide
31	15	False	True	True	True	20.0	0.05114685	wide
31	15	False	True	True	True	21.0	0.05203617	wide
31	15	False	True	True	True	22.0	0.053846613	wide
31	15	False	True	True	True	23.0	0.055621985	wide
31	15	False	True	True	True	24.0	0.056991823	wide
31	15	False	True	True	True	25.0	0.05785708	wide
31	15	False	True	True	True	26.0	0.05822815	wide
31	15	False	True	True	True	27.0	0.058154345	wide
31	15	False	True	True	True	28.0	0.05769578	wide
31	15	False	True	True	True	29.0	0.056912817	wide
31	15	False	True	True	True	30.0	0.055862084	wide
31	15	False	True	True	True	31.0	0.054594725	wide
31	15	False	True	True	True	32.0	0.05315633	wide
31	15	False	True	True	True	33.0	0.05158688	wide
31	15	False	True	True	True	34.0	0.049921054	wide
31	15	False	True	True	True	35.0	0.048188742	wide
31	15	False	True	True	True	36.0	0.046415355	wide
31	15	False	True	True	True	37.0	0.04462236	wide
31	15	False	True	True	True	38.0	0.042827636	wide
31	15	False	True	True	True	39.0	0.0410459	wide
31	15	False	True	True	True	40.0	0.03928921	wide
31	15	False	True	True	True	10.0	2.8996758	narrow
31	15	False	True	True	True	11.0	2.7714238	narrow
31	15	False	True	True	True	12.0	2.4226558	narrow
31	15	False	True	True	True	13.0	0.49559662	narrow
31	15	False	True	True	True	14.0	0.2564538	narrow
31	15	False	True	True	True	15.0	0.19322577	narrow
31	15	False	True	True	True	16.0	0.21171266	narrow
31	15	False	True	True	True	17.0	0.24179006	narrow
31	15	False	True	True	True	18.0	0.26530677	narrow
31	15	False	True	True	True	19.0	0.27933976	narrow
31	15	False	True	True	True	20.0	0.2845362	narrow
31	15	False	True	True	True	21.0	0.28234768	narrow
31	15	False	True	True	True	22.0	0.27439758	narrow
31	15	False	True	True	True	23.0	0.26224485	narrow
31	15	False	True	True	True	24.0	0.24726921	narrow
31	15	False	True	True	True	25.0	0.2306203	narrow
31	15	False	True	True	True	10.0	1.6337006	wide
31	15	False	True	True	True	11.0	0.5294213	wide
31	15	False	True	True	True	12.0	0.79397637	wide
31	15	False	True	True	True	13.0	0.25822887	wide
31	15	False	True	True	True	14.0	0.73599714	wide
31	15	False	True	True	True	15.0	0.1751721	wide
31	15	False	True	True	True	16.0	0.14783742	wide
31	15	False	True	True	True	17.0	0.095818244	wide
31	15	False	True	True	True	18.0	0.065819114	wide
31	15	False	True	True	True	19.0	0.05487387	wide
31	15	False	True	True	True	20.0	0.052443255	wide
31	15	False	True	True	True	21.0	0.05341831	wide
31	15	False	True	True	True	22.0	0.055477247	wide
31	15	False	True	True	True	23.0	0.057553	wide
31	15	False	True	True	True	24.0	0.059219867	wide
31	15	False	True	True	True	25.0	0.060351945	wide
31	15	False	True	True	True	26.0	0.060947277	wide
31	15	False	True	True	True	27.0	0.06105064	wide
31	15	False	True	True	True	28.0	0.060722314	wide
31	15	False	True	True	True	29.0	0.06002565	wide
31	15	False	True	True	True	30.0	0.05902184	wide
31	15	False	True	True	True	31.0	0.057767287	wide
31	15	False	True	True	True	32.0	0.05631294	wide
31	15	False	True	True	True	33.0	0.054703873	wide
31	15	False	True	True	True	34.0	0.052979454	wide
31	15	False	True	True	True	35.0	0.051173665	wide
31	15	False	True	True	True	36.0	0.049315467	wide
31	15	False	True	True	True	37.0	0.04742936	wide
31	15	False	True	True	True	38.0	0.04553574	wide
31	15	False	True	True	True	39.0	0.043651413	wide
31	15	False	True	True	True	40.0	0.041790146	wide
31	18	False	True	True	False	10.0	15.141881	narrow
31	18	False	True	True	False	11.0	0.9518474	narrow
31	18	False	True	True	False	12.0	0.81603247	narrow
31	18	False	True	True	False	13.0	0.31458735	narrow
31	18	False	True	True	False	14.0	0.17553163	narrow
31	18	False	True	True	False	15.0	0.18330336	narrow
31	18	False	True	True	False	16.0	0.21628596	narrow
31	18	False	True	True	False	17.0	0.24567196	narrow
31	18	False	True	True	False	18.0	0.26547587	narrow
31	18	False	True	True	False	19.0	0.2758301	narrow
31	18	False	True	True	False	20.0	0.27811953	narrow
31	18	False	True	True	False	21.0	0.2739308	narrow
31	18	False	True	True	False	22.0	0.26480323	narrow
31	18	False	True	True	False	23.0	0.25213584	narrow
31	18	False	True	True	False	24.0	0.23713952	narrow
31	18	False	True	True	False	25.0	0.22081465	narrow
31	18	False	True	True	False	10.0	1.8620445	wide
31	18	False	True	True	False	11.0	7.172123	wide
31	18	False	True	True	False	12.0	0.5259451	wide
31	18	False	True	True	False	13.0	0.18717483	wide
31	18	False	True	True	False	14.0	0.33011955	wide
31	18	False	True	True	False	15.0	0.17051342	wide
31	18	False	True	True	False	16.0	0.11995969	wide
31	18	False	True	True	False	17.0	0.07582395	wide
31	18	False	True	True	False	18.0	0.054843374	wide
31	18	False	True	True	False	19.0	0.04932681	wide
31	18	False	True	True	False	20.0	0.04918099	wide
31	18	False	True	True	False	21.0	0.050887976	wide
31	18	False	True	True	False	22.0	0.05302784	wide
31	18	False	True	True	False	23.0	0.054982014	wide
31	18	False	True	True	False	24.0	0.05651387	wide
31	18	False	True	True	False	25.0	0.05755905	wide
31	18	False	True	True	False	26.0	0.05812741	wide
31	18	False	True	True	False	27.0	0.05825975	wide
31	18	False	True	True	False	28.0	0.058008045	wide
31	18	False	True	True	False	29.0	0.057426494	wide
31	18	False	True	True	False	30.0	0.056567293	wide
31	18	False	True	True	False	31.0	0.05547847	wide
31	18	False	True	True	False	32.0	0.054203466	wide
31	18	False	True	True	False	33.0	0.05278087	wide
31	18	False	True	True	False	34.0	0.051244676	wide
31	18	False	True	True	False	35.0	0.049624577	wide
31	18	False	True	True	False	36.0	0.047946192	wide
31	18	False	True	True	False	37.0	0.046231583	wide
31	18	False	True	True	False	38.0	0.04449948	wide
31	18	False	True	True	False	39.0	0.042765655	wide
31	18	False	True	True	False	40.0	0.04104325	wide
31	18	False	True	True	True	10.0	14.469187	narrow
31	18	False	True	True	True	11.0	1.089304	narrow
31	18	False	True	True	True	12.0	1.0313947	narrow
31	18	False	True	True	True	13.0	0.30401978	narrow
31	18	False	True	True	True	14.0	0.17314574	narrow
31	18	False	True	True	True	15.0	0.18177149	narrow
31	18	False	True	True	True	16.0	0.21404466	narrow
31	18	False	True	True	True	17.0	0.24230628	narrow
31	18	False	True	True	True	18.0	0.2610252	narrow
31	18	False	True	True	True	19.0	0.27054867	narrow
31	18	False	True	True	True	20.0	0.27232337	narrow
31	18	False	True	True	True	21.0	0.2679095	narrow
31	18	False	True	True	True	22.0	0.25878435	narrow
31	18	False	True	True	True	23.0	0.24628228	narrow
31	18	False	True	True	True	24.0	0.23155929	narrow
31	18	False	True	True	True	25.0	0.21557342	narrow
31	18	False	True	True	True	10.0	1.727991	wide
31	18	False	True	True	True	11.0	6.8987637	wide
31	18	False	True	True	True	12.0	0.630407	wide
31	18	False	True	True	True	13.0	0.18066093	wide
31	18	False	True	True	True	14.0	0.41339287	wide
31	18	False	True	True	True	15.0	0.18504968	wide
31	18	False	True	True	True	16.0	0.11565071	wide
31	18	False	True	True	True	17.0	0.07378888	wide
31	18	False	True	True	True	18.0	0.05420678	wide
31	18	False	True	True	True	19.0	0.04901701	wide
31	18	False	True	True	True	20.0	0.04891917	wide
31	18	False	True	True	True	21.0	0.050580606	wide
31	18	False	True	True	True	22.0	0.052629445	wide
31	18	False	True	True	True	23.0	0.054470725	wide
31	18	False	True	True	True	24.0	0.055882823	wide
31	18	False	True	True	True	25.0	0.05681184	wide
31	18	False	True	True	True	26.0	0.057274804	wide
31	18	False	True	True	True	27.0	0.057316888	wide
31	18	False	True	True	True	28.0	0.05699209	wide
31	18	False	True	True	True	29.0	0.05635491	wide
31	18	False	True	True	True	30.0	0.055456627	wide
31	18	False	True	True	True	31.0	0.054343667	wide
31	18	False	True	True	True	32.0	0.05305755	wide
31	18	False	True	True	True	33.0	0.051634885	wide
31	18	False	True	True	True	34.0	0.050107714	wide
31	18	False	True	True	True	35.0	0.048503976	wide
31	18	False	True	True	True	36.0	0.04684776	wide
31	18	False	True	True	True	37.0	0.045159798	wide
31	18	False	True	True	True	38.0	0.043457676	wide
31	18	False	True	True	True	39.0	0.041756254	wide
31	18	False	True	True	True	40.0	0.04006789	wide
31	18	False	True	True	True	10.0	15.923721	narrow
31	18	False	True	True	True	11.0	0.89380896	narrow
31	18	False	True	True	True	12.0	0.69784427	narrow
31	18	False	True	True	True	13.0	0.33036068	narrow
31	18	False	True	True	True	14.0	0.17969011	narrow
31	18	False	True	True	True	15.0	0.18718794	narrow
31	18	False	True	True	True	16.0	0.2215896	narrow
31	18	False	True	True	True	17.0	0.2526128	narrow
31	18	False	True	True	True	18.0	0.27380443	narrow
31	18	False	True	True	True	19.0	0.28512317	narrow
31	18	False	True	True	True	20.0	0.28793108	narrow
31	18	False	True	True	True	21.0	0.28387356	narrow
31	18	False	True	True	True	22.0	0.27457738	narrow
31	18	False	True	True	True	23.0	0.26152873	narrow
31	18	False	True	True	True	24.0	0.24601254	narrow
31	18	False	True	True	True	25.0	0.2290872	narrow
31	18	False	True	True	True	10.0	2.031961	wide
31	18	False	True	True	True	11.0	7.480772	wide
31	18	False	True	True	True	12.0	0.47259697	wide
31	18	False	True	True	True	13.0	0.19735451	wide
31	18	False	True	True	True	14.0	0.2847795	wide
31	18	False	True	True	True	15.0	0.16499615	wide
31	18	False	True	True	True	16.0	0.1262316	wide
31	18	False	True	True	True	17.0	0.07871168	wide
31	18	False	True	True	True	18.0	0.05597596	wide
31	18	False	True	True	True	19.0	0.05013117	wide
31	18	False	True	True	True	20.0	0.050008368	wide
31	18	False	True	True	True	21.0	0.05183854	wide
31	18	False	True	True	True	22.0	0.05413779	wide
31	18	False	True	True	True	23.0	0.056258943	wide
31	18	False	True	True	True	24.0	0.057949793	wide
31	18	False	True	True	True	25.0	0.059136864	wide
31	18	False	True	True	True	26.0	0.059824843	wide
31	18	False	True	True	True	27.0	0.06005221	wide
31	18	False	True	True	True	28.0	0.059870724	wide
31	18	False	True	True	True	29.0	0.059335835	wide
31	18	False	True	True	True	30.0	0.0585019	wide
31	18	False	True	True	True	31.0	0.057419535	wide
31	18	False	True	True	True	32.0	0.05613497	wide
31	18	False	True	True	True	33.0	0.054689504	wide
31	18	False	True	True	True	34.0	0.05311961	wide
31	18	False	True	True	True	35.0	0.05145725	wide
31	18	False	True	True	True	36.0	0.049730003	wide
31	18	False	True	True	True	37.0	0.04796161	wide
31	18	False	True	True	True	38.0	0.04617224	wide
31	18	False	True	True	True	39.0	0.044378847	wide
31	18	False	True	True	True	40.0	0.042595536	wide
32	15	False	True	True	False	10.0	3.9819446	narrow
32	15	False	True	True	False	11.0	1.5362915	narrow
32	15	False	True	True	False	12.0	0.49898037	narrow
32	15	False	True	True	False	13.0	0.25611913	narrow
32	15	False	True	True	False	14.0	0.14367308	narrow
32	15	False	True	True	False	15.0	0.0814028	narrow
32	15	False	True	True	False	16.0	0.05390008	narrow
32	15	False	True	True	False	17.0	0.047969963	narrow
32	15	False	True	True	False	18.0	0.055808757	narrow
32	15	False	True	True	False	19.0	0.075320125	narrow
32	15	False	True	True	False	20.0	0.107729554	narrow
32	15	False	True	True	False	21.0	0.15502064	narrow
32	15	False	True	True	False	22.0	0.21770346	narrow
32	15	False	True	True	False	23.0	0.2932579	narrow
32	15	False	True	True	False	24.0	0.37592772	narrow
32	15	False	True	True	False	25.0	0.45801905	narrow
32	15	False	True	True	False	10.0	10.653673	wide
32	15	False	True	True	False	11.0	3.6277883	wide
32	15	False	True	True	False	12.0	1.7001103	wide
32	15	False	True	True	False	13.0	0.6110596	wide
32	15	False	True	True	False	14.0	0.28243685	wide
32	15	False	True	True	False	15.0	0.14823453	wide
32	15	False	True	True	False	16.0	0.08199809	wide
32	15	False	True	True	False	17.0	0.047245543	wide
32	15	False	True	True	False	18.0	0.028997278	wide
32	15	False	True	True	False	19.0	0.019743381	wide
32	15	False	True	True	False	20.0	0.015360935	wide
32	15	False	True	True	False	21.0	0.013594346	wide
32	15	False	True	True	False	22.0	0.013268697	wide
32	15	False	True	True	False	23.0	0.013822175	wide
32	15	False	True	True	False	24.0	0.015030865	wide
32	15	False	True	True	False	25.0	0.016852973	wide
32	15	False	True	True	False	26.0	0.01934209	wide
32	15	False	True	True	False	27.0	0.02259738	wide
32	15	False	True	True	False	28.0	0.02673185	wide
32	15	False	True	True	False	29.0	0.031849552	wide
32	15	False	True	True	False	30.0	0.038026735	wide
32	15	False	True	True	False	31.0	0.045294736	wide
32	15	False	True	True	False	32.0	0.053626586	wide
32	15	False	True	True	False	33.0	0.06292711	wide
32	15	False	True	True	False	34.0	0.073030315	wide
32	15	False	True	True	False	35.0	0.08370541	wide
32	15	False	True	True	False	36.0	0.09467006	wide
32	15	False	True	True	False	37.0	0.1056119	wide
32	15	False	True	True	False	38.0	0.11621146	wide
32	15	False	True	True	False	39.0	0.12616579	wide
32	15	False	True	True	False	40.0	0.13520618	wide
32	15	False	True	True	True	10.0	3.67629	narrow
32	15	False	True	True	True	11.0	1.4035467	narrow
32	15	False	True	True	True	12.0	0.4758309	narrow
32	15	False	True	True	True	13.0	0.25107518	narrow
32	15	False	True	True	True	14.0	0.14153633	narrow
32	15	False	True	True	True	15.0	0.07964361	narrow
32	15	False	True	True	True	16.0	0.05180976	narrow
32	15	False	True	True	True	17.0	0.045083113	narrow
32	15	False	True	True	True	18.0	0.051485382	narrow
32	15	False	True	True	True	19.0	0.06856403	narrow
32	15	False	True	True	True	20.0	0.09710904	narrow
32	15	False	True	True	True	21.0	0.13872215	narrow
32	15	False	True	True	True	22.0	0.19377789	narrow
32	15	False	True	True	True	23.0	0.2600398	narrow
32	15	False	True	True	True	24.0	0.3324709	narrow
32	15	False	True	True	True	25.0	0.40434417	narrow
32	15	False	True	True	True	10.0	9.843023	wide
32	15	False	True	True	True	11.0	3.3333478	wide
32	15	False	True	True	True	12.0	1.5533639	wide
32	15	False	True	True	True	13.0	0.5703592	wide
32	15	False	True	True	True	14.0	0.26900968	wide
32	15	False	True	True	True	15.0	0.14323506	wide
32	15	False	True	True	True	16.0	0.07989004	wide
32	15	False	True	True	True	17.0	0.046135455	wide
32	15	False	True	True	True	18.0	0.028219575	wide
32	15	False	True	True	True	19.0	0.01905576	wide
32	15	False	True	True	True	20.0	0.014668568	wide
32	15	False	True	True	True	21.0	0.012852002	wide
32	15	False	True	True	True	22.0	0.012444109	wide
32	15	False	True	True	True	23.0	0.012880935	wide
32	15	False	True	True	True	24.0	0.013929132	wide
32	15	False	True	True	True	25.0	0.015533387	wide
32	15	False	True	True	True	26.0	0.017731393	wide
32	15	False	True	True	True	27.0	0.020605354	wide
32	15	False	True	True	True	28.0	0.024251662	wide
32	15	False	True	True	True	29.0	0.028759575	wide
32	15	False	True	True	True	30.0	0.03419417	wide
32	15	False	True	True	True	31.0	0.040581148	wide
32	15	False	True	True	True	32.0	0.047895268	wide
32	15	False	True	True	True	33.0	0.056051858	wide
32	15	False	True	True	True	34.0	0.06490483	wide
32	15	False	True	True	True	35.0	0.07425195	wide
32	15	False	True	True	True	36.0	0.08384654	wide
32	15	False	True	True	True	37.0	0.093415976	wide
32	15	False	True	True	True	38.0	0.102681465	wide
32	15	False	True	True	True	39.0	0.1113785	wide
32	15	False	True	True	True	40.0	0.119272165	wide
32	15	False	True	True	True	10.0	4.3936667	narrow
32	15	False	True	True	True	11.0	1.7179227	narrow
32	15	False	True	True	True	12.0	0.53232276	narrow
32	15	False	True	True	True	13.0	0.2641256	narrow
32	15	False	True	True	True	14.0	0.14719883	narrow
32	15	False	True	True	True	15.0	0.08408618	narrow
32	15	False	True	True	True	16.0	0.05691565	narrow
32	15	False	True	True	True	17.0	0.05212141	narrow
32	15	False	True	True	True	18.0	0.06211079	narrow
32	15	False	True	True	True	19.0	0.08527938	narrow
32	15	False	True	True	True	20.0	0.123472944	narrow
32	15	False	True	True	True	21.0	0.1792231	narrow
32	15	False	True	True	True	22.0	0.25323224	narrow
32	15	False	True	True	True	23.0	0.34256256	narrow
32	15	False	True	True	True	24.0	0.44040683	narrow
32	15	False	True	True	True	25.0	0.5376595	narrow
32	15	False	True	True	True	10.0	11.724533	wide
32	15	False	True	True	True	11.0	4.020752	wide
32	15	False	True	True	True	12.0	1.8974516	wide
32	15	False	True	True	True	13.0	0.6667396	wide
32	15	False	True	True	True	14.0	0.30134323	wide
32	15	False	True	True	True	15.0	0.15556249	wide
32	15	False	True	True	True	16.0	0.085206494	wide
32	15	False	True	True	True	17.0	0.0489448	wide
32	15	False	True	True	True	18.0	0.03014782	wide
32	15	False	True	True	True	19.0	0.020719122	wide
32	15	False	True	True	True	20.0	0.016320277	wide
32	15	False	True	True	True	21.0	0.014617465	wide
32	15	False	True	True	True	22.0	0.014412164	wide
32	15	False	True	True	True	23.0	0.01514292	wide
32	15	False	True	True	True	24.0	0.016598102	wide
32	15	False	True	True	True	25.0	0.018754816	wide
32	15	False	True	True	True	26.0	0.021689305	wide
32	15	False	True	True	True	27.0	0.02552497	wide
32	15	False	True	True	True	28.0	0.030398583	wide
32	15	False	True	True	True	29.0	0.0364352	wide
32	15	False	True	True	True	30.0	0.04372687	wide
32	15	False	True	True	True	31.0	0.052312624	wide
32	15	False	True	True	True	32.0	0.062162563	wide
32	15	False	True	True	True	33.0	0.07316579	wide
32	15	False	True	True	True	34.0	0.08512701	wide
32	15	False	True	True	True	35.0	0.09777344	wide
32	15	False	True	True	True	36.0	0.11077057	wide
32	15	False	True	True	True	37.0	0.1237479	wide
32	15	False	True	True	True	38.0	0.13632642	wide
32	15	False	True	True	True	39.0	0.14814696	wide
32	15	False	True	True	True	40.0	0.15889142	wide
32	18	False	True	True	False	10.0	3.7319136	narrow
32	18	False	True	True	False	11.0	1.5064728	narrow
32	18	False	True	True	False	12.0	0.4846805	narrow
32	18	False	True	True	False	13.0	0.25181946	narrow
32	18	False	True	True	False	14.0	0.13911691	narrow
32	18	False	True	True	False	15.0	0.077294216	narrow
32	18	False	True	True	False	16.0	0.05076424	narrow
32	18	False	True	True	False	17.0	0.045421362	narrow
32	18	False	True	True	False	18.0	0.053160276	narrow
32	18	False	True	True	False	19.0	0.07182182	narrow
32	18	False	True	True	False	20.0	0.10253106	narrow
32	18	False	True	True	False	21.0	0.14719456	narrow
32	18	False	True	True	False	22.0	0.20663886	narrow
32	18	False	True	True	False	23.0	0.27939352	narrow
32	18	False	True	True	False	24.0	0.36120826	narrow
32	18	False	True	True	False	25.0	0.44536325	narrow
32	18	False	True	True	False	10.0	10.127868	wide
32	18	False	True	True	False	11.0	3.4800892	wide
32	18	False	True	True	False	12.0	1.647183	wide
32	18	False	True	True	False	13.0	0.5943975	wide
32	18	False	True	True	False	14.0	0.27367225	wide
32	18	False	True	True	False	15.0	0.14412798	wide
32	18	False	True	True	False	16.0	0.07989838	wide
32	18	False	True	True	False	17.0	0.045945358	wide
32	18	False	True	True	False	18.0	0.027944129	wide
32	18	False	True	True	False	19.0	0.018713368	wide
32	18	False	True	True	False	20.0	0.014285518	wide
32	18	False	True	True	False	21.0	0.0124627575	wide
32	18	False	True	True	False	22.0	0.0120793665	wide
32	18	False	True	True	False	23.0	0.012562277	wide
32	18	False	True	True	False	24.0	0.013668861	wide
32	18	False	True	True	False	25.0	0.015335858	wide
32	18	False	True	True	False	26.0	0.01759383	wide
32	18	False	True	True	False	27.0	0.020517591	wide
32	18	False	True	True	False	28.0	0.024195129	wide
32	18	False	True	True	False	29.0	0.02870657	wide
32	18	False	True	True	False	30.0	0.0341088	wide
32	18	False	True	True	False	31.0	0.040423602	wide
32	18	False	True	True	False	32.0	0.047630385	wide
32	18	False	True	True	False	33.0	0.05566162	wide
32	18	False	True	True	False	34.0	0.064402595	wide
32	18	False	True	True	False	35.0	0.07369495	wide
32	18	False	True	True	False	36.0	0.0833425	wide
32	18	False	True	True	False	37.0	0.09312083	wide
32	18	False	True	True	False	38.0	0.10278745	wide
32	18	False	True	True	False	39.0	0.11209406	wide
32	18	False	True	True	False	40.0	0.12079774	wide
32	18	False	True	True	True	10.0	3.4462948	narrow
32	18	False	True	True	True	11.0	1.3746343	narrow
32	18	False	True	True	True	12.0	0.4635045	narrow
32	18	False	True	True	True	13.0	0.24731344	narrow
32	18	False	True	True	True	14.0	0.13715719	narrow
32	18	False	True	True	True	15.0	0.07560537	narrow
32	18	False	True	True	True	16.0	0.048726812	narrow
32	18	False	True	True	True	17.0	0.042631514	narrow
32	18	False	True	True	True	18.0	0.049047727	narrow
32	18	False	True	True	True	19.0	0.065485254	narrow
32	18	False	True	True	True	20.0	0.092674516	narrow
32	18	False	True	True	True	21.0	0.13217513	narrow
32	18	False	True	True	True	22.0	0.18464418	narrow
32	18	False	True	True	True	23.0	0.24873397	narrow
32	18	False	True	True	True	24.0	0.32066572	narrow
32	18	False	True	True	True	25.0	0.39451134	narrow
32	18	False	True	True	True	10.0	9.347721	wide
32	18	False	True	True	True	11.0	3.1948445	wide
32	18	False	True	True	True	12.0	1.5037323	wide
32	18	False	True	True	True	13.0	0.55465	wide
32	18	False	True	True	True	14.0	0.2608769	wide
32	18	False	True	True	True	15.0	0.13941823	wide
32	18	False	True	True	True	16.0	0.077930026	wide
32	18	False	True	True	True	17.0	0.044911034	wide
32	18	False	True	True	True	18.0	0.02721537	wide
32	18	False	True	True	True	19.0	0.018064423	wide
32	18	False	True	True	True	20.0	0.013629576	wide
32	18	False	True	True	True	21.0	0.011759482	wide
32	18	False	True	True	True	22.0	0.011300838	wide
32	18	False	True	True	True	23.0	0.011679219	wide
32	18	False	True	True	True	24.0	0.012644167	wide
32	18	False	True	True	True	25.0	0.014121086	wide
32	18	False	True	True	True	26.0	0.016127294	wide
32	18	False	True	True	True	27.0	0.018723724	wide
32	18	False	True	True	True	28.0	0.021985114	wide
32	18	False	True	True	True	29.0	0.025980242	wide
32	18	False	True	True	True	30.0	0.030757764	wide
32	18	False	True	True	True	31.0	0.03633555	wide
32	18	False	True	True	True	32.0	0.042694137	wide
32	18	False	True	True	True	33.0	0.049772806	wide
32	18	False	True	True	True	34.0	0.057469413	wide
32	18	False	True	True	True	35.0	0.065643616	wide
32	18	False	True	True	True	36.0	0.07412205	wide
32	18	False	True	True	True	37.0	0.08270694	wide
32	18	False	True	True	True	38.0	0.091184996	wide
32	18	False	True	True	True	39.0	0.09933829	wide
32	18	False	True	True	True	40.0	0.106954	wide
32	18	False	True	True	True	10.0	4.1152825	narrow
32	18	False	True	True	True	11.0	1.6870099	narrow
32	18	False	True	True	True	12.0	0.5154923	narrow
32	18	False	True	True	True	13.0	0.25909552	narrow
32	18	False	True	True	True	14.0	0.14237599	narrow
32	18	False	True	True	True	15.0	0.0798552	narrow
32	18	False	True	True	True	16.0	0.053675905	narrow
32	18	False	True	True	True	17.0	0.049383406	narrow
32	18	False	True	True	True	18.0	0.059062015	narrow
32	18	False	True	True	True	19.0	0.08099928	narrow
32	18	False	True	True	True	20.0	0.1168719	narrow
32	18	False	True	True	True	21.0	0.16907579	narrow
32	18	False	True	True	True	22.0	0.23867626	narrow
32	18	False	True	True	True	23.0	0.3240268	narrow
32	18	False	True	True	True	24.0	0.42020375	narrow
32	18	False	True	True	True	25.0	0.51935464	narrow
32	18	False	True	True	True	10.0	11.150228	wide
32	18	False	True	True	True	11.0	3.858794	wide
32	18	False	True	True	True	12.0	1.8395733	wide
32	18	False	True	True	True	13.0	0.6486786	wide
32	18	False	True	True	True	14.0	0.2916978	wide
32	18	False	True	True	True	15.0	0.15105891	wide
32	18	False	True	True	True	16.0	0.082921535	wide
32	18	False	True	True	True	17.0	0.047549292	wide
32	18	False	True	True	True	18.0	0.02903616	wide
32	18	False	True	True	True	19.0	0.019643487	wide
32	18	False	True	True	True	20.0	0.0152003	wide
32	18	False	True	True	True	21.0	0.013434811	wide
32	18	False	True	True	True	22.0	0.01315809	wide
32	18	False	True	True	True	23.0	0.013795824	wide
32	18	False	True	True	True	24.0	0.015114864	wide
32	18	False	True	True	True	25.0	0.017067254	wide
32	18	False	True	True	True	26.0	0.019701935	wide
32	18	False	True	True	True	27.0	0.023113174	wide
32	18	False	True	True	True	28.0	0.027407533	wide
32	18	False	True	True	True	29.0	0.032680985	wide
32	18	False	True	True	True	30.0	0.039001804	wide
32	18	False	True	True	True	31.0	0.046397053	wide
32	18	False	True	True	True	32.0	0.05484416	wide
32	18	False	True	True	True	33.0	0.0642656	wide
32	18	False	True	True	True	34.0	0.07452849	wide
32	18	False	True	True	True	35.0	0.08544856	wide
32	18	False	True	True	True	36.0	0.09679677	wide
32	18	False	True	True	True	37.0	0.108310536	wide
32	18	False	True	True	True	38.0	0.11970544	wide
32	18	False	True	True	True	39.0	0.13068967	wide
32	18	False	True	True	True	40.0	0.14097697	wide
33	15	False	True	True	False	10.0	223.47826	narrow
33	15	False	True	True	False	11.0	1.0416282	narrow
33	15	False	True	True	False	12.0	0.061009105	narrow
33	15	False	True	True	False	13.0	0.09038745	narrow
33	15	False	True	True	False	14.0	0.12773907	narrow
33	15	False	True	True	False	15.0	0.11563982	narrow
33	15	False	True	True	False	16.0	0.09152825	narrow
33	15	False	True	True	False	17.0	0.070919156	narrow
33	15	False	True	True	False	18.0	0.053683408	narrow
33	15	False	True	True	False	19.0	0.039541	narrow
33	15	False	True	True	False	20.0	0.02880821	narrow
33	15	False	True	True	False	21.0	0.02129991	narrow
33	15	False	True	True	False	22.0	0.016354783	narrow
33	15	False	True	True	False	23.0	0.013190155	narrow
33	15	False	True	True	False	24.0	0.011143031	narrow
33	15	False	True	True	False	25.0	0.009751115	narrow
33	15	False	True	True	False	10.0	34.93078	wide
33	15	False	True	True	False	11.0	180.2922	wide
33	15	False	True	True	False	12.0	0.25589672	wide
33	15	False	True	True	False	13.0	0.18652356	wide
33	15	False	True	True	False	14.0	0.09026433	wide
33	15	False	True	True	False	15.0	0.15551817	wide
33	15	False	True	True	False	16.0	0.19325235	wide
33	15	False	True	True	False	17.0	0.14597596	wide
33	15	False	True	True	False	18.0	0.099401824	wide
33	15	False	True	True	False	19.0	0.06711965	wide
33	15	False	True	True	False	20.0	0.04372739	wide
33	15	False	True	True	False	21.0	0.027619826	wide
33	15	False	True	True	False	22.0	0.01757435	wide
33	15	False	True	True	False	23.0	0.011949858	wide
33	15	False	True	True	False	24.0	0.009136109	wide
33	15	False	True	True	False	25.0	0.007834262	wide
33	15	False	True	True	False	26.0	0.007164555	wide
33	15	False	True	True	False	27.0	0.0066732224	wide
33	15	False	True	True	False	28.0	0.0062467954	wide
33	15	False	True	True	False	29.0	0.005959332	wide
33	15	False	True	True	False	30.0	0.005914842	wide
33	15	False	True	True	False	31.0	0.006145807	wide
33	15	False	True	True	False	32.0	0.006590102	wide
33	15	False	True	True	False	33.0	0.0071260417	wide
33	15	False	True	True	False	34.0	0.007626597	wide
33	15	False	True	True	False	35.0	0.008000692	wide
33	15	False	True	True	False	36.0	0.008208574	wide
33	15	False	True	True	False	37.0	0.008255133	wide
33	15	False	True	True	False	38.0	0.008172202	wide
33	15	False	True	True	False	39.0	0.008000412	wide
33	15	False	True	True	False	40.0	0.0077764383	wide
33	15	False	True	True	True	10.0	222.80843	narrow
33	15	False	True	True	True	11.0	1.0240647	narrow
33	15	False	True	True	True	12.0	0.06531378	narrow
33	15	False	True	True	True	13.0	0.10060316	narrow
33	15	False	True	True	True	14.0	0.1431252	narrow
33	15	False	True	True	True	15.0	0.1312723	narrow
33	15	False	True	True	True	16.0	0.10532712	narrow
33	15	False	True	True	True	17.0	0.082404986	narrow
33	15	False	True	True	True	18.0	0.062788494	narrow
33	15	False	True	True	True	19.0	0.046454955	narrow
33	15	False	True	True	True	20.0	0.03388552	narrow
33	15	False	True	True	True	21.0	0.024939267	narrow
33	15	False	True	True	True	22.0	0.018923327	narrow
33	15	False	True	True	True	23.0	0.014993229	narrow
33	15	False	True	True	True	24.0	0.012418684	narrow
33	15	False	True	True	True	25.0	0.010675415	narrow
33	15	False	True	True	True	10.0	34.597473	wide
33	15	False	True	True	True	11.0	174.49258	wide
33	15	False	True	True	True	12.0	0.28016153	wide
33	15	False	True	True	True	13.0	0.19969904	wide
33	15	False	True	True	True	14.0	0.09651888	wide
33	15	False	True	True	True	15.0	0.17106804	wide
33	15	False	True	True	True	16.0	0.21523088	wide
33	15	False	True	True	True	17.0	0.16514297	wide
33	15	False	True	True	True	18.0	0.113820165	wide
33	15	False	True	True	True	19.0	0.077166215	wide
33	15	False	True	True	True	20.0	0.050227117	wide
33	15	False	True	True	True	21.0	0.03159321	wide
33	15	False	True	True	True	22.0	0.019932467	wide
33	15	False	True	True	True	23.0	0.01335688	wide
33	15	False	True	True	True	24.0	0.010027586	wide
33	15	False	True	True	True	25.0	0.008483967	wide
33	15	False	True	True	True	26.0	0.007740834	wide
33	15	False	True	True	True	27.0	0.0072714887	wide
33	15	False	True	True	True	28.0	0.0069066025	wide
33	15	False	True	True	True	29.0	0.00667797	wide
33	15	False	True	True	True	30.0	0.0066634836	wide
33	15	False	True	True	True	31.0	0.0068871016	wide
33	15	False	True	True	True	32.0	0.007292726	wide
33	15	False	True	True	True	33.0	0.007772711	wide
33	15	False	True	True	True	34.0	0.008215056	wide
33	15	False	True	True	True	35.0	0.008539792	wide
33	15	False	True	True	True	36.0	0.008712495	wide
33	15	False	True	True	True	37.0	0.008738192	wide
33	15	False	True	True	True	38.0	0.008645515	wide
33	15	False	True	True	True	39.0	0.008470565	wide
33	15	False	True	True	True	40.0	0.008245648	wide
33	15	False	True	True	True	10.0	225.32413	narrow
33	15	False	True	True	True	11.0	1.066573	narrow
33	15	False	True	True	True	12.0	0.058477007	narrow
33	15	False	True	True	True	13.0	0.08298189	narrow
33	15	False	True	True	True	14.0	0.1164476	narrow
33	15	False	True	True	True	15.0	0.10445351	narrow
33	15	False	True	True	True	16.0	0.081871405	narrow
33	15	False	True	True	True	17.0	0.06294658	narrow
33	15	False	True	True	True	18.0	0.04735706	narrow
33	15	False	True	True	True	19.0	0.034717448	narrow
33	15	False	True	True	True	20.0	0.025257621	narrow
33	15	False	True	True	True	21.0	0.018764775	narrow
33	15	False	True	True	True	22.0	0.014591233	narrow
33	15	False	True	True	True	23.0	0.011986565	narrow
33	15	False	True	True	True	24.0	0.0103268735	narrow
33	15	False	True	True	True	25.0	0.009189928	narrow
33	15	False	True	True	True	10.0	35.439323	wide
33	15	False	True	True	True	11.0	186.53891	wide
33	15	False	True	True	True	12.0	0.23809446	wide
33	15	False	True	True	True	13.0	0.17627065	wide
33	15	False	True	True	True	14.0	0.086198725	wide
33	15	False	True	True	True	15.0	0.1443697	wide
33	15	False	True	True	True	16.0	0.17716895	wide
33	15	False	True	True	True	17.0	0.13228129	wide
33	15	False	True	True	True	18.0	0.08926045	wide
33	15	False	True	True	True	19.0	0.060066823	wide
33	15	False	True	True	True	20.0	0.03915678	wide
33	15	False	True	True	True	21.0	0.024831459	wide
33	15	False	True	True	True	22.0	0.015945157	wide
33	15	False	True	True	True	23.0	0.011022379	wide
33	15	False	True	True	True	24.0	0.008602619	wide
33	15	False	True	True	True	25.0	0.0074895583	wide
33	15	False	True	True	True	26.0	0.006870762	wide
33	15	False	True	True	True	27.0	0.006344906	wide
33	15	False	True	True	True	28.0	0.005846447	wide
33	15	False	True	True	True	29.0	0.0054908833	wide
33	15	False	True	True	True	30.0	0.00540994	wide
33	15	False	True	True	True	31.0	0.0056456774	wide
33	15	False	True	True	True	32.0	0.00612941	wide
33	15	False	True	True	True	33.0	0.0067237117	wide
33	15	False	True	True	True	34.0	0.007284576	wide
33	15	False	True	True	True	35.0	0.0077083902	wide
33	15	False	True	True	True	36.0	0.007949467	wide
33	15	False	True	True	True	37.0	0.0080126785	wide
33	15	False	True	True	True	38.0	0.007933568	wide
33	15	False	True	True	True	39.0	0.0077579115	wide
33	15	False	True	True	True	40.0	0.007527235	wide
33	18	False	True	True	False	10.0	213.11424	narrow
33	18	False	True	True	False	11.0	1.2757612	narrow
33	18	False	True	True	False	12.0	0.050343707	narrow
33	18	False	True	True	False	13.0	0.10578027	narrow
33	18	False	True	True	False	14.0	0.11801062	narrow
33	18	False	True	True	False	15.0	0.09333143	narrow
33	18	False	True	True	False	16.0	0.07213921	narrow
33	18	False	True	True	False	17.0	0.056192447	narrow
33	18	False	True	True	False	18.0	0.042732764	narrow
33	18	False	True	True	False	19.0	0.031841807	narrow
33	18	False	True	True	False	20.0	0.02373282	narrow
33	18	False	True	True	False	21.0	0.018020924	narrow
33	18	False	True	True	False	22.0	0.014062541	narrow
33	18	False	True	True	False	23.0	0.011270141	narrow
33	18	False	True	True	False	24.0	0.009226963	narrow
33	18	False	True	True	False	25.0	0.0076774554	narrow
33	18	False	True	True	False	10.0	34.78323	wide
33	18	False	True	True	False	11.0	126.26199	wide
33	18	False	True	True	False	12.0	0.18022591	wide
33	18	False	True	True	False	13.0	0.1582465	wide
33	18	False	True	True	False	14.0	0.06680141	wide
33	18	False	True	True	False	15.0	0.1237986	wide
33	18	False	True	True	False	16.0	0.16411963	wide
33	18	False	True	True	False	17.0	0.11923913	wide
33	18	False	True	True	False	18.0	0.07897475	wide
33	18	False	True	True	False	19.0	0.053933993	wide
33	18	False	True	True	False	20.0	0.03601241	wide
33	18	False	True	True	False	21.0	0.023297984	wide
33	18	False	True	True	False	22.0	0.015019034	wide
33	18	False	True	True	False	23.0	0.0100904545	wide
33	18	False	True	True	False	24.0	0.007391766	wide
33	18	False	True	True	False	25.0	0.005987437	wide
33	18	False	True	True	False	26.0	0.0052037784	wide
33	18	False	True	True	False	27.0	0.0046410547	wide
33	18	False	True	True	False	28.0	0.0041399924	wide
33	18	False	True	True	False	29.0	0.0037069696	wide
33	18	False	True	True	False	30.0	0.00341911	wide
33	18	False	True	True	False	31.0	0.0033420303	wide
33	18	False	True	True	False	32.0	0.0034848468	wide
33	18	False	True	True	False	33.0	0.003796525	wide
33	18	False	True	True	False	34.0	0.004190088	wide
33	18	False	True	True	False	35.0	0.0045749084	wide
33	18	False	True	True	False	36.0	0.004881575	wide
33	18	False	True	True	False	37.0	0.0050729592	wide
33	18	False	True	True	False	38.0	0.0051426096	wide
33	18	False	True	True	False	39.0	0.0051058168	wide
33	18	False	True	True	False	40.0	0.0049887244	wide
33	18	False	True	True	True	10.0	211.377	narrow
33	18	False	True	True	True	11.0	1.2540071	narrow
33	18	False	True	True	True	12.0	0.05537539	narrow
33	18	False	True	True	True	13.0	0.11852576	narrow
33	18	False	True	True	True	14.0	0.13331269	narrow
33	18	False	True	True	True	15.0	0.10723441	narrow
33	18	False	True	True	True	16.0	0.084045805	narrow
33	18	False	True	True	True	17.0	0.06599642	narrow
33	18	False	True	True	True	18.0	0.050418004	narrow
33	18	False	True	True	True	19.0	0.03760463	narrow
33	18	False	True	True	True	20.0	0.02790686	narrow
33	18	False	True	True	True	21.0	0.02096899	narrow
33	18	False	True	True	True	22.0	0.01611208	narrow
33	18	False	True	True	True	23.0	0.01268696	narrow
33	18	False	True	True	True	24.0	0.010211493	narrow
33	18	False	True	True	True	25.0	0.008372367	narrow
33	18	False	True	True	True	10.0	34.348972	wide
33	18	False	True	True	True	11.0	123.29686	wide
33	18	False	True	True	True	12.0	0.19811802	wide
33	18	False	True	True	True	13.0	0.17060027	wide
33	18	False	True	True	True	14.0	0.07355721	wide
33	18	False	True	True	True	15.0	0.1386502	wide
33	18	False	True	True	True	16.0	0.18454145	wide
33	18	False	True	True	True	17.0	0.1363607	wide
33	18	False	True	True	True	18.0	0.09170496	wide
33	18	False	True	True	True	19.0	0.06296667	wide
33	18	False	True	True	True	20.0	0.042034276	wide
33	18	False	True	True	True	21.0	0.02709259	wide
33	18	False	True	True	True	22.0	0.017311355	wide
33	18	False	True	True	True	23.0	0.011431941	wide
33	18	False	True	True	True	24.0	0.008158857	wide
33	18	False	True	True	True	25.0	0.006426876	wide
33	18	False	True	True	True	26.0	0.0054776855	wide
33	18	False	True	True	True	27.0	0.0048559047	wide
33	18	False	True	True	True	28.0	0.0043611685	wide
33	18	False	True	True	True	29.0	0.0039664954	wide
33	18	False	True	True	True	30.0	0.003722894	wide
33	18	False	True	True	True	31.0	0.0036789668	wide
33	18	False	True	True	True	32.0	0.0038366644	wide
33	18	False	True	True	True	33.0	0.0041460153	wide
33	18	False	True	True	True	34.0	0.0045259953	wide
33	18	False	True	True	True	35.0	0.0048932172	wide
33	18	False	True	True	True	36.0	0.005184141	wide
33	18	False	True	True	True	37.0	0.0053649186	wide
33	18	False	True	True	True	38.0	0.005429797	wide
33	18	False	True	True	True	39.0	0.0053929286	wide
33	18	False	True	True	True	40.0	0.0052784244	wide
33	18	False	True	True	True	10.0	215.88002	narrow
33	18	False	True	True	True	11.0	1.3040196	narrow
33	18	False	True	True	True	12.0	0.04724067	narrow
33	18	False	True	True	True	13.0	0.09640364	narrow
33	18	False	True	True	True	14.0	0.10691483	narrow
33	18	False	True	True	True	15.0	0.083557926	narrow
33	18	False	True	True	True	16.0	0.0638883	narrow
33	18	False	True	True	True	17.0	0.049395453	narrow
33	18	False	True	True	True	18.0	0.037380043	narrow
33	18	False	True	True	True	19.0	0.027818687	narrow
33	18	False	True	True	True	20.0	0.020830631	narrow
33	18	False	True	True	True	21.0	0.015998565	narrow
33	18	False	True	True	True	22.0	0.0126909055	narrow
33	18	False	True	True	True	23.0	0.010355456	narrow
33	18	False	True	True	True	24.0	0.008619059	narrow
33	18	False	True	True	True	25.0	0.007268241	narrow
33	18	False	True	True	True	10.0	35.41542	wide
33	18	False	True	True	True	11.0	129.42978	wide
33	18	False	True	True	True	12.0	0.16682498	wide
33	18	False	True	True	True	13.0	0.14831196	wide
33	18	False	True	True	True	14.0	0.062077172	wide
33	18	False	True	True	True	15.0	0.113044545	wide
33	18	False	True	True	True	16.0	0.14910899	wide
33	18	False	True	True	True	17.0	0.106983945	wide
33	18	False	True	True	True	18.0	0.07002783	wide
33	18	False	True	True	True	19.0	0.04759918	wide
33	18	False	True	True	True	20.0	0.031776194	wide
33	18	False	True	True	True	21.0	0.020624144	wide
33	18	False	True	True	True	22.0	0.013414204	wide
33	18	False	True	True	True	23.0	0.009177594	wide
33	18	False	True	True	True	24.0	0.006909056	wide
33	18	False	True	True	True	25.0	0.005755729	wide
33	18	False	True	True	True	26.0	0.0050966917	wide
33	18	False	True	True	True	27.0	0.0045690183	wide
33	18	False	True	True	True	28.0	0.004045365	wide
33	18	False	True	True	True	29.0	0.0035624835	wide
33	18	False	True	True	True	30.0	0.0032235798	wide
33	18	False	True	True	True	31.0	0.0031118065	wide
33	18	False	True	True	True	32.0	0.0032431823	wide
33	18	False	True	True	True	33.0	0.0035643012	wide
33	18	False	True	True	True	34.0	0.0039802766	wide
33	18	False	True	True	True	35.0	0.004391261	wide
33	18	False	True	True	True	36.0	0.004720461	wide
33	18	False	True	True	True	37.0	0.0049266475	wide
33	18	False	True	True	True	38.0	0.005002501	wide
33	18	False	True	True	True	39.0	0.0049647465	wide
33	18	False	True	True	True	40.0	0.00484209	wide
34	15	False	True	True	False	10.0	1.3107209	narrow
34	15	False	True	True	False	11.0	0.5814773	narrow
34	15	False	True	True	False	12.0	0.41669434	narrow
34	15	False	True	True	False	13.0	0.26218596	narrow
34	15	False	True	True	False	14.0	0.16613409	narrow
34	15	False	True	True	False	15.0	0.15552174	narrow
34	15	False	True	True	False	16.0	0.15569147	narrow
34	15	False	True	True	False	17.0	0.14383078	narrow
34	15	False	True	True	False	18.0	0.12625113	narrow
34	15	False	True	True	False	19.0	0.11083561	narrow
34	15	False	True	True	False	20.0	0.100356445	narrow
34	15	False	True	True	False	21.0	0.094075404	narrow
34	15	False	True	True	False	22.0	0.09021195	narrow
34	15	False	True	True	False	23.0	0.08725991	narrow
34	15	False	True	True	False	24.0	0.084327236	narrow
34	15	False	True	True	False	25.0	0.08103433	narrow
34	15	False	True	True	False	10.0	1.855182	wide
34	15	False	True	True	False	11.0	1.0661594	wide
34	15	False	True	True	False	12.0	0.601829	wide
34	15	False	True	True	False	13.0	0.40281853	wide
34	15	False	True	True	False	14.0	0.2734462	wide
34	15	False	True	True	False	15.0	0.16505244	wide
34	15	False	True	True	False	16.0	0.09960827	wide
34	15	False	True	True	False	17.0	0.07230261	wide
34	15	False	True	True	False	18.0	0.0646946	wide
34	15	False	True	True	False	19.0	0.0635348	wide
34	15	False	True	True	False	20.0	0.062637396	wide
34	15	False	True	True	False	21.0	0.06007146	wide
34	15	False	True	True	False	22.0	0.055888444	wide
34	15	False	True	True	False	23.0	0.05081701	wide
34	15	False	True	True	False	24.0	0.045615062	wide
34	15	False	True	True	False	25.0	0.040819556	wide
34	15	False	True	True	False	26.0	0.036710266	wide
34	15	False	True	True	False	27.0	0.033364285	wide
34	15	False	True	True	False	28.0	0.03073133	wide
34	15	False	True	True	False	29.0	0.02869791	wide
34	15	False	True	True	False	30.0	0.027131654	wide
34	15	False	True	True	False	31.0	0.025906997	wide
34	15	False	True	True	False	32.0	0.024917642	wide
34	15	False	True	True	False	33.0	0.024080284	wide
34	15	False	True	True	False	34.0	0.023333678	wide
34	15	False	True	True	False	35.0	0.022635475	wide
34	15	False	True	True	False	36.0	0.021958265	wide
34	15	False	True	True	False	37.0	0.021285886	wide
34	15	False	True	True	False	38.0	0.020610144	wide
34	15	False	True	True	False	39.0	0.019928193	wide
34	15	False	True	True	False	40.0	0.01924059	wide
34	15	False	True	True	True	10.0	1.2197706	narrow
34	15	False	True	True	True	11.0	0.5536251	narrow
34	15	False	True	True	True	12.0	0.37667674	narrow
34	15	False	True	True	True	13.0	0.23394977	narrow
34	15	False	True	True	True	14.0	0.15768947	narrow
34	15	False	True	True	True	15.0	0.15624665	narrow
34	15	False	True	True	True	16.0	0.15938677	narrow
34	15	False	True	True	True	17.0	0.14778759	narrow
34	15	False	True	True	True	18.0	0.12936448	narrow
34	15	False	True	True	True	19.0	0.112832725	narrow
34	15	False	True	True	True	20.0	0.10133088	narrow
34	15	False	True	True	True	21.0	0.09422696	narrow
34	15	False	True	True	True	22.0	0.08973887	narrow
34	15	False	True	True	True	23.0	0.08632796	narrow
34	15	False	True	True	True	24.0	0.08306736	narrow
34	15	False	True	True	True	25.0	0.079547696	narrow
34	15	False	True	True	True	10.0	1.701369	wide
34	15	False	True	True	True	11.0	0.9891311	wide
34	15	False	True	True	True	12.0	0.56423134	wide
34	15	False	True	True	True	13.0	0.37283453	wide
34	15	False	True	True	True	14.0	0.24901167	wide
34	15	False	True	True	True	15.0	0.14999604	wide
34	15	False	True	True	True	16.0	0.092030406	wide
34	15	False	True	True	True	17.0	0.06895972	wide
34	15	False	True	True	True	18.0	0.06359899	wide
34	15	False	True	True	True	19.0	0.063691944	wide
34	15	False	True	True	True	20.0	0.063483916	wide
34	15	False	True	True	True	21.0	0.06123326	wide
34	15	False	True	True	True	22.0	0.05711363	wide
34	15	False	True	True	True	23.0	0.05195194	wide
34	15	False	True	True	True	24.0	0.04658157	wide
34	15	False	True	True	True	25.0	0.041590612	wide
34	15	False	True	True	True	26.0	0.03728874	wide
34	15	False	True	True	True	27.0	0.033767626	wide
34	15	False	True	True	True	28.0	0.030982092	wide
34	15	False	True	True	True	29.0	0.028818777	wide
34	15	False	True	True	True	30.0	0.027143255	wide
34	15	False	True	True	True	31.0	0.025827296	wide
34	15	False	True	True	True	32.0	0.024762012	wide
34	15	False	True	True	True	33.0	0.023861835	wide
34	15	False	True	True	True	34.0	0.023063602	wide
34	15	False	True	True	True	35.0	0.022323363	wide
34	15	False	True	True	True	36.0	0.02161235	wide
34	15	False	True	True	True	37.0	0.020913245	wide
34	15	False	True	True	True	38.0	0.020216849	wide
34	15	False	True	True	True	39.0	0.019519424	wide
34	15	False	True	True	True	40.0	0.018820785	wide
34	15	False	True	True	True	10.0	1.4522439	narrow
34	15	False	True	True	True	11.0	0.62517583	narrow
34	15	False	True	True	True	12.0	0.47733724	narrow
34	15	False	True	True	True	13.0	0.3050321	narrow
34	15	False	True	True	True	14.0	0.18034086	narrow
34	15	False	True	True	True	15.0	0.15738076	narrow
34	15	False	True	True	True	16.0	0.1538125	narrow
34	15	False	True	True	True	17.0	0.14138027	narrow
34	15	False	True	True	True	18.0	0.124394454	narrow
34	15	False	True	True	True	19.0	0.10989214	narrow
34	15	False	True	True	True	20.0	0.100292124	narrow
34	15	False	True	True	True	21.0	0.09474231	narrow
34	15	False	True	True	True	22.0	0.09144728	narrow
34	15	False	True	True	True	23.0	0.088918224	narrow
34	15	False	True	True	True	24.0	0.0862877	narrow
34	15	False	True	True	True	25.0	0.0831997	narrow
34	15	False	True	True	True	10.0	2.088636	wide
34	15	False	True	True	True	11.0	1.182819	wide
34	15	False	True	True	True	12.0	0.6590489	wide
34	15	False	True	True	True	13.0	0.44843432	wide
34	15	False	True	True	True	14.0	0.3104316	wide
34	15	False	True	True	True	15.0	0.18773189	wide
34	15	False	True	True	True	16.0	0.111048274	wide
34	15	False	True	True	True	17.0	0.07761563	wide
34	15	False	True	True	True	18.0	0.066992074	wide
34	15	False	True	True	True	19.0	0.064284764	wide
34	15	False	True	True	True	20.0	0.062565595	wide
34	15	False	True	True	True	21.0	0.05959766	wide
34	15	False	True	True	True	22.0	0.055274375	wide
34	15	False	True	True	True	23.0	0.05021959	wide
34	15	False	True	True	True	24.0	0.045117665	wide
34	15	False	True	True	True	25.0	0.04045725	wide
34	15	False	True	True	True	26.0	0.03648972	wide
34	15	False	True	True	True	27.0	0.03327768	wide
34	15	False	True	True	True	28.0	0.030764759	wide
34	15	False	True	True	True	29.0	0.028835956	wide
34	15	False	True	True	True	30.0	0.027359437	wide
34	15	False	True	True	True	31.0	0.026210941	wide
34	15	False	True	True	True	32.0	0.025285603	wide
34	15	False	True	True	True	33.0	0.024501482	wide
34	15	False	True	True	True	34.0	0.023798559	wide
34	15	False	True	True	True	35.0	0.023135578	wide
34	15	False	True	True	True	36.0	0.022486126	wide
34	15	False	True	True	True	37.0	0.02183495	wide
34	15	False	True	True	True	38.0	0.021174682	wide
34	15	False	True	True	True	39.0	0.020503238	wide
34	15	False	True	True	True	40.0	0.019821862	wide
34	18	False	True	True	False	10.0	1.6247602	narrow
34	18	False	True	True	False	11.0	0.7262186	narrow
34	18	False	True	True	False	12.0	0.5548817	narrow
34	18	False	True	True	False	13.0	0.3756451	narrow
34	18	False	True	True	False	14.0	0.15580139	narrow
34	18	False	True	True	False	15.0	0.12890568	narrow
34	18	False	True	True	False	16.0	0.14979017	narrow
34	18	False	True	True	False	17.0	0.1529775	narrow
34	18	False	True	True	False	18.0	0.13974854	narrow
34	18	False	True	True	False	19.0	0.12238483	narrow
34	18	False	True	True	False	20.0	0.107604004	narrow
34	18	False	True	True	False	21.0	0.09675497	narrow
34	18	False	True	True	False	22.0	0.088996135	narrow
34	18	False	True	True	False	23.0	0.08318706	narrow
34	18	False	True	True	False	24.0	0.07850403	narrow
34	18	False	True	True	False	25.0	0.07449506	narrow
34	18	False	True	True	False	10.0	1.7587095	wide
34	18	False	True	True	False	11.0	1.02249	wide
34	18	False	True	True	False	12.0	0.5647594	wide
34	18	False	True	True	False	13.0	0.40182707	wide
34	18	False	True	True	False	14.0	0.28985143	wide
34	18	False	True	True	False	15.0	0.16495672	wide
34	18	False	True	True	False	16.0	0.08655761	wide
34	18	False	True	True	False	17.0	0.058233343	wide
34	18	False	True	True	False	18.0	0.053763077	wide
34	18	False	True	True	False	19.0	0.055289183	wide
34	18	False	True	True	False	20.0	0.055868376	wide
34	18	False	True	True	False	21.0	0.05407857	wide
34	18	False	True	True	False	22.0	0.05051314	wide
34	18	False	True	True	False	23.0	0.046158705	wide
34	18	False	True	True	False	24.0	0.04178663	wide
34	18	False	True	True	False	25.0	0.0378313	wide
34	18	False	True	True	False	26.0	0.03445853	wide
34	18	False	True	True	False	27.0	0.031672824	wide
34	18	False	True	True	False	28.0	0.029403811	wide
34	18	False	True	True	False	29.0	0.02755963	wide
34	18	False	True	True	False	30.0	0.026053712	wide
34	18	False	True	True	False	31.0	0.024814576	wide
34	18	False	True	True	False	32.0	0.023786819	wide
34	18	False	True	True	False	33.0	0.022928167	wide
34	18	False	True	True	False	34.0	0.022205483	wide
34	18	False	True	True	False	35.0	0.021591064	wide
34	18	False	True	True	False	36.0	0.021059824	wide
34	18	False	True	True	False	37.0	0.020587679	wide
34	18	False	True	True	False	38.0	0.020150833	wide
34	18	False	True	True	False	39.0	0.019726	wide
34	18	False	True	True	False	40.0	0.01929127	wide
34	18	False	True	True	True	10.0	1.4850153	narrow
34	18	False	True	True	True	11.0	0.6933357	narrow
34	18	False	True	True	True	12.0	0.50312084	narrow
34	18	False	True	True	True	13.0	0.32495856	narrow
34	18	False	True	True	True	14.0	0.14152028	narrow
34	18	False	True	True	True	15.0	0.12958008	narrow
34	18	False	True	True	True	16.0	0.15487988	narrow
34	18	False	True	True	True	17.0	0.15853928	narrow
34	18	False	True	True	True	18.0	0.14411433	narrow
34	18	False	True	True	True	19.0	0.12523249	narrow
34	18	False	True	True	True	20.0	0.10919374	narrow
34	18	False	True	True	True	21.0	0.09744524	narrow
34	18	False	True	True	True	22.0	0.08907296	narrow
34	18	False	True	True	True	23.0	0.082848065	narrow
34	18	False	True	True	True	24.0	0.07788366	narrow
34	18	False	True	True	True	25.0	0.07368904	narrow
34	18	False	True	True	True	10.0	1.6014609	wide
34	18	False	True	True	True	11.0	0.94253814	wide
34	18	False	True	True	True	12.0	0.52949643	wide
34	18	False	True	True	True	13.0	0.36832944	wide
34	18	False	True	True	True	14.0	0.25795504	wide
34	18	False	True	True	True	15.0	0.14600204	wide
34	18	False	True	True	True	16.0	0.07868638	wide
34	18	False	True	True	True	17.0	0.05600366	wide
34	18	False	True	True	True	18.0	0.05407847	wide
34	18	False	True	True	True	19.0	0.056774165	wide
34	18	False	True	True	True	20.0	0.05781098	wide
34	18	False	True	True	True	21.0	0.056056008	wide
34	18	False	True	True	True	22.0	0.05229071	wide
34	18	False	True	True	True	23.0	0.04763579	wide
34	18	False	True	True	True	24.0	0.04294739	wide
34	18	False	True	True	True	25.0	0.038704015	wide
34	18	False	True	True	True	26.0	0.03508829	wide
34	18	False	True	True	True	27.0	0.032106265	wide
34	18	False	True	True	True	28.0	0.029682383	wide
34	18	False	True	True	True	29.0	0.027717622	wide
34	18	False	True	True	True	30.0	0.02611861	wide
34	18	False	True	True	True	31.0	0.024808174	wide
34	18	False	True	True	True	32.0	0.023726467	wide
34	18	False	True	True	True	33.0	0.022827784	wide
34	18	False	True	True	True	34.0	0.022076296	wide
34	18	False	True	True	True	35.0	0.021442156	wide
34	18	False	True	True	True	36.0	0.020898482	wide
34	18	False	True	True	True	37.0	0.020419613	wide
34	18	False	True	True	True	38.0	0.019980334	wide
34	18	False	True	True	True	39.0	0.019556103	wide
34	18	False	True	True	True	40.0	0.019123843	wide
34	18	False	True	True	True	10.0	1.8489246	narrow
34	18	False	True	True	True	11.0	0.78338575	narrow
34	18	False	True	True	True	12.0	0.6394686	narrow
34	18	False	True	True	True	13.0	0.45688984	narrow
34	18	False	True	True	True	14.0	0.17921805	narrow
34	18	False	True	True	True	15.0	0.13098316	narrow
34	18	False	True	True	True	16.0	0.14665058	narrow
34	18	False	True	True	True	17.0	0.14916119	narrow
34	18	False	True	True	True	18.0	0.13686049	narrow
34	18	False	True	True	True	19.0	0.12074837	narrow
34	18	False	True	True	True	20.0	0.10702015	narrow
34	18	False	True	True	True	21.0	0.0969285	narrow
34	18	False	True	True	True	22.0	0.08968562	narrow
34	18	False	True	True	True	23.0	0.08422175	narrow
34	18	False	True	True	True	24.0	0.079764895	narrow
34	18	False	True	True	True	25.0	0.07589526	narrow
34	18	False	True	True	True	10.0	1.9977607	wide
34	18	False	True	True	True	11.0	1.1460801	wide
34	18	False	True	True	True	12.0	0.6195175	wide
34	18	False	True	True	True	13.0	0.4544756	wide
34	18	False	True	True	True	14.0	0.34028736	wide
34	18	False	True	True	True	15.0	0.19474402	wide
34	18	False	True	True	True	16.0	0.09894107	wide
34	18	False	True	True	True	17.0	0.062254097	wide
34	18	False	True	True	True	18.0	0.054406844	wide
34	18	False	True	True	True	19.0	0.054546155	wide
34	18	False	True	True	True	20.0	0.054593485	wide
34	18	False	True	True	True	21.0	0.052710056	wide
34	18	False	True	True	True	22.0	0.049279522	wide
34	18	False	True	True	True	23.0	0.045158733	wide
34	18	False	True	True	True	24.0	0.04104114	wide
34	18	False	True	True	True	25.0	0.03732081	wide
34	18	False	True	True	True	26.0	0.034147605	wide
34	18	False	True	True	True	27.0	0.03152354	wide
34	18	False	True	True	True	28.0	0.02938189	wide
34	18	False	True	True	True	29.0	0.027636318	wide
34	18	False	True	True	True	30.0	0.026205707	wide
34	18	False	True	True	True	31.0	0.02502317	wide
34	18	False	True	True	True	32.0	0.024036976	wide
34	18	False	True	True	True	33.0	0.023207711	wide
34	18	False	True	True	True	34.0	0.022504497	wide
34	18	False	True	True	True	35.0	0.021901483	wide
34	18	False	True	True	True	36.0	0.021375168	wide
34	18	False	True	True	True	37.0	0.020902868	wide
34	18	False	True	True	True	38.0	0.020462068	wide
34	18	False	True	True	True	39.0	0.02003067	wide
34	18	False	True	True	True	40.0	0.019587787	wide
35	15	False	True	True	False	10.0	4.8644066	narrow
35	15	False	True	True	False	11.0	1.9116096	narrow
35	15	False	True	True	False	12.0	1.1383069	narrow
35	15	False	True	True	False	13.0	0.5050428	narrow
35	15	False	True	True	False	14.0	0.29601526	narrow
35	15	False	True	True	False	15.0	0.19552217	narrow
35	15	False	True	True	False	16.0	0.13361746	narrow
35	15	False	True	True	False	17.0	0.09331665	narrow
35	15	False	True	True	False	18.0	0.06697646	narrow
35	15	False	True	True	False	19.0	0.04984583	narrow
35	15	False	True	True	False	20.0	0.03870977	narrow
35	15	False	True	True	False	21.0	0.031428408	narrow
35	15	False	True	True	False	22.0	0.026613573	narrow
35	15	False	True	True	False	23.0	0.023374872	narrow
35	15	False	True	True	False	24.0	0.02114089	narrow
35	15	False	True	True	False	25.0	0.019543115	narrow
35	15	False	True	True	False	10.0	1.7238455	wide
35	15	False	True	True	False	11.0	1.3081105	wide
35	15	False	True	True	False	12.0	0.74652904	wide
35	15	False	True	True	False	13.0	0.45988938	wide
35	15	False	True	True	False	14.0	0.22193485	wide
35	15	False	True	True	False	15.0	0.16808592	wide
35	15	False	True	True	False	16.0	0.12071347	wide
35	15	False	True	True	False	17.0	0.08181458	wide
35	15	False	True	True	False	18.0	0.055561315	wide
35	15	False	True	True	False	19.0	0.040193964	wide
35	15	False	True	True	False	20.0	0.0319129	wide
35	15	False	True	True	False	21.0	0.02762735	wide
35	15	False	True	True	False	22.0	0.02542523	wide
35	15	False	True	True	False	23.0	0.024241313	wide
35	15	False	True	True	False	24.0	0.02350374	wide
35	15	False	True	True	False	25.0	0.022914078	wide
35	15	False	True	True	False	26.0	0.022328021	wide
35	15	False	True	True	False	27.0	0.021689985	wide
35	15	False	True	True	False	28.0	0.020994179	wide
35	15	False	True	True	False	29.0	0.020259684	wide
35	15	False	True	True	False	30.0	0.019514186	wide
35	15	False	True	True	False	31.0	0.018783832	wide
35	15	False	True	True	False	32.0	0.018088022	wide
35	15	False	True	True	False	33.0	0.017437551	wide
35	15	False	True	True	False	34.0	0.01683511	wide
35	15	False	True	True	False	35.0	0.016277097	wide
35	15	False	True	True	False	36.0	0.015755832	wide
35	15	False	True	True	False	37.0	0.015261793	wide
35	15	False	True	True	False	38.0	0.014785367	wide
35	15	False	True	True	False	39.0	0.014318146	wide
35	15	False	True	True	False	40.0	0.013853621	wide
35	15	False	True	True	True	10.0	5.4691234	narrow
35	15	False	True	True	True	11.0	2.1451275	narrow
35	15	False	True	True	True	12.0	1.2761402	narrow
35	15	False	True	True	True	13.0	0.5603495	narrow
35	15	False	True	True	True	14.0	0.32495806	narrow
35	15	False	True	True	True	15.0	0.21332803	narrow
35	15	False	True	True	True	16.0	0.14540704	narrow
35	15	False	True	True	True	17.0	0.10150965	narrow
35	15	False	True	True	True	18.0	0.07289687	narrow
35	15	False	True	True	True	19.0	0.054284174	narrow
35	15	False	True	True	True	20.0	0.042165894	narrow
35	15	False	True	True	True	21.0	0.034230575	narrow
35	15	False	True	True	True	22.0	0.02898158	narrow
35	15	False	True	True	True	23.0	0.025456147	narrow
35	15	False	True	True	True	24.0	0.023032948	narrow
35	15	False	True	True	True	25.0	0.02130864	narrow
35	15	False	True	True	True	10.0	1.9282422	wide
35	15	False	True	True	True	11.0	1.4587871	wide
35	15	False	True	True	True	12.0	0.8410194	wide
35	15	False	True	True	True	13.0	0.5154982	wide
35	15	False	True	True	True	14.0	0.24456707	wide
35	15	False	True	True	True	15.0	0.18287963	wide
35	15	False	True	True	True	16.0	0.13061734	wide
35	15	False	True	True	True	17.0	0.08860916	wide
35	15	False	True	True	True	18.0	0.06045778	wide
35	15	False	True	True	True	19.0	0.04395644	wide
35	15	False	True	True	True	20.0	0.03499851	wide
35	15	False	True	True	True	21.0	0.030307068	wide
35	15	False	True	True	True	22.0	0.027858447	wide
35	15	False	True	True	True	23.0	0.026517464	wide
35	15	False	True	True	True	24.0	0.025667697	wide
35	15	False	True	True	True	25.0	0.02498387	wide
35	15	False	True	True	True	26.0	0.024307707	wide
35	15	False	True	True	True	27.0	0.023578601	wide
35	15	False	True	True	True	28.0	0.022791266	wide
35	15	False	True	True	True	29.0	0.021968039	wide
35	15	False	True	True	True	30.0	0.021140503	wide
35	15	False	True	True	True	31.0	0.020338036	wide
35	15	False	True	True	True	32.0	0.019581929	wide
35	15	False	True	True	True	33.0	0.018883357	wide
35	15	False	True	True	True	34.0	0.018244073	wide
35	15	False	True	True	True	35.0	0.017658569	wide
35	15	False	True	True	True	36.0	0.017116738	wide
35	15	False	True	True	True	37.0	0.016606469	wide
35	15	False	True	True	True	38.0	0.01611573	wide
35	15	False	True	True	True	39.0	0.015634056	wide
35	15	False	True	True	True	40.0	0.015153357	wide
35	15	False	True	True	True	10.0	4.3965216	narrow
35	15	False	True	True	True	11.0	1.7304454	narrow
35	15	False	True	True	True	12.0	1.0308101	narrow
35	15	False	True	True	True	13.0	0.46186173	narrow
35	15	False	True	True	True	14.0	0.27342844	narrow
35	15	False	True	True	True	15.0	0.18170933	narrow
35	15	False	True	True	True	16.0	0.124539666	narrow
35	15	False	True	True	True	17.0	0.08704303	narrow
35	15	False	True	True	True	18.0	0.06245445	narrow
35	15	False	True	True	True	19.0	0.046455294	narrow
35	15	False	True	True	True	20.0	0.03606466	narrow
35	15	False	True	True	True	21.0	0.02927858	narrow
35	15	False	True	True	True	22.0	0.024793074	narrow
35	15	False	True	True	True	23.0	0.021773016	narrow
35	15	False	True	True	True	24.0	0.019684672	narrow
35	15	False	True	True	True	25.0	0.018185591	narrow
35	15	False	True	True	True	10.0	1.5678457	wide
35	15	False	True	True	True	11.0	1.1906257	wide
35	15	False	True	True	True	12.0	0.67414385	wide
35	15	False	True	True	True	13.0	0.4171463	wide
35	15	False	True	True	True	14.0	0.2050015	wide
35	15	False	True	True	True	15.0	0.15721795	wide
35	15	False	True	True	True	16.0	0.11356864	wide
35	15	False	True	True	True	17.0	0.07697366	wide
35	15	False	True	True	True	18.0	0.052078556	wide
35	15	False	True	True	True	19.0	0.03749397	wide
35	15	False	True	True	True	20.0	0.029665675	wide
35	15	False	True	True	True	21.0	0.025644189	wide
35	15	False	True	True	True	22.0	0.023598071	wide
35	15	False	True	True	True	23.0	0.022511248	wide
35	15	False	True	True	True	24.0	0.021842785	wide
35	15	False	True	True	True	25.0	0.02131278	wide
35	15	False	True	True	True	26.0	0.02078639	wide
35	15	False	True	True	True	27.0	0.02021117	wide
35	15	False	True	True	True	28.0	0.019580562	wide
35	15	False	True	True	True	29.0	0.018910956	wide
35	15	False	True	True	True	30.0	0.018226897	wide
35	15	False	True	True	True	31.0	0.01755192	wide
35	15	False	True	True	True	32.0	0.016903799	wide
35	15	False	True	True	True	33.0	0.016292835	wide
35	15	False	True	True	True	34.0	0.015722204	wide
35	15	False	True	True	True	35.0	0.015189509	wide
35	15	False	True	True	True	36.0	0.014688686	wide
35	15	False	True	True	True	37.0	0.01421196	wide
35	15	False	True	True	True	38.0	0.013751388	wide
35	15	False	True	True	True	39.0	0.013299965	wide
35	15	False	True	True	True	40.0	0.012852274	wide
35	18	False	True	True	False	10.0	3.7898157	narrow
35	18	False	True	True	False	11.0	1.469781	narrow
35	18	False	True	True	False	12.0	1.0580422	narrow
35	18	False	True	True	False	13.0	0.44984984	narrow
35	18	False	True	True	False	14.0	0.27450833	narrow
35	18	False	True	True	False	15.0	0.18994343	narrow
35	18	False	True	True	False	16.0	0.13269173	narrow
35	18	False	True	True	False	17.0	0.092776865	narrow
35	18	False	True	True	False	18.0	0.06566752	narrow
35	18	False	True	True	False	19.0	0.04774289	narrow
35	18	False	True	True	False	20.0	0.036097515	narrow
35	18	False	True	True	False	21.0	0.028746795	narrow
35	18	False	True	True	False	22.0	0.024592962	narrow
35	18	False	True	True	False	23.0	0.023257583	narrow
35	18	False	True	True	False	24.0	0.024860393	narrow
35	18	False	True	True	False	25.0	0.029741917	narrow
35	18	False	True	True	False	10.0	1.5368853	wide
35	18	False	True	True	False	11.0	1.4650804	wide
35	18	False	True	True	False	12.0	0.92407113	wide
35	18	False	True	True	False	13.0	0.37202063	wide
35	18	False	True	True	False	14.0	0.22359788	wide
35	18	False	True	True	False	15.0	0.16780464	wide
35	18	False	True	True	False	16.0	0.115813136	wide
35	18	False	True	True	False	17.0	0.07584047	wide
35	18	False	True	True	False	18.0	0.05057447	wide
35	18	False	True	True	False	19.0	0.036216464	wide
35	18	False	True	True	False	20.0	0.028302265	wide
35	18	False	True	True	False	21.0	0.023867294	wide
35	18	False	True	True	False	22.0	0.021283828	wide
35	18	False	True	True	False	23.0	0.019702714	wide
35	18	False	True	True	False	24.0	0.018673228	wide
35	18	False	True	True	False	25.0	0.017946243	wide
35	18	False	True	True	False	26.0	0.017379656	wide
35	18	False	True	True	False	27.0	0.016892033	wide
35	18	False	True	True	False	28.0	0.016438805	wide
35	18	False	True	True	False	29.0	0.016000602	wide
35	18	False	True	True	False	30.0	0.015580343	wide
35	18	False	True	True	False	31.0	0.015208592	wide
35	18	False	True	True	False	32.0	0.014957624	wide
35	18	False	True	True	False	33.0	0.014962015	wide
35	18	False	True	True	False	34.0	0.015439475	wide
35	18	False	True	True	False	35.0	0.016700048	wide
35	18	False	True	True	False	36.0	0.01912821	wide
35	18	False	True	True	False	37.0	0.0231258	wide
35	18	False	True	True	False	38.0	0.029013373	wide
35	18	False	True	True	False	39.0	0.036906146	wide
35	18	False	True	True	False	40.0	0.04659559	wide
35	18	False	True	True	True	10.0	4.2522316	narrow
35	18	False	True	True	True	11.0	1.6404353	narrow
35	18	False	True	True	True	12.0	1.1804229	narrow
35	18	False	True	True	True	13.0	0.4953436	narrow
35	18	False	True	True	True	14.0	0.2985692	narrow
35	18	False	True	True	True	15.0	0.20516089	narrow
35	18	False	True	True	True	16.0	0.14291865	narrow
35	18	False	True	True	True	17.0	0.09994184	narrow
35	18	False	True	True	True	18.0	0.07086469	narrow
35	18	False	True	True	True	19.0	0.05164008	narrow
35	18	False	True	True	True	20.0	0.039133113	narrow
35	18	False	True	True	True	21.0	0.03124795	narrow
35	18	False	True	True	True	22.0	0.026860638	narrow
35	18	False	True	True	True	23.0	0.0256346	narrow
35	18	False	True	True	True	24.0	0.027779872	narrow
35	18	False	True	True	True	25.0	0.033741187	narrow
35	18	False	True	True	True	10.0	1.7034582	wide
35	18	False	True	True	True	11.0	1.6305144	wide
35	18	False	True	True	True	12.0	1.0323296	wide
35	18	False	True	True	True	13.0	0.41162208	wide
35	18	False	True	True	True	14.0	0.2426153	wide
35	18	False	True	True	True	15.0	0.18000248	wide
35	18	False	True	True	True	16.0	0.123777516	wide
35	18	False	True	True	True	17.0	0.08122955	wide
35	18	False	True	True	True	18.0	0.054416202	wide
35	18	False	True	True	True	19.0	0.039105825	wide
35	18	False	True	True	True	20.0	0.030587526	wide
35	18	False	True	True	True	21.0	0.025765043	wide
35	18	False	True	True	True	22.0	0.022934351	wide
35	18	False	True	True	True	23.0	0.021197164	wide
35	18	False	True	True	True	24.0	0.0200697	wide
35	18	False	True	True	True	25.0	0.019280627	wide
35	18	False	True	True	True	26.0	0.01867323	wide
35	18	False	True	True	True	27.0	0.018156745	wide
35	18	False	True	True	True	28.0	0.017681	wide
35	18	False	True	True	True	29.0	0.017224051	wide
35	18	False	True	True	True	30.0	0.016789481	wide
35	18	False	True	True	True	31.0	0.016413214	wide
35	18	False	True	True	True	32.0	0.016180426	wide
35	18	False	True	True	True	33.0	0.016250085	wide
35	18	False	True	True	True	34.0	0.016879724	wide
35	18	False	True	True	True	35.0	0.018436389	wide
35	18	False	True	True	True	36.0	0.021375455	wide
35	18	False	True	True	True	37.0	0.026172947	wide
35	18	False	True	True	True	38.0	0.033208713	wide
35	18	False	True	True	True	39.0	0.042619236	wide
35	18	False	True	True	True	40.0	0.054157443	wide
35	18	False	True	True	True	10.0	3.4344668	narrow
35	18	False	True	True	True	11.0	1.3377445	narrow
35	18	False	True	True	True	12.0	0.9619986	narrow
35	18	False	True	True	True	13.0	0.41409454	narrow
35	18	False	True	True	True	14.0	0.25562888	narrow
35	18	False	True	True	True	15.0	0.17808771	narrow
35	18	False	True	True	True	16.0	0.12479452	narrow
35	18	False	True	True	True	17.0	0.08728392	narrow
35	18	False	True	True	True	18.0	0.06170057	narrow
35	18	False	True	True	True	19.0	0.044773806	narrow
35	18	False	True	True	True	20.0	0.033785976	narrow
35	18	False	True	True	True	21.0	0.02684349	narrow
35	18	False	True	True	True	22.0	0.022872396	narrow
35	18	False	True	True	True	23.0	0.021466184	narrow
35	18	False	True	True	True	24.0	0.022680262	narrow
35	18	False	True	True	True	25.0	0.026780164	narrow
35	18	False	True	True	True	10.0	1.4094299	wide
35	18	False	True	True	True	11.0	1.3354967	wide
35	18	False	True	True	True	12.0	0.8392563	wide
35	18	False	True	True	True	13.0	0.34121978	wide
35	18	False	True	True	True	14.0	0.20904773	wide
35	18	False	True	True	True	15.0	0.15864472	wide
35	18	False	True	True	True	16.0	0.109940015	wide
35	18	False	True	True	True	17.0	0.071902595	wide
35	18	False	True	True	True	18.0	0.04776109	wide
35	18	False	True	True	True	19.0	0.03408079	wide
35	18	False	True	True	True	20.0	0.026593303	wide
35	18	False	True	True	True	21.0	0.022431696	wide
35	18	False	True	True	True	22.0	0.020022482	wide
35	18	False	True	True	True	23.0	0.018551188	wide
35	18	False	True	True	True	24.0	0.01759061	wide
35	18	False	True	True	True	25.0	0.016907487	wide
35	18	False	True	True	True	26.0	0.016370133	wide
35	18	False	True	True	True	27.0	0.015903741	wide
35	18	False	True	True	True	28.0	0.015467668	wide
35	18	False	True	True	True	29.0	0.015044296	wide
35	18	False	True	True	True	30.0	0.014635956	wide
35	18	False	True	True	True	31.0	0.014269227	wide
35	18	False	True	True	True	32.0	0.014006926	wide
35	18	False	True	True	True	33.0	0.013965818	wide
35	18	False	True	True	True	34.0	0.014334573	wide
35	18	False	True	True	True	35.0	0.0153817	wide
35	18	False	True	True	True	36.0	0.017440047	wide
35	18	False	True	True	True	37.0	0.020857407	wide
35	18	False	True	True	True	38.0	0.025911195	wide
35	18	False	True	True	True	39.0	0.03270114	wide
35	18	False	True	True	True	40.0	0.041046824	wide
36	15	False	True	True	False	10.0	59.946686	narrow
36	15	False	True	True	False	11.0	4.5935	narrow
36	15	False	True	True	False	12.0	0.79341596	narrow
36	15	False	True	True	False	13.0	0.09176531	narrow
36	15	False	True	True	False	14.0	0.028102644	narrow
36	15	False	True	True	False	15.0	0.015918162	narrow
36	15	False	True	True	False	16.0	0.011960758	narrow
36	15	False	True	True	False	17.0	0.00985075	narrow
36	15	False	True	True	False	18.0	0.008577707	narrow
36	15	False	True	True	False	19.0	0.007788729	narrow
36	15	False	True	True	False	20.0	0.007353239	narrow
36	15	False	True	True	False	21.0	0.0073771668	narrow
36	15	False	True	True	False	22.0	0.008392762	narrow
36	15	False	True	True	False	23.0	0.011709999	narrow
36	15	False	True	True	False	24.0	0.019769747	narrow
36	15	False	True	True	False	25.0	0.036084894	narrow
36	15	False	True	True	False	10.0	426.61188	wide
36	15	False	True	True	False	11.0	10.587787	wide
36	15	False	True	True	False	12.0	2.787373	wide
36	15	False	True	True	False	13.0	0.8533231	wide
36	15	False	True	True	False	14.0	0.21848026	wide
36	15	False	True	True	False	15.0	0.06495273	wide
36	15	False	True	True	False	16.0	0.026728531	wide
36	15	False	True	True	False	17.0	0.012755883	wide
36	15	False	True	True	False	18.0	0.0072997482	wide
36	15	False	True	True	False	19.0	0.004963486	wide
36	15	False	True	True	False	20.0	0.0037900913	wide
36	15	False	True	True	False	21.0	0.0031021552	wide
36	15	False	True	True	False	22.0	0.0026543692	wide
36	15	False	True	True	False	23.0	0.0023475715	wide
36	15	False	True	True	False	24.0	0.0021382454	wide
36	15	False	True	True	False	25.0	0.0020090349	wide
36	15	False	True	True	False	26.0	0.0019586447	wide
36	15	False	True	True	False	27.0	0.001998548	wide
36	15	False	True	True	False	28.0	0.002152223	wide
36	15	False	True	True	False	29.0	0.0024550636	wide
36	15	False	True	True	False	30.0	0.0029538798	wide
36	15	False	True	True	False	31.0	0.0037051428	wide
36	15	False	True	True	False	32.0	0.0047716144	wide
36	15	False	True	True	False	33.0	0.0062170057	wide
36	15	False	True	True	False	34.0	0.008099031	wide
36	15	False	True	True	False	35.0	0.0104614515	wide
36	15	False	True	True	False	36.0	0.013325851	wide
36	15	False	True	True	False	37.0	0.016684644	wide
36	15	False	True	True	False	38.0	0.02049588	wide
36	15	False	True	True	False	39.0	0.0246814	wide
36	15	False	True	True	False	40.0	0.029128037	wide
36	15	False	True	True	True	10.0	60.5819	narrow
36	15	False	True	True	True	11.0	4.343506	narrow
36	15	False	True	True	True	12.0	0.8121657	narrow
36	15	False	True	True	True	13.0	0.08933921	narrow
36	15	False	True	True	True	14.0	0.027287254	narrow
36	15	False	True	True	True	15.0	0.015846863	narrow
36	15	False	True	True	True	16.0	0.012178333	narrow
36	15	False	True	True	True	17.0	0.010200086	narrow
36	15	False	True	True	True	18.0	0.008982334	narrow
36	15	False	True	True	True	19.0	0.00821694	narrow
36	15	False	True	True	True	20.0	0.007804097	narrow
36	15	False	True	True	True	21.0	0.007892761	narrow
36	15	False	True	True	True	22.0	0.009111843	narrow
36	15	False	True	True	True	23.0	0.012980187	narrow
36	15	False	True	True	True	24.0	0.02231099	narrow
36	15	False	True	True	True	25.0	0.04113303	narrow
36	15	False	True	True	True	10.0	425.6159	wide
36	15	False	True	True	True	11.0	10.88619	wide
36	15	False	True	True	True	12.0	2.661858	wide
36	15	False	True	True	True	13.0	0.8723221	wide
36	15	False	True	True	True	14.0	0.22401479	wide
36	15	False	True	True	True	15.0	0.06489703	wide
36	15	False	True	True	True	16.0	0.026152812	wide
36	15	False	True	True	True	17.0	0.012411337	wide
36	15	False	True	True	True	18.0	0.007135055	wide
36	15	False	True	True	True	19.0	0.0048999735	wide
36	15	False	True	True	True	20.0	0.0037865085	wide
36	15	False	True	True	True	21.0	0.0031361326	wide
36	15	False	True	True	True	22.0	0.002712332	wide
36	15	False	True	True	True	23.0	0.002421495	wide
36	15	False	True	True	True	24.0	0.002224392	wide
36	15	False	True	True	True	25.0	0.0021073862	wide
36	15	False	True	True	True	26.0	0.002072874	wide
36	15	False	True	True	True	27.0	0.0021364938	wide
36	15	False	True	True	True	28.0	0.0023267786	wide
36	15	False	True	True	True	29.0	0.0026853508	wide
36	15	False	True	True	True	30.0	0.0032665038	wide
36	15	False	True	True	True	31.0	0.0041352743	wide
36	15	False	True	True	True	32.0	0.005363609	wide
36	15	False	True	True	True	33.0	0.007024259	wide
36	15	False	True	True	True	34.0	0.009182825	wide
36	15	False	True	True	True	35.0	0.011888663	wide
36	15	False	True	True	True	36.0	0.015165503	wide
36	15	False	True	True	True	37.0	0.019003497	wide
36	15	False	True	True	True	38.0	0.023353383	wide
36	15	False	True	True	True	39.0	0.02812445	wide
36	15	False	True	True	True	40.0	0.033186123	wide
36	15	False	True	True	True	10.0	60.05668	narrow
36	15	False	True	True	True	11.0	5.1034265	narrow
36	15	False	True	True	True	12.0	0.79661024	narrow
36	15	False	True	True	True	13.0	0.0990444	narrow
36	15	False	True	True	True	14.0	0.030027911	narrow
36	15	False	True	True	True	15.0	0.016368074	narrow
36	15	False	True	True	True	16.0	0.011943467	narrow
36	15	False	True	True	True	17.0	0.009629805	narrow
36	15	False	True	True	True	18.0	0.008270994	narrow
36	15	False	True	True	True	19.0	0.0074466504	narrow
36	15	False	True	True	True	20.0	0.0069880257	narrow
36	15	False	True	True	True	21.0	0.006964103	narrow
36	15	False	True	True	True	22.0	0.007837545	narrow
36	15	False	True	True	True	23.0	0.010773177	narrow
36	15	False	True	True	True	24.0	0.017954942	narrow
36	15	False	True	True	True	25.0	0.03254124	narrow
36	15	False	True	True	True	10.0	431.2771	wide
36	15	False	True	True	True	11.0	10.463895	wide
36	15	False	True	True	True	12.0	3.0412674	wide
36	15	False	True	True	True	13.0	0.8555433	wide
36	15	False	True	True	True	14.0	0.21963063	wide
36	15	False	True	True	True	15.0	0.067803144	wide
36	15	False	True	True	True	16.0	0.028556768	wide
36	15	False	True	True	True	17.0	0.013633151	wide
36	15	False	True	True	True	18.0	0.0077080773	wide
36	15	False	True	True	True	19.0	0.0051577366	wide
36	15	False	True	True	True	20.0	0.00387467	wide
36	15	False	True	True	True	21.0	0.0031235106	wide
36	15	False	True	True	True	22.0	0.0026371826	wide
36	15	False	True	True	True	23.0	0.0023060453	wide
36	15	False	True	True	True	24.0	0.002080128	wide
36	15	False	True	True	True	25.0	0.0019374591	wide
36	15	False	True	True	True	26.0	0.0018729665	wide
36	15	False	True	True	True	27.0	0.0018945261	wide
36	15	False	True	True	True	28.0	0.0020217178	wide
36	15	False	True	True	True	29.0	0.0022854346	wide
36	15	False	True	True	True	30.0	0.002727245	wide
36	15	False	True	True	True	31.0	0.0033977178	wide
36	15	False	True	True	True	32.0	0.0043533305	wide
36	15	False	True	True	True	33.0	0.005651635	wide
36	15	False	True	True	True	34.0	0.0073449933	wide
36	15	False	True	True	True	35.0	0.009473393	wide
36	15	False	True	True	True	36.0	0.012057021	wide
36	15	False	True	True	True	37.0	0.015089921	wide
36	15	False	True	True	True	38.0	0.018535253	wide
36	15	False	True	True	True	39.0	0.022323538	wide
36	15	False	True	True	True	40.0	0.026353672	wide
36	18	False	True	True	False	10.0	56.50672	narrow
36	18	False	True	True	False	11.0	20.453392	narrow
36	18	False	True	True	False	12.0	0.8006233	narrow
36	18	False	True	True	False	13.0	0.14513548	narrow
36	18	False	True	True	False	14.0	0.036948577	narrow
36	18	False	True	True	False	15.0	0.018822832	narrow
36	18	False	True	True	False	16.0	0.013915905	narrow
36	18	False	True	True	False	17.0	0.011574181	narrow
36	18	False	True	True	False	18.0	0.010309358	narrow
36	18	False	True	True	False	19.0	0.009575966	narrow
36	18	False	True	True	False	20.0	0.00908847	narrow
36	18	False	True	True	False	21.0	0.008702986	narrow
36	18	False	True	True	False	22.0	0.008354254	narrow
36	18	False	True	True	False	23.0	0.008023884	narrow
36	18	False	True	True	False	24.0	0.0077308794	narrow
36	18	False	True	True	False	25.0	0.007541936	narrow
36	18	False	True	True	False	10.0	414.0238	wide
36	18	False	True	True	False	11.0	10.133245	wide
36	18	False	True	True	False	12.0	7.6928277	wide
36	18	False	True	True	False	13.0	0.5570519	wide
36	18	False	True	True	False	14.0	0.20548803	wide
36	18	False	True	True	False	15.0	0.0699746	wide
36	18	False	True	True	False	16.0	0.028245743	wide
36	18	False	True	True	False	17.0	0.013632027	wide
36	18	False	True	True	False	18.0	0.008038309	wide
36	18	False	True	True	False	19.0	0.0056346217	wide
36	18	False	True	True	False	20.0	0.0044131614	wide
36	18	False	True	True	False	21.0	0.0036947706	wide
36	18	False	True	True	False	22.0	0.003232241	wide
36	18	False	True	True	False	23.0	0.0029218306	wide
36	18	False	True	True	False	24.0	0.0027153336	wide
36	18	False	True	True	False	25.0	0.002591465	wide
36	18	False	True	True	False	26.0	0.0025456187	wide
36	18	False	True	True	False	27.0	0.002586276	wide
36	18	False	True	True	False	28.0	0.0027342045	wide
36	18	False	True	True	False	29.0	0.003022617	wide
36	18	False	True	True	False	30.0	0.003496919	wide
36	18	False	True	True	False	31.0	0.0042127576	wide
36	18	False	True	True	False	32.0	0.005231504	wide
36	18	False	True	True	False	33.0	0.00661255	wide
36	18	False	True	True	False	34.0	0.008402871	wide
36	18	False	True	True	False	35.0	0.010625147	wide
36	18	False	True	True	False	36.0	0.013266183	wide
36	18	False	True	True	False	37.0	0.016268495	wide
36	18	False	True	True	False	38.0	0.019526653	wide
36	18	False	True	True	False	39.0	0.022890551	wide
36	18	False	True	True	False	40.0	0.02617516	wide
36	18	False	True	True	True	10.0	57.195118	narrow
36	18	False	True	True	True	11.0	17.599758	narrow
36	18	False	True	True	True	12.0	0.8470615	narrow
36	18	False	True	True	True	13.0	0.14203216	narrow
36	18	False	True	True	True	14.0	0.034790754	narrow
36	18	False	True	True	True	15.0	0.018241392	narrow
36	18	False	True	True	True	16.0	0.013803408	narrow
36	18	False	True	True	True	17.0	0.011667472	narrow
36	18	False	True	True	True	18.0	0.010489424	narrow
36	18	False	True	True	True	19.0	0.009792229	narrow
36	18	False	True	True	True	20.0	0.009322709	narrow
36	18	False	True	True	True	21.0	0.008949127	narrow
36	18	False	True	True	True	22.0	0.008609787	narrow
36	18	False	True	True	True	23.0	0.008287387	narrow
36	18	False	True	True	True	24.0	0.008003021	narrow
36	18	False	True	True	True	25.0	0.007830339	narrow
36	18	False	True	True	True	10.0	412.63757	wide
36	18	False	True	True	True	11.0	10.426166	wide
36	18	False	True	True	True	12.0	6.7563653	wide
36	18	False	True	True	True	13.0	0.5892079	wide
36	18	False	True	True	True	14.0	0.21413259	wide
36	18	False	True	True	True	15.0	0.07024863	wide
36	18	False	True	True	True	16.0	0.027546344	wide
36	18	False	True	True	True	17.0	0.013149648	wide
36	18	False	True	True	True	18.0	0.007743444	wide
36	18	False	True	True	True	19.0	0.005457053	wide
36	18	False	True	True	True	20.0	0.00431491	wide
36	18	False	True	True	True	21.0	0.0036504297	wide
36	18	False	True	True	True	22.0	0.003223359	wide
36	18	False	True	True	True	23.0	0.0029359015	wide
36	18	False	True	True	True	24.0	0.0027449387	wide
36	18	False	True	True	True	25.0	0.0026335057	wide
36	18	False	True	True	True	26.0	0.0026009853	wide
36	18	False	True	True	True	27.0	0.0026600831	wide
36	18	False	True	True	True	28.0	0.0028365355	wide
36	18	False	True	True	True	29.0	0.0031696171	wide
36	18	False	True	True	True	30.0	0.0037119777	wide
36	18	False	True	True	True	31.0	0.004527426	wide
36	18	False	True	True	True	32.0	0.0056857327	wide
36	18	False	True	True	True	33.0	0.007253841	wide
36	18	False	True	True	True	34.0	0.009284053	wide
36	18	False	True	True	True	35.0	0.011800669	wide
36	18	False	True	True	True	36.0	0.014787099	wide
36	18	False	True	True	True	37.0	0.018176626	wide
36	18	False	True	True	True	38.0	0.021848626	wide
36	18	False	True	True	True	39.0	0.025632551	wide
36	18	False	True	True	True	40.0	0.029319232	wide
36	18	False	True	True	True	10.0	56.524837	narrow
36	18	False	True	True	True	11.0	24.771748	narrow
36	18	False	True	True	True	12.0	0.7722776	narrow
36	18	False	True	True	True	13.0	0.15697645	narrow
36	18	False	True	True	True	14.0	0.041235894	narrow
36	18	False	True	True	True	15.0	0.020070156	narrow
36	18	False	True	True	True	16.0	0.014387181	narrow
36	18	False	True	True	True	17.0	0.011719179	narrow
36	18	False	True	True	True	18.0	0.010317997	narrow
36	18	False	True	True	True	19.0	0.009528511	narrow
36	18	False	True	True	True	20.0	0.009013381	narrow
36	18	False	True	True	True	21.0	0.008608859	narrow
36	18	False	True	True	True	22.0	0.008243718	narrow
36	18	False	True	True	True	23.0	0.007898286	narrow
36	18	False	True	True	True	24.0	0.0075905216	narrow
36	18	False	True	True	True	25.0	0.007382929	narrow
36	18	False	True	True	True	10.0	419.09964	wide
36	18	False	True	True	True	11.0	10.004149	wide
36	18	False	True	True	True	12.0	9.134815	wide
36	18	False	True	True	True	13.0	0.5384849	wide
36	18	False	True	True	True	14.0	0.20374468	wide
36	18	False	True	True	True	15.0	0.072990835	wide
36	18	False	True	True	True	16.0	0.030376492	wide
36	18	False	True	True	True	17.0	0.014738597	wide
36	18	False	True	True	True	18.0	0.008649144	wide
36	18	False	True	True	True	19.0	0.006002955	wide
36	18	False	True	True	True	20.0	0.0046401387	wide
36	18	False	True	True	True	21.0	0.0038320234	wide
36	18	False	True	True	True	22.0	0.003312138	wide
36	18	False	True	True	True	23.0	0.0029653744	wide
36	18	False	True	True	True	24.0	0.002735516	wide
36	18	False	True	True	True	25.0	0.0025954044	wide
36	18	False	True	True	True	26.0	0.00253584	wide
36	18	False	True	True	True	27.0	0.0025612563	wide
36	18	False	True	True	True	28.0	0.0026883155	wide
36	18	False	True	True	True	29.0	0.002945665	wide
36	18	False	True	True	True	30.0	0.0033735137	wide
36	18	False	True	True	True	31.0	0.0040217913	wide
36	18	False	True	True	True	32.0	0.004946047	wide
36	18	False	True	True	True	33.0	0.0062004533	wide
36	18	False	True	True	True	34.0	0.007828305	wide
36	18	False	True	True	True	35.0	0.009851126	wide
36	18	False	True	True	True	36.0	0.012257999	wide
36	18	False	True	True	True	37.0	0.014997708	wide
36	18	False	True	True	True	38.0	0.017975176	wide
36	18	False	True	True	True	39.0	0.021054218	wide
36	18	False	True	True	True	40.0	0.024066284	wide
37	15	False	True	True	False	10.0	6.2587605	narrow
37	15	False	True	True	False	11.0	2.8390706	narrow
37	15	False	True	True	False	12.0	1.5059683	narrow
37	15	False	True	True	False	13.0	1.3654476	narrow
37	15	False	True	True	False	14.0	1.6473948	narrow
37	15	False	True	True	False	15.0	1.3256269	narrow
37	15	False	True	True	False	16.0	0.9002387	narrow
37	15	False	True	True	False	17.0	0.5295323	narrow
37	15	False	True	True	False	18.0	0.28799874	narrow
37	15	False	True	True	False	19.0	0.15165934	narrow
37	15	False	True	True	False	20.0	0.08066681	narrow
37	15	False	True	True	False	21.0	0.045460552	narrow
37	15	False	True	True	False	22.0	0.028543483	narrow
37	15	False	True	True	False	23.0	0.020595685	narrow
37	15	False	True	True	False	24.0	0.01692709	narrow
37	15	False	True	True	False	25.0	0.015251496	narrow
37	15	False	True	True	False	10.0	4.8066254	wide
37	15	False	True	True	False	11.0	3.8774571	wide
37	15	False	True	True	False	12.0	3.232863	wide
37	15	False	True	True	False	13.0	1.98627	wide
37	15	False	True	True	False	14.0	1.4481806	wide
37	15	False	True	True	False	15.0	1.1593635	wide
37	15	False	True	True	False	16.0	2.079821	wide
37	15	False	True	True	False	17.0	1.4666939	wide
37	15	False	True	True	False	18.0	0.8730747	wide
37	15	False	True	True	False	19.0	0.42704806	wide
37	15	False	True	True	False	20.0	0.1844274	wide
37	15	False	True	True	False	21.0	0.07509217	wide
37	15	False	True	True	False	22.0	0.031635746	wide
37	15	False	True	True	False	23.0	0.016114412	wide
37	15	False	True	True	False	24.0	0.011448757	wide
37	15	False	True	True	False	25.0	0.010794555	wide
37	15	False	True	True	False	26.0	0.011545172	wide
37	15	False	True	True	False	27.0	0.012711162	wide
37	15	False	True	True	False	28.0	0.013906615	wide
37	15	False	True	True	False	29.0	0.014977011	wide
37	15	False	True	True	False	30.0	0.015862638	wide
37	15	False	True	True	False	31.0	0.016546022	wide
37	15	False	True	True	False	32.0	0.017030166	wide
37	15	False	True	True	False	33.0	0.017328268	wide
37	15	False	True	True	False	34.0	0.0174585	wide
37	15	False	True	True	False	35.0	0.017441113	wide
37	15	False	True	True	False	36.0	0.017296627	wide
37	15	False	True	True	False	37.0	0.017044906	wide
37	15	False	True	True	False	38.0	0.016704483	wide
37	15	False	True	True	False	39.0	0.016292308	wide
37	15	False	True	True	False	40.0	0.015823556	wide
37	15	False	True	True	True	10.0	6.333458	narrow
37	15	False	True	True	True	11.0	2.820313	narrow
37	15	False	True	True	True	12.0	1.4534936	narrow
37	15	False	True	True	True	13.0	1.2618532	narrow
37	15	False	True	True	True	14.0	1.5094211	narrow
37	15	False	True	True	True	15.0	1.2060124	narrow
37	15	False	True	True	True	16.0	0.8168106	narrow
37	15	False	True	True	True	17.0	0.4793117	narrow
37	15	False	True	True	True	18.0	0.26036882	narrow
37	15	False	True	True	True	19.0	0.13726105	narrow
37	15	False	True	True	True	20.0	0.073343806	narrow
37	15	False	True	True	True	21.0	0.041692425	narrow
37	15	False	True	True	True	22.0	0.02648033	narrow
37	15	False	True	True	True	23.0	0.019319763	narrow
37	15	False	True	True	True	24.0	0.016002338	narrow
37	15	False	True	True	True	25.0	0.014478307	narrow
37	15	False	True	True	True	10.0	4.670299	wide
37	15	False	True	True	True	11.0	3.566074	wide
37	15	False	True	True	True	12.0	2.9618742	wide
37	15	False	True	True	True	13.0	1.8399253	wide
37	15	False	True	True	True	14.0	1.3429471	wide
37	15	False	True	True	True	15.0	1.0380266	wide
37	15	False	True	True	True	16.0	1.9154396	wide
37	15	False	True	True	True	17.0	1.3423457	wide
37	15	False	True	True	True	18.0	0.7995753	wide
37	15	False	True	True	True	19.0	0.39147103	wide
37	15	False	True	True	True	20.0	0.16931199	wide
37	15	False	True	True	True	21.0	0.06919405	wide
37	15	False	True	True	True	22.0	0.029402014	wide
37	15	False	True	True	True	23.0	0.015173665	wide
37	15	False	True	True	True	24.0	0.01088525	wide
37	15	False	True	True	True	25.0	0.010285621	wide
37	15	False	True	True	True	26.0	0.010990612	wide
37	15	False	True	True	True	27.0	0.012088562	wide
37	15	False	True	True	True	28.0	0.013218807	wide
37	15	False	True	True	True	29.0	0.014234101	wide
37	15	False	True	True	True	30.0	0.015076157	wide
37	15	False	True	True	True	31.0	0.015727118	wide
37	15	False	True	True	True	32.0	0.016189046	wide
37	15	False	True	True	True	33.0	0.016474068	wide
37	15	False	True	True	True	34.0	0.016599253	wide
37	15	False	True	True	True	35.0	0.016583778	wide
37	15	False	True	True	True	36.0	0.016447142	wide
37	15	False	True	True	True	37.0	0.016208252	wide
37	15	False	True	True	True	38.0	0.015884776	wide
37	15	False	True	True	True	39.0	0.015492876	wide
37	15	False	True	True	True	40.0	0.015047015	wide
37	15	False	True	True	True	10.0	6.3814745	narrow
37	15	False	True	True	True	11.0	2.9285123	narrow
37	15	False	True	True	True	12.0	1.5881495	narrow
37	15	False	True	True	True	13.0	1.5113587	narrow
37	15	False	True	True	True	14.0	1.8430088	narrow
37	15	False	True	True	True	15.0	1.4991632	narrow
37	15	False	True	True	True	16.0	1.023373	narrow
37	15	False	True	True	True	17.0	0.6048731	narrow
37	15	False	True	True	True	18.0	0.3300192	narrow
37	15	False	True	True	True	19.0	0.1737805	narrow
37	15	False	True	True	True	20.0	0.09197508	narrow
37	15	False	True	True	True	21.0	0.051254	narrow
37	15	False	True	True	True	22.0	0.03164756	narrow
37	15	False	True	True	True	23.0	0.02243114	narrow
37	15	False	True	True	True	24.0	0.01817936	narrow
37	15	False	True	True	True	25.0	0.016240848	narrow
37	15	False	True	True	True	10.0	5.117804	wide
37	15	False	True	True	True	11.0	4.343746	wide
37	15	False	True	True	True	12.0	3.618587	wide
37	15	False	True	True	True	13.0	2.19046	wide
37	15	False	True	True	True	14.0	1.5932901	wide
37	15	False	True	True	True	15.0	1.3335962	wide
37	15	False	True	True	True	16.0	2.3116577	wide
37	15	False	True	True	True	17.0	1.6486838	wide
37	15	False	True	True	True	18.0	0.983592	wide
37	15	False	True	True	True	19.0	0.4821906	wide
37	15	False	True	True	True	20.0	0.20859466	wide
37	15	False	True	True	True	21.0	0.08482149	wide
37	15	False	True	True	True	22.0	0.035418633	wide
37	15	False	True	True	True	23.0	0.017689379	wide
37	15	False	True	True	True	24.0	0.012301491	wide
37	15	False	True	True	True	25.0	0.011469828	wide
37	15	False	True	True	True	26.0	0.012226407	wide
37	15	False	True	True	True	27.0	0.0134511795	wide
37	15	False	True	True	True	28.0	0.014713241	wide
37	15	False	True	True	True	29.0	0.015843375	wide
37	15	False	True	True	True	30.0	0.016777586	wide
37	15	False	True	True	True	31.0	0.0174977	wide
37	15	False	True	True	True	32.0	0.018007254	wide
37	15	False	True	True	True	33.0	0.018320445	wide
37	15	False	True	True	True	34.0	0.018456584	wide
37	15	False	True	True	True	35.0	0.0184371	wide
37	15	False	True	True	True	36.0	0.018283667	wide
37	15	False	True	True	True	37.0	0.018017225	wide
37	15	False	True	True	True	38.0	0.017657315	wide
37	15	False	True	True	True	39.0	0.017221794	wide
37	15	False	True	True	True	40.0	0.016726648	wide
37	18	False	True	True	False	10.0	7.126068	narrow
37	18	False	True	True	False	11.0	3.4367747	narrow
37	18	False	True	True	False	12.0	1.3056141	narrow
37	18	False	True	True	False	13.0	1.1054988	narrow
37	18	False	True	True	False	14.0	1.652213	narrow
37	18	False	True	True	False	15.0	1.5006775	narrow
37	18	False	True	True	False	16.0	1.0256453	narrow
37	18	False	True	True	False	17.0	0.5807684	narrow
37	18	False	True	True	False	18.0	0.29452685	narrow
37	18	False	True	True	False	19.0	0.14135149	narrow
37	18	False	True	True	False	20.0	0.06704549	narrow
37	18	False	True	True	False	21.0	0.032790717	narrow
37	18	False	True	True	False	22.0	0.01733285	narrow
37	18	False	True	True	False	23.0	0.010364003	narrow
37	18	False	True	True	False	24.0	0.007175125	narrow
37	18	False	True	True	False	25.0	0.005670435	narrow
37	18	False	True	True	False	10.0	4.568355	wide
37	18	False	True	True	False	11.0	3.7421398	wide
37	18	False	True	True	False	12.0	3.2236896	wide
37	18	False	True	True	False	13.0	2.0799527	wide
37	18	False	True	True	False	14.0	0.9134282	wide
37	18	False	True	True	False	15.0	1.2649955	wide
37	18	False	True	True	False	16.0	1.7600864	wide
37	18	False	True	True	False	17.0	1.4014328	wide
37	18	False	True	True	False	18.0	0.8187038	wide
37	18	False	True	True	False	19.0	0.38865706	wide
37	18	False	True	True	False	20.0	0.16263697	wide
37	18	False	True	True	False	21.0	0.06403395	wide
37	18	False	True	True	False	22.0	0.025498899	wide
37	18	False	True	True	False	23.0	0.0113720205	wide
37	18	False	True	True	False	24.0	0.0063982327	wide
37	18	False	True	True	False	25.0	0.004729436	wide
37	18	False	True	True	False	26.0	0.0042364364	wide
37	18	False	True	True	False	27.0	0.004153565	wide
37	18	False	True	True	False	28.0	0.004201479	wide
37	18	False	True	True	False	29.0	0.0042756298	wide
37	18	False	True	True	False	30.0	0.004336524	wide
37	18	False	True	True	False	31.0	0.0043701245	wide
37	18	False	True	True	False	32.0	0.004372929	wide
37	18	False	True	True	False	33.0	0.0043459293	wide
37	18	False	True	True	False	34.0	0.004292029	wide
37	18	False	True	True	False	35.0	0.004214859	wide
37	18	False	True	True	False	36.0	0.0041181957	wide
37	18	False	True	True	False	37.0	0.004005686	wide
37	18	False	True	True	False	38.0	0.0038806999	wide
37	18	False	True	True	False	39.0	0.0037462746	wide
37	18	False	True	True	False	40.0	0.0036050924	wide
37	18	False	True	True	True	10.0	7.093557	narrow
37	18	False	True	True	True	11.0	3.350327	narrow
37	18	False	True	True	True	12.0	1.2642819	narrow
37	18	False	True	True	True	13.0	1.0198213	narrow
37	18	False	True	True	True	14.0	1.5080754	narrow
37	18	False	True	True	True	15.0	1.363376	narrow
37	18	False	True	True	True	16.0	0.9284667	narrow
37	18	False	True	True	True	17.0	0.5241109	narrow
37	18	False	True	True	True	18.0	0.26534238	narrow
37	18	False	True	True	True	19.0	0.12744065	narrow
37	18	False	True	True	True	20.0	0.06069838	narrow
37	18	False	True	True	True	21.0	0.029924294	narrow
37	18	False	True	True	True	22.0	0.015992412	narrow
37	18	False	True	True	True	23.0	0.0096718995	narrow
37	18	False	True	True	True	24.0	0.006753981	narrow
37	18	False	True	True	True	25.0	0.0053628087	narrow
37	18	False	True	True	True	10.0	4.474879	wide
37	18	False	True	True	True	11.0	3.4614491	wide
37	18	False	True	True	True	12.0	2.9635043	wide
37	18	False	True	True	True	13.0	1.9323059	wide
37	18	False	True	True	True	14.0	0.83124053	wide
37	18	False	True	True	True	15.0	1.1397319	wide
37	18	False	True	True	True	16.0	1.6027347	wide
37	18	False	True	True	True	17.0	1.2758884	wide
37	18	False	True	True	True	18.0	0.744048	wide
37	18	False	True	True	True	19.0	0.35270047	wide
37	18	False	True	True	True	20.0	0.14767587	wide
37	18	False	True	True	True	21.0	0.058423024	wide
37	18	False	True	True	True	22.0	0.023529792	wide
37	18	False	True	True	True	23.0	0.010676144	wide
37	18	False	True	True	True	24.0	0.0060992357	wide
37	18	False	True	True	True	25.0	0.0045327204	wide
37	18	False	True	True	True	26.0	0.004053049	wide
37	18	False	True	True	True	27.0	0.003961284	wide
37	18	False	True	True	True	28.0	0.0039977226	wide
37	18	False	True	True	True	29.0	0.0040627182	wide
37	18	False	True	True	True	30.0	0.0041174926	wide
37	18	False	True	True	True	31.0	0.0041477205	wide
37	18	False	True	True	True	32.0	0.0041494635	wide
37	18	False	True	True	True	33.0	0.004123324	wide
37	18	False	True	True	True	34.0	0.0040718797	wide
37	18	False	True	True	True	35.0	0.003998483	wide
37	18	False	True	True	True	36.0	0.0039066668	wide
37	18	False	True	True	True	37.0	0.0037998648	wide
37	18	False	True	True	True	38.0	0.0036812613	wide
37	18	False	True	True	True	39.0	0.0035537248	wide
37	18	False	True	True	True	40.0	0.0034197958	wide
37	18	False	True	True	True	10.0	7.39005	narrow
37	18	False	True	True	True	11.0	3.6235452	narrow
37	18	False	True	True	True	12.0	1.378904	narrow
37	18	False	True	True	True	13.0	1.2286841	narrow
37	18	False	True	True	True	14.0	1.8579242	narrow
37	18	False	True	True	True	15.0	1.7010447	narrow
37	18	False	True	True	True	16.0	1.1700099	narrow
37	18	False	True	True	True	17.0	0.66622066	narrow
37	18	False	True	True	True	18.0	0.3391172	narrow
37	18	False	True	True	True	19.0	0.1628493	narrow
37	18	False	True	True	True	20.0	0.076956056	narrow
37	18	False	True	True	True	21.0	0.03730096	narrow
37	18	False	True	True	True	22.0	0.019439507	narrow
37	18	False	True	True	True	23.0	0.011428251	narrow
37	18	False	True	True	True	24.0	0.00779094	narrow
37	18	False	True	True	True	25.0	0.0060910215	narrow
37	18	False	True	True	True	10.0	4.8251657	wide
37	18	False	True	True	True	11.0	4.172214	wide
37	18	False	True	True	True	12.0	3.607802	wide
37	18	False	True	True	True	13.0	2.292296	wide
37	18	False	True	True	True	14.0	1.0294658	wide
37	18	False	True	True	True	15.0	1.4415748	wide
37	18	False	True	True	True	16.0	1.9870962	wide
37	18	False	True	True	True	17.0	1.5879468	wide
37	18	False	True	True	True	18.0	0.93229914	wide
37	18	False	True	True	True	19.0	0.44459736	wide
37	18	False	True	True	True	20.0	0.18645158	wide
37	18	False	True	True	True	21.0	0.07321674	wide
37	18	False	True	True	True	22.0	0.028841209	wide
37	18	False	True	True	True	23.0	0.012595996	wide
37	18	False	True	True	True	24.0	0.0069136345	wide
37	18	False	True	True	True	25.0	0.0050285645	wide
37	18	False	True	True	True	26.0	0.0044797356	wide
37	18	False	True	True	True	27.0	0.0043892977	wide
37	18	False	True	True	True	28.0	0.004442017	wide
37	18	False	True	True	True	29.0	0.004522477	wide
37	18	False	True	True	True	30.0	0.004588165	wide
37	18	False	True	True	True	31.0	0.0046243835	wide
37	18	False	True	True	True	32.0	0.0046276613	wide
37	18	False	True	True	True	33.0	0.004599205	wide
37	18	False	True	True	True	34.0	0.0045421794	wide
37	18	False	True	True	True	35.0	0.004460475	wide
37	18	False	True	True	True	36.0	0.0043581105	wide
37	18	False	True	True	True	37.0	0.0042389617	wide
37	18	False	True	True	True	38.0	0.004106602	wide
37	18	False	True	True	True	39.0	0.0039642514	wide
37	18	False	True	True	True	40.0	0.0038147527	wide
38	15	False	True	True	False	10.0	2.976383	narrow
38	15	False	True	True	False	11.0	2.1683073	narrow
38	15	False	True	True	False	12.0	3.3391623	narrow
38	15	False	True	True	False	13.0	2.5347748	narrow
38	15	False	True	True	False	14.0	2.2116194	narrow
38	15	False	True	True	False	15.0	2.0407336	narrow
38	15	False	True	True	False	16.0	1.8854723	narrow
38	15	False	True	True	False	17.0	1.7249249	narrow
38	15	False	True	True	False	18.0	1.560744	narrow
38	15	False	True	True	False	19.0	1.418528	narrow
38	15	False	True	True	False	20.0	1.3361844	narrow
38	15	False	True	True	False	21.0	1.1007551	narrow
38	15	False	True	True	False	22.0	1.0461879	narrow
38	15	False	True	True	False	23.0	0.86827475	narrow
38	15	False	True	True	False	24.0	0.74948245	narrow
38	15	False	True	True	False	25.0	0.6583393	narrow
38	15	False	True	True	False	10.0	2.1659133	wide
38	15	False	True	True	False	11.0	1.6360446	wide
38	15	False	True	True	False	12.0	1.5659177	wide
38	15	False	True	True	False	13.0	1.8663424	wide
38	15	False	True	True	False	14.0	1.4432395	wide
38	15	False	True	True	False	15.0	1.1421181	wide
38	15	False	True	True	False	16.0	0.99061126	wide
38	15	False	True	True	False	17.0	0.8982844	wide
38	15	False	True	True	False	18.0	0.827917	wide
38	15	False	True	True	False	19.0	0.76637185	wide
38	15	False	True	True	False	20.0	0.7093202	wide
38	15	False	True	True	False	21.0	0.6553767	wide
38	15	False	True	True	False	22.0	0.60422057	wide
38	15	False	True	True	False	23.0	0.5559004	wide
38	15	False	True	True	False	24.0	0.5105484	wide
38	15	False	True	True	False	25.0	0.46826357	wide
38	15	False	True	True	False	26.0	0.4290978	wide
38	15	False	True	True	False	27.0	0.39346468	wide
38	15	False	True	True	False	28.0	0.3643846	wide
38	15	False	True	True	False	29.0	0.3463588	wide
38	15	False	True	True	False	30.0	0.32634115	wide
38	15	False	True	True	False	31.0	0.28632435	wide
38	15	False	True	True	False	32.0	0.2537291	wide
38	15	False	True	True	False	33.0	0.24540581	wide
38	15	False	True	True	False	34.0	0.23274308	wide
38	15	False	True	True	False	35.0	0.20789737	wide
38	15	False	True	True	False	36.0	0.18450998	wide
38	15	False	True	True	False	37.0	0.1672014	wide
38	15	False	True	True	False	38.0	0.15355463	wide
38	15	False	True	True	False	39.0	0.14167523	wide
38	15	False	True	True	False	40.0	0.13094631	wide
38	15	False	True	True	True	10.0	2.7982404	narrow
38	15	False	True	True	True	11.0	2.0337481	narrow
38	15	False	True	True	True	12.0	3.1234565	narrow
38	15	False	True	True	True	13.0	2.3269842	narrow
38	15	False	True	True	True	14.0	2.0137916	narrow
38	15	False	True	True	True	15.0	1.8462768	narrow
38	15	False	True	True	True	16.0	1.6968452	narrow
38	15	False	True	True	True	17.0	1.5454459	narrow
38	15	False	True	True	True	18.0	1.392975	narrow
38	15	False	True	True	True	19.0	1.2605106	narrow
38	15	False	True	True	True	20.0	1.1792717	narrow
38	15	False	True	True	True	21.0	0.9738833	narrow
38	15	False	True	True	True	22.0	0.9190898	narrow
38	15	False	True	True	True	23.0	0.7642826	narrow
38	15	False	True	True	True	24.0	0.6594579	narrow
38	15	False	True	True	True	25.0	0.5785128	narrow
38	15	False	True	True	True	10.0	2.046549	wide
38	15	False	True	True	True	11.0	1.5473019	wide
38	15	False	True	True	True	12.0	1.4705421	wide
38	15	False	True	True	True	13.0	1.7541564	wide
38	15	False	True	True	True	14.0	1.3350261	wide
38	15	False	True	True	True	15.0	1.0468324	wide
38	15	False	True	True	True	16.0	0.90314424	wide
38	15	False	True	True	True	17.0	0.81521475	wide
38	15	False	True	True	True	18.0	0.7483592	wide
38	15	False	True	True	True	19.0	0.6903051	wide
38	15	False	True	True	True	20.0	0.6369301	wide
38	15	False	True	True	True	21.0	0.5868526	wide
38	15	False	True	True	True	22.0	0.5396899	wide
38	15	False	True	True	True	23.0	0.49540952	wide
38	15	False	True	True	True	24.0	0.45406607	wide
38	15	False	True	True	True	25.0	0.41569346	wide
38	15	False	True	True	True	26.0	0.38029066	wide
38	15	False	True	True	True	27.0	0.34815612	wide
38	15	False	True	True	True	28.0	0.3217374	wide
38	15	False	True	True	True	29.0	0.3047035	wide
38	15	False	True	True	True	30.0	0.28628206	wide
38	15	False	True	True	True	31.0	0.25162044	wide
38	15	False	True	True	True	32.0	0.22326358	wide
38	15	False	True	True	True	33.0	0.21505848	wide
38	15	False	True	True	True	34.0	0.20343222	wide
38	15	False	True	True	True	35.0	0.18190974	wide
38	15	False	True	True	True	36.0	0.16170397	wide
38	15	False	True	True	True	37.0	0.14660436	wide
38	15	False	True	True	True	38.0	0.1346089	wide
38	15	False	True	True	True	39.0	0.12414729	wide
38	15	False	True	True	True	40.0	0.11470269	wide
38	15	False	True	True	True	10.0	3.207065	narrow
38	15	False	True	True	True	11.0	2.345464	narrow
38	15	False	True	True	True	12.0	3.6300435	narrow
38	15	False	True	True	True	13.0	2.8176763	narrow
38	15	False	True	True	True	14.0	2.4858358	narrow
38	15	False	True	True	True	15.0	2.3135073	narrow
38	15	False	True	True	True	16.0	2.1519914	narrow
38	15	False	True	True	True	17.0	1.979665	narrow
38	15	False	True	True	True	18.0	1.7995816	narrow
38	15	False	True	True	True	19.0	1.644403	narrow
38	15	False	True	True	True	20.0	1.5623852	narrow
38	15	False	True	True	True	21.0	1.2823341	narrow
38	15	False	True	True	True	22.0	1.2298658	narrow
38	15	False	True	True	True	23.0	1.0177453	narrow
38	15	False	True	True	True	24.0	0.8787272	narrow
38	15	False	True	True	True	25.0	0.77303165	narrow
38	15	False	True	True	True	10.0	2.3250024	wide
38	15	False	True	True	True	11.0	1.755363	wide
38	15	False	True	True	True	12.0	1.6929884	wide
38	15	False	True	True	True	13.0	2.017845	wide
38	15	False	True	True	True	14.0	1.5896885	wide
38	15	False	True	True	True	15.0	1.2726055	wide
38	15	False	True	True	True	16.0	1.111933	wide
38	15	False	True	True	True	17.0	1.014567	wide
38	15	False	True	True	True	18.0	0.9399703	wide
38	15	False	True	True	True	19.0	0.8739569	wide
38	15	False	True	True	True	20.0	0.8120064	wide
38	15	False	True	True	True	21.0	0.75278693	wide
38	15	False	True	True	True	22.0	0.6961039	wide
38	15	False	True	True	True	23.0	0.64214426	wide
38	15	False	True	True	True	24.0	0.59116495	wide
38	15	False	True	True	True	25.0	0.54336625	wide
38	15	False	True	True	True	26.0	0.49888307	wide
38	15	False	True	True	True	27.0	0.4583062	wide
38	15	False	True	True	True	28.0	0.4255441	wide
38	15	False	True	True	True	29.0	0.40638778	wide
38	15	False	True	True	True	30.0	0.38427055	wide
38	15	False	True	True	True	31.0	0.33630154	wide
38	15	False	True	True	True	32.0	0.29745424	wide
38	15	False	True	True	True	33.0	0.28923267	wide
38	15	False	True	True	True	34.0	0.27522436	wide
38	15	False	True	True	True	35.0	0.24546805	wide
38	15	False	True	True	True	36.0	0.21736793	wide
38	15	False	True	True	True	37.0	0.1968337	wide
38	15	False	True	True	True	38.0	0.1808072	wide
38	15	False	True	True	True	39.0	0.16689329	wide
38	15	False	True	True	True	40.0	0.15432243	wide
38	18	False	True	True	False	10.0	12.082701	narrow
38	18	False	True	True	False	11.0	4.9887676	narrow
38	18	False	True	True	False	12.0	3.9009788	narrow
38	18	False	True	True	False	13.0	2.3281887	narrow
38	18	False	True	True	False	14.0	2.0008879	narrow
38	18	False	True	True	False	15.0	2.1633546	narrow
38	18	False	True	True	False	16.0	2.4649713	narrow
38	18	False	True	True	False	17.0	2.656831	narrow
38	18	False	True	True	False	18.0	2.665277	narrow
38	18	False	True	True	False	19.0	2.52839	narrow
38	18	False	True	True	False	20.0	2.3087406	narrow
38	18	False	True	True	False	21.0	2.057131	narrow
38	18	False	True	True	False	22.0	1.8057852	narrow
38	18	False	True	True	False	23.0	1.5716844	narrow
38	18	False	True	True	False	24.0	1.3618718	narrow
38	18	False	True	True	False	25.0	1.1778221	narrow
38	18	False	True	True	False	10.0	0.88503337	wide
38	18	False	True	True	False	11.0	0.8936998	wide
38	18	False	True	True	False	12.0	1.251196	wide
38	18	False	True	True	False	13.0	1.1742827	wide
38	18	False	True	True	False	14.0	1.0065906	wide
38	18	False	True	True	False	15.0	0.90303403	wide
38	18	False	True	True	False	16.0	0.84056485	wide
38	18	False	True	True	False	17.0	0.79672647	wide
38	18	False	True	True	False	18.0	0.75854623	wide
38	18	False	True	True	False	19.0	0.7195752	wide
38	18	False	True	True	False	20.0	0.67785734	wide
38	18	False	True	True	False	21.0	0.6338579	wide
38	18	False	True	True	False	22.0	0.58891934	wide
38	18	False	True	True	False	23.0	0.54442084	wide
38	18	False	True	True	False	24.0	0.5014475	wide
38	18	False	True	True	False	25.0	0.46072716	wide
38	18	False	True	True	False	26.0	0.42267704	wide
38	18	False	True	True	False	27.0	0.3874794	wide
38	18	False	True	True	False	28.0	0.35515347	wide
38	18	False	True	True	False	29.0	0.32561296	wide
38	18	False	True	True	False	30.0	0.29870868	wide
38	18	False	True	True	False	31.0	0.27425772	wide
38	18	False	True	True	False	32.0	0.25206342	wide
38	18	False	True	True	False	33.0	0.23192799	wide
38	18	False	True	True	False	34.0	0.2136605	wide
38	18	False	True	True	False	35.0	0.19708121	wide
38	18	False	True	True	False	36.0	0.1820239	wide
38	18	False	True	True	False	37.0	0.16833667	wide
38	18	False	True	True	False	38.0	0.15588193	wide
38	18	False	True	True	False	39.0	0.1445355	wide
38	18	False	True	True	False	40.0	0.13418618	wide
38	18	False	True	True	True	10.0	11.25591	narrow
38	18	False	True	True	True	11.0	4.6281424	narrow
38	18	False	True	True	True	12.0	3.6953511	narrow
38	18	False	True	True	True	13.0	2.1799958	narrow
38	18	False	True	True	True	14.0	1.8464681	narrow
38	18	False	True	True	True	15.0	1.9767963	narrow
38	18	False	True	True	True	16.0	2.2358987	narrow
38	18	False	True	True	True	17.0	2.396383	narrow
38	18	False	True	True	True	18.0	2.392629	narrow
38	18	False	True	True	True	19.0	2.2604287	narrow
38	18	False	True	True	True	20.0	2.056801	narrow
38	18	False	True	True	True	21.0	1.8273143	narrow
38	18	False	True	True	True	22.0	1.6003662	narrow
38	18	False	True	True	True	23.0	1.3905251	narrow
38	18	False	True	True	True	24.0	1.2034925	narrow
38	18	False	True	True	True	25.0	1.0401093	narrow
38	18	False	True	True	True	10.0	0.8387248	wide
38	18	False	True	True	True	11.0	0.866664	wide
38	18	False	True	True	True	12.0	1.1981357	wide
38	18	False	True	True	True	13.0	1.1089548	wide
38	18	False	True	True	True	14.0	0.9371583	wide
38	18	False	True	True	True	15.0	0.8325521	wide
38	18	False	True	True	True	16.0	0.76961565	wide
38	18	False	True	True	True	17.0	0.7255088	wide
38	18	False	True	True	True	18.0	0.68765134	wide
38	18	False	True	True	True	19.0	0.64988136	wide
38	18	False	True	True	True	20.0	0.6102537	wide
38	18	False	True	True	True	21.0	0.5690693	wide
38	18	False	True	True	True	22.0	0.5274486	wide
38	18	False	True	True	True	23.0	0.48655918	wide
38	18	False	True	True	True	24.0	0.4473136	wide
38	18	False	True	True	True	25.0	0.4103108	wide
38	18	False	True	True	True	26.0	0.37587854	wide
38	18	False	True	True	True	27.0	0.34414104	wide
38	18	False	True	True	True	28.0	0.31508267	wide
38	18	False	True	True	True	29.0	0.28859967	wide
38	18	False	True	True	True	30.0	0.26453713	wide
38	18	False	True	True	True	31.0	0.24271432	wide
38	18	False	True	True	True	32.0	0.2229419	wide
38	18	False	True	True	True	33.0	0.20503275	wide
38	18	False	True	True	True	34.0	0.1888081	wide
38	18	False	True	True	True	35.0	0.17410126	wide
38	18	False	True	True	True	36.0	0.1607591	wide
38	18	False	True	True	True	37.0	0.14864251	wide
38	18	False	True	True	True	38.0	0.13762608	wide
38	18	False	True	True	True	39.0	0.12759705	wide
38	18	False	True	True	True	40.0	0.11845494	wide
38	18	False	True	True	True	10.0	13.188432	narrow
38	18	False	True	True	True	11.0	5.4705415	narrow
38	18	False	True	True	True	12.0	4.167911	narrow
38	18	False	True	True	True	13.0	2.5207775	narrow
38	18	False	True	True	True	14.0	2.2059004	narrow
38	18	False	True	True	True	15.0	2.4183114	narrow
38	18	False	True	True	True	16.0	2.7826657	narrow
38	18	False	True	True	True	17.0	3.0204694	narrow
38	18	False	True	True	True	18.0	3.0474787	narrow
38	18	False	True	True	True	19.0	2.905167	narrow
38	18	False	True	True	True	20.0	2.6638973	narrow
38	18	False	True	True	True	21.0	2.3818095	narrow
38	18	False	True	True	True	22.0	2.0965233	narrow
38	18	False	True	True	True	23.0	1.8284631	narrow
38	18	False	True	True	True	24.0	1.5866178	narrow
38	18	False	True	True	True	25.0	1.3734069	narrow
38	18	False	True	True	True	10.0	0.94524825	wide
38	18	False	True	True	True	11.0	0.9274302	wide
38	18	False	True	True	True	12.0	1.3180944	wide
38	18	False	True	True	True	13.0	1.2594378	wide
38	18	False	True	True	True	14.0	1.0988091	wide
38	18	False	True	True	True	15.0	0.998058	wide
38	18	False	True	True	True	16.0	0.93742275	wide
38	18	False	True	True	True	17.0	0.89485127	wide
38	18	False	True	True	True	18.0	0.85684836	wide
38	18	False	True	True	True	19.0	0.8166411	wide
38	18	False	True	True	True	20.0	0.77232015	wide
38	18	False	True	True	True	21.0	0.7246184	wide
38	18	False	True	True	True	22.0	0.6752125	wide
38	18	False	True	True	True	23.0	0.6257914	wide
38	18	False	True	True	True	24.0	0.57769203	wide
38	18	False	True	True	True	25.0	0.5318304	wide
38	18	False	True	True	True	26.0	0.48875517	wide
38	18	False	True	True	True	27.0	0.44873518	wide
38	18	False	True	True	True	28.0	0.4118424	wide
38	18	False	True	True	True	29.0	0.37801862	wide
38	18	False	True	True	True	30.0	0.34712535	wide
38	18	False	True	True	True	31.0	0.31897885	wide
38	18	False	True	True	True	32.0	0.29337358	wide
38	18	False	True	True	True	33.0	0.27009854	wide
38	18	False	True	True	True	34.0	0.24894652	wide
38	18	False	True	True	True	35.0	0.2297205	wide
38	18	False	True	True	True	36.0	0.21223637	wide
38	18	False	True	True	True	37.0	0.19632488	wide
38	18	False	True	True	True	38.0	0.18183164	wide
38	18	False	True	True	True	39.0	0.16861664	wide
38	18	False	True	True	True	40.0	0.15655398	wide
39	15	False	True	True	False	10.0	6.0970316	narrow
39	15	False	True	True	False	11.0	4.1039433	narrow
39	15	False	True	True	False	12.0	1.9173315	narrow
39	15	False	True	True	False	13.0	0.8172587	narrow
39	15	False	True	True	False	14.0	1.4173778	narrow
39	15	False	True	True	False	15.0	1.9903091	narrow
39	15	False	True	True	False	16.0	2.3548088	narrow
39	15	False	True	True	False	17.0	2.3947577	narrow
39	15	False	True	True	False	18.0	2.1525788	narrow
39	15	False	True	True	False	19.0	1.7856803	narrow
39	15	False	True	True	False	20.0	1.4101092	narrow
39	15	False	True	True	False	21.0	1.0838276	narrow
39	15	False	True	True	False	22.0	0.823994	narrow
39	15	False	True	True	False	23.0	0.62680596	narrow
39	15	False	True	True	False	24.0	0.48080698	narrow
39	15	False	True	True	False	25.0	0.37369105	narrow
39	15	False	True	True	False	10.0	4.327466	wide
39	15	False	True	True	False	11.0	4.157457	wide
39	15	False	True	True	False	12.0	3.0565662	wide
39	15	False	True	True	False	13.0	1.7481214	wide
39	15	False	True	True	False	14.0	0.93306863	wide
39	15	False	True	True	False	15.0	0.60144204	wide
39	15	False	True	True	False	16.0	0.39913052	wide
39	15	False	True	True	False	17.0	0.5278131	wide
39	15	False	True	True	False	18.0	0.7689737	wide
39	15	False	True	True	False	19.0	0.8849145	wide
39	15	False	True	True	False	20.0	0.9613718	wide
39	15	False	True	True	False	21.0	0.9928684	wide
39	15	False	True	True	False	22.0	0.9674766	wide
39	15	False	True	True	False	23.0	0.8987849	wide
39	15	False	True	True	False	24.0	0.8054644	wide
39	15	False	True	True	False	25.0	0.70299673	wide
39	15	False	True	True	False	26.0	0.60209584	wide
39	15	False	True	True	False	27.0	0.5091196	wide
39	15	False	True	True	False	28.0	0.4271116	wide
39	15	False	True	True	False	29.0	0.35689482	wide
39	15	False	True	True	False	30.0	0.29797438	wide
39	15	False	True	True	False	31.0	0.2491867	wide
39	15	False	True	True	False	32.0	0.20911767	wide
39	15	False	True	True	False	33.0	0.17634824	wide
39	15	False	True	True	False	34.0	0.14958036	wide
39	15	False	True	True	False	35.0	0.1276889	wide
39	15	False	True	True	False	36.0	0.10973169	wide
39	15	False	True	True	False	37.0	0.09493698	wide
39	15	False	True	True	False	38.0	0.08268217	wide
39	15	False	True	True	False	39.0	0.07246908	wide
39	15	False	True	True	False	40.0	0.06390204	wide
39	15	False	True	True	True	10.0	5.6722193	narrow
39	15	False	True	True	True	11.0	3.8545594	narrow
39	15	False	True	True	True	12.0	1.781336	narrow
39	15	False	True	True	True	13.0	0.7710235	narrow
39	15	False	True	True	True	14.0	1.3015687	narrow
39	15	False	True	True	True	15.0	1.8429207	narrow
39	15	False	True	True	True	16.0	2.1876624	narrow
39	15	False	True	True	True	17.0	2.2249947	narrow
39	15	False	True	True	True	18.0	2.0003145	narrow
39	15	False	True	True	True	19.0	1.6596404	narrow
39	15	False	True	True	True	20.0	1.3106685	narrow
39	15	False	True	True	True	21.0	1.007317	narrow
39	15	False	True	True	True	22.0	0.7656354	narrow
39	15	False	True	True	True	23.0	0.58217376	narrow
39	15	False	True	True	True	24.0	0.44633192	narrow
39	15	False	True	True	True	25.0	0.34668836	narrow
39	15	False	True	True	True	10.0	4.0274606	wide
39	15	False	True	True	True	11.0	3.8913434	wide
39	15	False	True	True	True	12.0	2.8624442	wide
39	15	False	True	True	True	13.0	1.6325682	wide
39	15	False	True	True	True	14.0	0.8655758	wide
39	15	False	True	True	True	15.0	0.5489711	wide
39	15	False	True	True	True	16.0	0.37267578	wide
39	15	False	True	True	True	17.0	0.4891868	wide
39	15	False	True	True	True	18.0	0.7062721	wide
39	15	False	True	True	True	19.0	0.81876546	wide
39	15	False	True	True	True	20.0	0.8927369	wide
39	15	False	True	True	True	21.0	0.9223988	wide
39	15	False	True	True	True	22.0	0.89881444	wide
39	15	False	True	True	True	23.0	0.8350381	wide
39	15	False	True	True	True	24.0	0.7483973	wide
39	15	False	True	True	True	25.0	0.65324074	wide
39	15	False	True	True	True	26.0	0.5595095	wide
39	15	False	True	True	True	27.0	0.47311223	wide
39	15	False	True	True	True	28.0	0.39688444	wide
39	15	False	True	True	True	29.0	0.33159992	wide
39	15	False	True	True	True	30.0	0.27680728	wide
39	15	False	True	True	True	31.0	0.23143129	wide
39	15	False	True	True	True	32.0	0.19416192	wide
39	15	False	True	True	True	33.0	0.16368268	wide
39	15	False	True	True	True	34.0	0.13878822	wide
39	15	False	True	True	True	35.0	0.11843282	wide
39	15	False	True	True	True	36.0	0.101740256	wide
39	15	False	True	True	True	37.0	0.08799225	wide
39	15	False	True	True	True	38.0	0.07660911	wide
39	15	False	True	True	True	39.0	0.06712694	wide
39	15	False	True	True	True	40.0	0.059176892	wide
39	15	False	True	True	True	10.0	6.6711826	narrow
39	15	False	True	True	True	11.0	4.4357677	narrow
39	15	False	True	True	True	12.0	2.105329	narrow
39	15	False	True	True	True	13.0	0.87866914	narrow
39	15	False	True	True	True	14.0	1.5795345	narrow
39	15	False	True	True	True	15.0	2.1918983	narrow
39	15	False	True	True	True	16.0	2.5813165	narrow
39	15	False	True	True	True	17.0	2.624954	narrow
39	15	False	True	True	True	18.0	2.3592212	narrow
39	15	False	True	True	True	19.0	1.956884	narrow
39	15	False	True	True	True	20.0	1.5453038	narrow
39	15	False	True	True	True	21.0	1.1879345	narrow
39	15	False	True	True	True	22.0	0.90345675	narrow
39	15	False	True	True	True	23.0	0.68760896	narrow
39	15	False	True	True	True	24.0	0.52778697	narrow
39	15	False	True	True	True	25.0	0.41049245	narrow
39	15	False	True	True	True	10.0	4.7335353	wide
39	15	False	True	True	True	11.0	4.5146637	wide
39	15	False	True	True	True	12.0	3.316801	wide
39	15	False	True	True	True	13.0	1.9033052	wide
39	15	False	True	True	True	14.0	1.0249621	wide
39	15	False	True	True	True	15.0	0.675452	wide
39	15	False	True	True	True	16.0	0.43463853	wide
39	15	False	True	True	True	17.0	0.58066976	wide
39	15	False	True	True	True	18.0	0.85641223	wide
39	15	False	True	True	True	19.0	0.97563565	wide
39	15	False	True	True	True	20.0	1.0546213	wide
39	15	False	True	True	True	21.0	1.0885079	wide
39	15	False	True	True	True	22.0	1.0606959	wide
39	15	False	True	True	True	23.0	0.9853628	wide
39	15	False	True	True	True	24.0	0.8829981	wide
39	15	False	True	True	True	25.0	0.7706227	wide
39	15	False	True	True	True	26.0	0.66000044	wide
39	15	False	True	True	True	27.0	0.5580986	wide
39	15	False	True	True	True	28.0	0.46824402	wide
39	15	False	True	True	True	29.0	0.3913273	wide
39	15	False	True	True	True	30.0	0.32679614	wide
39	15	False	True	True	True	31.0	0.27336848	wide
39	15	False	True	True	True	32.0	0.22948962	wide
39	15	False	True	True	True	33.0	0.19360207	wide
39	15	False	True	True	True	34.0	0.16428241	wide
39	15	False	True	True	True	35.0	0.1402979	wide
39	15	False	True	True	True	36.0	0.12061713	wide
39	15	False	True	True	True	37.0	0.104395494	wide
39	15	False	True	True	True	38.0	0.09095208	wide
39	15	False	True	True	True	39.0	0.0797424	wide
39	15	False	True	True	True	40.0	0.07033387	wide
39	18	False	True	True	False	10.0	47.764633	narrow
39	18	False	True	True	False	11.0	3.9035277	narrow
39	18	False	True	True	False	12.0	2.6479971	narrow
39	18	False	True	True	False	13.0	2.7614686	narrow
39	18	False	True	True	False	14.0	2.8015687	narrow
39	18	False	True	True	False	15.0	2.6277554	narrow
39	18	False	True	True	False	16.0	2.2811537	narrow
39	18	False	True	True	False	17.0	1.8630205	narrow
39	18	False	True	True	False	18.0	1.4575342	narrow
39	18	False	True	True	False	19.0	1.1089516	narrow
39	18	False	True	True	False	20.0	0.8303834	narrow
39	18	False	True	True	False	21.0	0.61773264	narrow
39	18	False	True	True	False	22.0	0.4599431	narrow
39	18	False	True	True	False	23.0	0.34475365	narrow
39	18	False	True	True	False	24.0	0.26128578	narrow
39	18	False	True	True	False	25.0	0.20084348	narrow
39	18	False	True	True	False	10.0	13.026756	wide
39	18	False	True	True	False	11.0	6.901166	wide
39	18	False	True	True	False	12.0	6.2714176	wide
39	18	False	True	True	False	13.0	4.665569	wide
39	18	False	True	True	False	14.0	3.147273	wide
39	18	False	True	True	False	15.0	1.8444505	wide
39	18	False	True	True	False	16.0	0.87897617	wide
39	18	False	True	True	False	17.0	0.63656217	wide
39	18	False	True	True	False	18.0	1.0057706	wide
39	18	False	True	True	False	19.0	1.4872034	wide
39	18	False	True	True	False	20.0	1.7771106	wide
39	18	False	True	True	False	21.0	1.8539864	wide
39	18	False	True	True	False	22.0	1.7741085	wide
39	18	False	True	True	False	23.0	1.5918685	wide
39	18	False	True	True	False	24.0	1.3587339	wide
39	18	False	True	True	False	25.0	1.1168294	wide
39	18	False	True	True	False	26.0	0.89295393	wide
39	18	False	True	True	False	27.0	0.70012194	wide
39	18	False	True	True	False	28.0	0.5420037	wide
39	18	False	True	True	False	29.0	0.41686937	wide
39	18	False	True	True	False	30.0	0.32036376	wide
39	18	False	True	True	False	31.0	0.24728501	wide
39	18	False	True	True	False	32.0	0.19260073	wide
39	18	False	True	True	False	33.0	0.15194052	wide
39	18	False	True	True	False	34.0	0.12175148	wide
39	18	False	True	True	False	35.0	0.099269554	wide
39	18	False	True	True	False	36.0	0.08240993	wide
39	18	False	True	True	False	37.0	0.06963275	wide
39	18	False	True	True	False	38.0	0.05981748	wide
39	18	False	True	True	False	39.0	0.052156173	wide
39	18	False	True	True	False	40.0	0.046069976	wide
39	18	False	True	True	True	10.0	44.46756	narrow
39	18	False	True	True	True	11.0	3.7609272	narrow
39	18	False	True	True	True	12.0	2.4507163	narrow
39	18	False	True	True	True	13.0	2.529317	narrow
39	18	False	True	True	True	14.0	2.5816243	narrow
39	18	False	True	True	True	15.0	2.43426	narrow
39	18	False	True	True	True	16.0	2.1198206	narrow
39	18	False	True	True	True	17.0	1.7345847	narrow
39	18	False	True	True	True	18.0	1.3588157	narrow
39	18	False	True	True	True	19.0	1.0348561	narrow
39	18	False	True	True	True	20.0	0.7755276	narrow
39	18	False	True	True	True	21.0	0.57733107	narrow
39	18	False	True	True	True	22.0	0.43013057	narrow
39	18	False	True	True	True	23.0	0.32258618	narrow
39	18	False	True	True	True	24.0	0.24460247	narrow
39	18	False	True	True	True	25.0	0.18809476	narrow
39	18	False	True	True	True	10.0	12.164298	wide
39	18	False	True	True	True	11.0	6.4566016	wide
39	18	False	True	True	True	12.0	5.8367267	wide
39	18	False	True	True	True	13.0	4.3164754	wide
39	18	False	True	True	True	14.0	2.873907	wide
39	18	False	True	True	True	15.0	1.6574851	wide
39	18	False	True	True	True	16.0	0.79129696	wide
39	18	False	True	True	True	17.0	0.58742225	wide
39	18	False	True	True	True	18.0	0.9205122	wide
39	18	False	True	True	True	19.0	1.3568273	wide
39	18	False	True	True	True	20.0	1.6283374	wide
39	18	False	True	True	True	21.0	1.7068785	wide
39	18	False	True	True	True	22.0	1.6389234	wide
39	18	False	True	True	True	23.0	1.474321	wide
39	18	False	True	True	True	24.0	1.261027	wide
39	18	False	True	True	True	25.0	1.0382681	wide
39	18	False	True	True	True	26.0	0.8312177	wide
39	18	False	True	True	True	27.0	0.65234256	wide
39	18	False	True	True	True	28.0	0.5053693	wide
39	18	False	True	True	True	29.0	0.38889444	wide
39	18	False	True	True	True	30.0	0.29898375	wide
39	18	False	True	True	True	31.0	0.23085722	wide
39	18	False	True	True	True	32.0	0.1798593	wide
39	18	False	True	True	True	33.0	0.14193305	wide
39	18	False	True	True	True	34.0	0.11377321	wide
39	18	False	True	True	True	35.0	0.09280484	wide
39	18	False	True	True	True	36.0	0.077083714	wide
39	18	False	True	True	True	37.0	0.06517262	wide
39	18	False	True	True	True	38.0	0.056025248	wide
39	18	False	True	True	True	39.0	0.048886888	wide
39	18	False	True	True	True	40.0	0.043216806	wide
39	18	False	True	True	True	10.0	51.811337	narrow
39	18	False	True	True	True	11.0	4.084655	narrow
39	18	False	True	True	True	12.0	2.9396906	narrow
39	18	False	True	True	True	13.0	3.1057093	narrow
39	18	False	True	True	True	14.0	3.117204	narrow
39	18	False	True	True	True	15.0	2.8976202	narrow
39	18	False	True	True	True	16.0	2.5021818	narrow
39	18	False	True	True	True	17.0	2.0372043	narrow
39	18	False	True	True	True	18.0	1.5906792	narrow
39	18	False	True	True	True	19.0	1.2085947	narrow
39	18	False	True	True	True	20.0	0.9040452	narrow
39	18	False	True	True	True	21.0	0.6719512	narrow
39	18	False	True	True	True	22.0	0.49994737	narrow
39	18	False	True	True	True	23.0	0.37450746	narrow
39	18	False	True	True	True	24.0	0.28369015	narrow
39	18	False	True	True	True	25.0	0.21797624	narrow
39	18	False	True	True	True	10.0	14.124543	wide
39	18	False	True	True	True	11.0	7.4955144	wide
39	18	False	True	True	True	12.0	6.8594975	wide
39	18	False	True	True	True	13.0	5.1548543	wide
39	18	False	True	True	True	14.0	3.5500672	wide
39	18	False	True	True	True	15.0	2.132788	wide
39	18	False	True	True	True	16.0	1.0132817	wide
39	18	False	True	True	True	17.0	0.7048751	wide
39	18	False	True	True	True	18.0	1.1313878	wide
39	18	False	True	True	True	19.0	1.6825794	wide
39	18	False	True	True	True	20.0	1.9962236	wide
39	18	False	True	True	True	21.0	2.066013	wide
39	18	False	True	True	True	22.0	1.965615	wide
39	18	False	True	True	True	23.0	1.7561116	wide
39	18	False	True	True	True	24.0	1.4936888	wide
39	18	False	True	True	True	25.0	1.2243335	wide
39	18	False	True	True	True	26.0	0.9768532	wide
39	18	False	True	True	True	27.0	0.76474965	wide
39	18	False	True	True	True	28.0	0.5914113	wide
39	18	False	True	True	True	29.0	0.45453486	wide
39	18	False	True	True	True	30.0	0.34912705	wide
39	18	False	True	True	True	31.0	0.2693828	wide
39	18	False	True	True	True	32.0	0.20974547	wide
39	18	False	True	True	True	33.0	0.16541588	wide
39	18	False	True	True	True	34.0	0.1325046	wide
39	18	False	True	True	True	35.0	0.10799228	wide
39	18	False	True	True	True	36.0	0.08960482	wide
39	18	False	True	True	True	37.0	0.075664334	wide
39	18	False	True	True	True	38.0	0.064950794	wide
39	18	False	True	True	True	39.0	0.056585107	wide
39	18	False	True	True	True	40.0	0.04993746	wide
40	15	False	True	True	False	10.0	1.0898921	narrow
40	15	False	True	True	False	11.0	0.45230976	narrow
40	15	False	True	True	False	12.0	0.28033555	narrow
40	15	False	True	True	False	13.0	0.17072447	narrow
40	15	False	True	True	False	14.0	0.085730165	narrow
40	15	False	True	True	False	15.0	0.029524814	narrow
40	15	False	True	True	False	16.0	0.0060257893	narrow
40	15	False	True	True	False	17.0	0.0123954	narrow
40	15	False	True	True	False	18.0	0.03621018	narrow
40	15	False	True	True	False	19.0	0.06273724	narrow
40	15	False	True	True	False	20.0	0.082846805	narrow
40	15	False	True	True	False	21.0	0.0942916	narrow
40	15	False	True	True	False	22.0	0.09859526	narrow
40	15	False	True	True	False	23.0	0.098057136	narrow
40	15	False	True	True	False	24.0	0.09448243	narrow
40	15	False	True	True	False	25.0	0.08906235	narrow
40	15	False	True	True	False	10.0	0.48541555	wide
40	15	False	True	True	False	11.0	0.45960954	wide
40	15	False	True	True	False	12.0	0.18897104	wide
40	15	False	True	True	False	13.0	0.15055141	wide
40	15	False	True	True	False	14.0	0.11724564	wide
40	15	False	True	True	False	15.0	0.08853007	wide
40	15	False	True	True	False	16.0	0.06454667	wide
40	15	False	True	True	False	17.0	0.045021385	wide
40	15	False	True	True	False	18.0	0.029534897	wide
40	15	False	True	True	False	19.0	0.017728318	wide
40	15	False	True	True	False	20.0	0.00934718	wide
40	15	False	True	True	False	21.0	0.0041517313	wide
40	15	False	True	True	False	22.0	0.0017974817	wide
40	15	False	True	True	False	23.0	0.0017783035	wide
40	15	False	True	True	False	24.0	0.0034594983	wide
40	15	False	True	True	False	25.0	0.0061703376	wide
40	15	False	True	True	False	26.0	0.00930499	wide
40	15	False	True	True	False	27.0	0.012392994	wide
40	15	False	True	True	False	28.0	0.015124954	wide
40	15	False	True	True	False	29.0	0.017340599	wide
40	15	False	True	True	False	30.0	0.01899483	wide
40	15	False	True	True	False	31.0	0.020117514	wide
40	15	False	True	True	False	32.0	0.020778302	wide
40	15	False	True	True	False	33.0	0.021060586	wide
40	15	False	True	True	False	34.0	0.021045512	wide
40	15	False	True	True	False	35.0	0.02080403	wide
40	15	False	True	True	False	36.0	0.020394236	wide
40	15	False	True	True	False	37.0	0.019861901	wide
40	15	False	True	True	False	38.0	0.019242305	wide
40	15	False	True	True	False	39.0	0.018562442	wide
40	15	False	True	True	False	40.0	0.017843	wide
40	15	False	True	True	True	10.0	0.9049379	narrow
40	15	False	True	True	True	11.0	0.3617124	narrow
40	15	False	True	True	True	12.0	0.22042474	narrow
40	15	False	True	True	True	13.0	0.13283855	narrow
40	15	False	True	True	True	14.0	0.065896735	narrow
40	15	False	True	True	True	15.0	0.022396568	narrow
40	15	False	True	True	True	16.0	0.0046408614	narrow
40	15	False	True	True	True	17.0	0.0099422755	narrow
40	15	False	True	True	True	18.0	0.028623017	narrow
40	15	False	True	True	True	19.0	0.049405154	narrow
40	15	False	True	True	True	20.0	0.065284915	narrow
40	15	False	True	True	True	21.0	0.07448196	narrow
40	15	False	True	True	True	22.0	0.0781041	narrow
40	15	False	True	True	True	23.0	0.07788646	narrow
40	15	False	True	True	True	24.0	0.07521822	narrow
40	15	False	True	True	True	25.0	0.0710355	narrow
40	15	False	True	True	True	10.0	0.4025084	wide
40	15	False	True	True	True	11.0	0.38007784	wide
40	15	False	True	True	True	12.0	0.15061034	wide
40	15	False	True	True	True	13.0	0.119396456	wide
40	15	False	True	True	True	14.0	0.09253459	wide
40	15	False	True	True	True	15.0	0.069493875	wide
40	15	False	True	True	True	16.0	0.0503618	wide
40	15	False	True	True	True	17.0	0.034896623	wide
40	15	False	True	True	True	18.0	0.022734221	wide
40	15	False	True	True	True	19.0	0.013548507	wide
40	15	False	True	True	True	20.0	0.0070922486	wide
40	15	False	True	True	True	21.0	0.0031364937	wide
40	15	False	True	True	True	22.0	0.0013844091	wide
40	15	False	True	True	True	23.0	0.0014286562	wide
40	15	False	True	True	True	24.0	0.002774165	wide
40	15	False	True	True	True	25.0	0.004904976	wide
40	15	False	True	True	True	26.0	0.0073577785	wide
40	15	False	True	True	True	27.0	0.009773369	wide
40	15	False	True	True	True	28.0	0.011915137	wide
40	15	False	True	True	True	29.0	0.013659725	wide
40	15	False	True	True	True	30.0	0.014971348	wide
40	15	False	True	True	True	31.0	0.015871463	wide
40	15	False	True	True	True	32.0	0.016412191	wide
40	15	False	True	True	True	33.0	0.016656578	wide
40	15	False	True	True	True	34.0	0.01666643	wide
40	15	False	True	True	True	35.0	0.016496168	wide
40	15	False	True	True	True	36.0	0.016190689	wide
40	15	False	True	True	True	37.0	0.015785668	wide
40	15	False	True	True	True	38.0	0.015308857	wide
40	15	False	True	True	True	39.0	0.014781689	wide
40	15	False	True	True	True	40.0	0.014220752	wide
40	15	False	True	True	True	10.0	1.4037702	narrow
40	15	False	True	True	True	11.0	0.6212585	narrow
40	15	False	True	True	True	12.0	0.39526504	narrow
40	15	False	True	True	True	13.0	0.24453339	narrow
40	15	False	True	True	True	14.0	0.12507823	narrow
40	15	False	True	True	True	15.0	0.043915488	narrow
40	15	False	True	True	True	16.0	0.008791217	narrow
40	15	False	True	True	True	17.0	0.01700105	narrow
40	15	False	True	True	True	18.0	0.050725948	narrow
40	15	False	True	True	True	19.0	0.08831644	narrow
40	15	False	True	True	True	20.0	0.11644204	narrow
40	15	False	True	True	True	21.0	0.13201007	narrow
40	15	False	True	True	True	22.0	0.13743699	narrow
40	15	False	True	True	True	23.0	0.13616224	narrow
40	15	False	True	True	True	24.0	0.13079955	narrow
40	15	False	True	True	True	25.0	0.12301448	narrow
40	15	False	True	True	True	10.0	0.62743014	wide
40	15	False	True	True	True	11.0	0.5994502	wide
40	15	False	True	True	True	12.0	0.26149035	wide
40	15	False	True	True	True	13.0	0.20973086	wide
40	15	False	True	True	True	14.0	0.16442569	wide
40	15	False	True	True	True	15.0	0.12513286	wide
40	15	False	True	True	True	16.0	0.09206481	wide
40	15	False	True	True	True	17.0	0.06486172	wide
40	15	False	True	True	True	18.0	0.0430004	wide
40	15	False	True	True	True	19.0	0.026088178	wide
40	15	False	True	True	True	20.0	0.013899913	wide
40	15	False	True	True	True	21.0	0.0062152594	wide
40	15	False	True	True	True	22.0	0.0026236456	wide
40	15	False	True	True	True	23.0	0.002437225	wide
40	15	False	True	True	True	24.0	0.0047478587	wide
40	15	False	True	True	True	25.0	0.008575873	wide
40	15	False	True	True	True	26.0	0.013029607	wide
40	15	False	True	True	True	27.0	0.017416004	wide
40	15	False	True	True	True	28.0	0.021281261	wide
40	15	False	True	True	True	29.0	0.0243933	wide
40	15	False	True	True	True	30.0	0.026690667	wide
40	15	False	True	True	True	31.0	0.028222024	wide
40	15	False	True	True	True	32.0	0.029093446	wide
40	15	False	True	True	True	33.0	0.029429618	wide
40	15	False	True	True	True	34.0	0.029350396	wide
40	15	False	True	True	True	35.0	0.02895931	wide
40	15	False	True	True	True	36.0	0.028340053	wide
40	15	False	True	True	True	37.0	0.027557632	wide
40	15	False	True	True	True	38.0	0.026661403	wide
40	15	False	True	True	True	39.0	0.025688529	wide
40	15	False	True	True	True	40.0	0.024667034	wide
40	18	False	True	True	False	10.0	2.418243	narrow
40	18	False	True	True	False	11.0	1.3112619	narrow
40	18	False	True	True	False	12.0	0.869351	narrow
40	18	False	True	True	False	13.0	0.51074153	narrow
40	18	False	True	True	False	14.0	0.25135905	narrow
40	18	False	True	True	False	15.0	0.09358103	narrow
40	18	False	True	True	False	16.0	0.021208448	narrow
40	18	False	True	True	False	17.0	0.010420291	narrow
40	18	False	True	True	False	18.0	0.037423305	narrow
40	18	False	True	True	False	19.0	0.08255715	narrow
40	18	False	True	True	False	20.0	0.13168994	narrow
40	18	False	True	True	False	21.0	0.1759626	narrow
40	18	False	True	True	False	22.0	0.21076313	narrow
40	18	False	True	True	False	23.0	0.23450479	narrow
40	18	False	True	True	False	24.0	0.24752069	narrow
40	18	False	True	True	False	25.0	0.25119862	narrow
40	18	False	True	True	False	10.0	0.8997353	wide
40	18	False	True	True	False	11.0	0.7692694	wide
40	18	False	True	True	False	12.0	0.3839921	wide
40	18	False	True	True	False	13.0	0.2653048	wide
40	18	False	True	True	False	14.0	0.17526838	wide
40	18	False	True	True	False	15.0	0.1093953	wide
40	18	False	True	True	False	16.0	0.06340707	wide
40	18	False	True	True	False	17.0	0.03312091	wide
40	18	False	True	True	False	18.0	0.014787877	wide
40	18	False	True	True	False	19.0	0.005233386	wide
40	18	False	True	True	False	20.0	0.0018790906	wide
40	18	False	True	True	False	21.0	0.002700496	wide
40	18	False	True	True	False	22.0	0.0061545097	wide
40	18	False	True	True	False	23.0	0.011098204	wide
40	18	False	True	True	False	24.0	0.016710248	wide
40	18	False	True	True	False	25.0	0.022420729	wide
40	18	False	True	True	False	26.0	0.027851624	wide
40	18	False	True	True	False	27.0	0.032768223	wide
40	18	False	True	True	False	28.0	0.037039984	wide
40	18	False	True	True	False	29.0	0.04061053	wide
40	18	False	True	True	False	30.0	0.043474585	wide
40	18	False	True	True	False	31.0	0.04566031	wide
40	18	False	True	True	False	32.0	0.047216922	wide
40	18	False	True	True	False	33.0	0.04820521	wide
40	18	False	True	True	False	34.0	0.04869114	wide
40	18	False	True	True	False	35.0	0.048741445	wide
40	18	False	True	True	False	36.0	0.048420522	wide
40	18	False	True	True	False	37.0	0.04778881	wide
40	18	False	True	True	False	38.0	0.046901572	wide
40	18	False	True	True	False	39.0	0.045808483	wide
40	18	False	True	True	False	40.0	0.044553556	wide
40	18	False	True	True	True	10.0	1.9787027	narrow
40	18	False	True	True	True	11.0	1.0480828	narrow
40	18	False	True	True	True	12.0	0.69256413	narrow
40	18	False	True	True	True	13.0	0.40568668	narrow
40	18	False	True	True	True	14.0	0.19881018	narrow
40	18	False	True	True	True	15.0	0.07345982	narrow
40	18	False	True	True	True	16.0	0.016408054	narrow
40	18	False	True	True	True	17.0	0.008453753	narrow
40	18	False	True	True	True	18.0	0.030515045	narrow
40	18	False	True	True	True	19.0	0.06687635	narrow
40	18	False	True	True	True	20.0	0.10627337	narrow
40	18	False	True	True	True	21.0	0.14166734	narrow
40	18	False	True	True	True	22.0	0.16941267	narrow
40	18	False	True	True	True	23.0	0.18827465	narrow
40	18	False	True	True	True	24.0	0.19854426	narrow
40	18	False	True	True	True	25.0	0.20134743	narrow
40	18	False	True	True	True	10.0	0.7313593	wide
40	18	False	True	True	True	11.0	0.6261912	wide
40	18	False	True	True	True	12.0	0.3062379	wide
40	18	False	True	True	True	13.0	0.21124661	wide
40	18	False	True	True	True	14.0	0.13932362	wide
40	18	False	True	True	True	15.0	0.08678124	wide
40	18	False	True	True	True	16.0	0.050162014	wide
40	18	False	True	True	True	17.0	0.026098143	wide
40	18	False	True	True	True	18.0	0.011578595	wide
40	18	False	True	True	True	19.0	0.004058455	wide
40	18	False	True	True	True	20.0	0.0014739749	wide
40	18	False	True	True	True	21.0	0.0022069558	wide
40	18	False	True	True	True	22.0	0.0050255824	wide
40	18	False	True	True	True	23.0	0.009018667	wide
40	18	False	True	True	True	24.0	0.01353233	wide
40	18	False	True	True	True	25.0	0.018113598	wide
40	18	False	True	True	True	26.0	0.022462644	wide
40	18	False	True	True	True	27.0	0.026393896	wide
40	18	False	True	True	True	28.0	0.029804725	wide
40	18	False	True	True	True	29.0	0.032651477	wide
40	18	False	True	True	True	30.0	0.034931064	wide
40	18	False	True	True	True	31.0	0.03666689	wide
40	18	False	True	True	True	32.0	0.037898973	wide
40	18	False	True	True	True	33.0	0.038676415	wide
40	18	False	True	True	True	34.0	0.03905232	wide
40	18	False	True	True	True	35.0	0.039080307	wide
40	18	False	True	True	True	36.0	0.03881204	wide
40	18	False	True	True	True	37.0	0.03829594	wide
40	18	False	True	True	True	38.0	0.037576254	wide
40	18	False	True	True	True	39.0	0.036692746	wide
40	18	False	True	True	True	40.0	0.035680596	wide
40	18	False	True	True	True	10.0	3.1893888	narrow
40	18	False	True	True	True	11.0	1.8012332	narrow
40	18	False	True	True	True	12.0	1.2004405	narrow
40	18	False	True	True	True	13.0	0.7085416	narrow
40	18	False	True	True	True	14.0	0.35110173	narrow
40	18	False	True	True	True	15.0	0.13233566	narrow
40	18	False	True	True	True	16.0	0.030741483	narrow
40	18	False	True	True	True	17.0	0.014052545	narrow
40	18	False	True	True	True	18.0	0.04978298	narrow
40	18	False	True	True	True	19.0	0.11094871	narrow
40	18	False	True	True	True	20.0	0.1780638	narrow
40	18	False	True	True	True	21.0	0.23884793	narrow
40	18	False	True	True	True	22.0	0.2868536	narrow
40	18	False	True	True	True	23.0	0.31980547	narrow
40	18	False	True	True	True	24.0	0.33808842	narrow
40	18	False	True	True	True	25.0	0.34355798	narrow
40	18	False	True	True	True	10.0	1.2005414	wide
40	18	False	True	True	True	11.0	1.0307802	wide
40	18	False	True	True	True	12.0	0.52931094	wide
40	18	False	True	True	True	13.0	0.3666235	wide
40	18	False	True	True	True	14.0	0.2428428	wide
40	18	False	True	True	True	15.0	0.15207405	wide
40	18	False	True	True	True	16.0	0.08853626	wide
40	18	False	True	True	True	17.0	0.046548713	wide
40	18	False	True	True	True	18.0	0.021001616	wide
40	18	False	True	True	True	19.0	0.007555958	wide
40	18	False	True	True	True	20.0	0.0026793303	wide
40	18	False	True	True	True	21.0	0.0035922287	wide
40	18	False	True	True	True	22.0	0.008171772	wide
40	18	False	True	True	True	23.0	0.014842338	wide
40	18	False	True	True	True	24.0	0.022469098	wide
40	18	False	True	True	True	25.0	0.030262519	wide
40	18	False	True	True	True	26.0	0.037697073	wide
40	18	False	True	True	True	27.0	0.044444803	wide
40	18	False	True	True	True	28.0	0.05032163	wide
40	18	False	True	True	True	29.0	0.055246126	wide
40	18	False	True	True	True	30.0	0.059207823	wide
40	18	False	True	True	True	31.0	0.062242806	wide
40	18	False	True	True	True	32.0	0.06441664	wide
40	18	False	True	True	True	33.0	0.06581129	wide
40	18	False	True	True	True	34.0	0.066516176	wide
40	18	False	True	True	True	35.0	0.066622086	wide
40	18	False	True	True	True	36.0	0.06621689	wide
40	18	False	True	True	True	37.0	0.06538317	wide
40	18	False	True	True	True	38.0	0.064196564	wide
40	18	False	True	True	True	39.0	0.062725194	wide
40	18	False	True	True	True	40.0	0.061029367	wide
41	15	False	True	True	False	10.0	4.8023663	narrow
41	15	False	True	True	False	11.0	2.1918187	narrow
41	15	False	True	True	False	12.0	1.6643748	narrow
41	15	False	True	True	False	13.0	1.8357471	narrow
41	15	False	True	True	False	14.0	2.055084	narrow
41	15	False	True	True	False	15.0	2.1325343	narrow
41	15	False	True	True	False	16.0	2.1797318	narrow
41	15	False	True	True	False	17.0	2.1791956	narrow
41	15	False	True	True	False	18.0	2.1244562	narrow
41	15	False	True	True	False	19.0	2.0253875	narrow
41	15	False	True	True	False	20.0	1.8957335	narrow
41	15	False	True	True	False	21.0	1.7483294	narrow
41	15	False	True	True	False	22.0	1.5935296	narrow
41	15	False	True	True	False	23.0	1.4389355	narrow
41	15	False	True	True	False	24.0	1.2897239	narrow
41	15	False	True	True	False	25.0	1.149157	narrow
41	15	False	True	True	False	10.0	4.3413315	wide
41	15	False	True	True	False	11.0	2.1619945	wide
41	15	False	True	True	False	12.0	1.3097794	wide
41	15	False	True	True	False	13.0	0.9195971	wide
41	15	False	True	True	False	14.0	0.7788885	wide
41	15	False	True	True	False	15.0	0.7062342	wide
41	15	False	True	True	False	16.0	0.7024732	wide
41	15	False	True	True	False	17.0	0.691994	wide
41	15	False	True	True	False	18.0	0.6735438	wide
41	15	False	True	True	False	19.0	0.65672565	wide
41	15	False	True	True	False	20.0	0.6424846	wide
41	15	False	True	True	False	21.0	0.62815154	wide
41	15	False	True	True	False	22.0	0.6118239	wide
41	15	False	True	True	False	23.0	0.5929361	wide
41	15	False	True	True	False	24.0	0.5716783	wide
41	15	False	True	True	False	25.0	0.54853296	wide
41	15	False	True	True	False	26.0	0.5240518	wide
41	15	False	True	True	False	27.0	0.49876472	wide
41	15	False	True	True	False	28.0	0.47313982	wide
41	15	False	True	True	False	29.0	0.4475712	wide
41	15	False	True	True	False	30.0	0.42237753	wide
41	15	False	True	True	False	31.0	0.39780575	wide
41	15	False	True	True	False	32.0	0.37403986	wide
41	15	False	True	True	False	33.0	0.35121	wide
41	15	False	True	True	False	34.0	0.329402	wide
41	15	False	True	True	False	35.0	0.3086662	wide
41	15	False	True	True	False	36.0	0.28902444	wide
41	15	False	True	True	False	37.0	0.27047747	wide
41	15	False	True	True	False	38.0	0.25300997	wide
41	15	False	True	True	False	39.0	0.23659429	wide
41	15	False	True	True	False	40.0	0.22119492	wide
41	15	False	True	True	True	10.0	4.816727	narrow
41	15	False	True	True	True	11.0	2.2201042	narrow
41	15	False	True	True	True	12.0	1.6907606	narrow
41	15	False	True	True	True	13.0	1.8632195	narrow
41	15	False	True	True	True	14.0	2.0970275	narrow
41	15	False	True	True	True	15.0	2.1721961	narrow
41	15	False	True	True	True	16.0	2.2124097	narrow
41	15	False	True	True	True	17.0	2.206054	narrow
41	15	False	True	True	True	18.0	2.1476784	narrow
41	15	False	True	True	True	19.0	2.0465052	narrow
41	15	False	True	True	True	20.0	1.9155121	narrow
41	15	False	True	True	True	21.0	1.7670454	narrow
41	15	False	True	True	True	22.0	1.6112167	narrow
41	15	False	True	True	True	23.0	1.4555296	narrow
41	15	False	True	True	True	24.0	1.305136	narrow
41	15	False	True	True	True	25.0	1.1633114	narrow
41	15	False	True	True	True	10.0	4.237433	wide
41	15	False	True	True	True	11.0	2.1558266	wide
41	15	False	True	True	True	12.0	1.3167284	wide
41	15	False	True	True	True	13.0	0.9252542	wide
41	15	False	True	True	True	14.0	0.7839406	wide
41	15	False	True	True	True	15.0	0.71051705	wide
41	15	False	True	True	True	16.0	0.71203893	wide
41	15	False	True	True	True	17.0	0.7049383	wide
41	15	False	True	True	True	18.0	0.68699604	wide
41	15	False	True	True	True	19.0	0.66916	wide
41	15	False	True	True	True	20.0	0.65342295	wide
41	15	False	True	True	True	21.0	0.6376196	wide
41	15	False	True	True	True	22.0	0.6200414	wide
41	15	False	True	True	True	23.0	0.60016584	wide
41	15	False	True	True	True	24.0	0.5781563	wide
41	15	False	True	True	True	25.0	0.5544446	wide
41	15	False	True	True	True	26.0	0.5295328	wide
41	15	False	True	True	True	27.0	0.50390846	wide
41	15	False	True	True	True	28.0	0.47800854	wide
41	15	False	True	True	True	29.0	0.45220512	wide
41	15	False	True	True	True	30.0	0.42680186	wide
41	15	False	True	True	True	31.0	0.40203568	wide
41	15	False	True	True	True	32.0	0.37808448	wide
41	15	False	True	True	True	33.0	0.3550747	wide
41	15	False	True	True	True	34.0	0.33308995	wide
41	15	False	True	True	True	35.0	0.3121797	wide
41	15	False	True	True	True	36.0	0.29236564	wide
41	15	False	True	True	True	37.0	0.2736486	wide
41	15	False	True	True	True	38.0	0.25601375	wide
41	15	False	True	True	True	39.0	0.23943406	wide
41	15	False	True	True	True	40.0	0.22387458	wide
41	15	False	True	True	True	10.0	4.8466897	narrow
41	15	False	True	True	True	11.0	2.1911883	narrow
41	15	False	True	True	True	12.0	1.665193	narrow
41	15	False	True	True	True	13.0	1.8377309	narrow
41	15	False	True	True	True	14.0	2.0424125	narrow
41	15	False	True	True	True	15.0	2.118867	narrow
41	15	False	True	True	True	16.0	2.1702173	narrow
41	15	False	True	True	True	17.0	2.173442	narrow
41	15	False	True	True	True	18.0	2.1206477	narrow
41	15	False	True	True	True	19.0	2.0221326	narrow
41	15	False	True	True	True	20.0	1.8923348	narrow
41	15	False	True	True	True	21.0	1.7445642	narrow
41	15	False	True	True	True	22.0	1.5894191	narrow
41	15	False	True	True	True	23.0	1.4346049	narrow
41	15	False	True	True	True	24.0	1.2853242	narrow
41	15	False	True	True	True	25.0	1.1448305	narrow
41	15	False	True	True	True	10.0	4.50011	wide
41	15	False	True	True	True	11.0	2.1941578	wide
41	15	False	True	True	True	12.0	1.3191828	wide
41	15	False	True	True	True	13.0	0.92708176	wide
41	15	False	True	True	True	14.0	0.7861543	wide
41	15	False	True	True	True	15.0	0.7132607	wide
41	15	False	True	True	True	16.0	0.70381975	wide
41	15	False	True	True	True	17.0	0.68921596	wide
41	15	False	True	True	True	18.0	0.6692707	wide
41	15	False	True	True	True	19.0	0.6525194	wide
41	15	False	True	True	True	20.0	0.6389747	wide
41	15	False	True	True	True	21.0	0.62546426	wide
41	15	False	True	True	True	22.0	0.609856	wide
41	15	False	True	True	True	23.0	0.5915072	wide
41	15	False	True	True	True	24.0	0.5706097	wide
41	15	False	True	True	True	25.0	0.5476796	wide
41	15	False	True	True	True	26.0	0.5233092	wide
41	15	False	True	True	True	27.0	0.4980636	wide
41	15	False	True	True	True	28.0	0.4724381	wide
41	15	False	True	True	True	29.0	0.4468464	wide
41	15	False	True	True	True	30.0	0.4216203	wide
41	15	False	True	True	True	31.0	0.39701498	wide
41	15	False	True	True	True	32.0	0.3732197	wide
41	15	False	True	True	True	33.0	0.3503673	wide
41	15	False	True	True	True	34.0	0.32854486	wide
41	15	False	True	True	True	35.0	0.30780283	wide
41	15	False	True	True	True	36.0	0.28816283	wide
41	15	False	True	True	True	37.0	0.26962486	wide
41	15	False	True	True	True	38.0	0.25217262	wide
41	15	False	True	True	True	39.0	0.23577769	wide
41	15	False	True	True	True	40.0	0.22040339	wide
41	18	False	True	True	False	10.0	5.173815	narrow
41	18	False	True	True	False	11.0	2.0640209	narrow
41	18	False	True	True	False	12.0	1.4651319	narrow
41	18	False	True	True	False	13.0	1.8215165	narrow
41	18	False	True	True	False	14.0	2.0841894	narrow
41	18	False	True	True	False	15.0	2.2182682	narrow
41	18	False	True	True	False	16.0	2.2917328	narrow
41	18	False	True	True	False	17.0	2.2970507	narrow
41	18	False	True	True	False	18.0	2.2359624	narrow
41	18	False	True	True	False	19.0	2.1243875	narrow
41	18	False	True	True	False	20.0	1.9801137	narrow
41	18	False	True	True	False	21.0	1.8182273	narrow
41	18	False	True	True	False	22.0	1.6501905	narrow
41	18	False	True	True	False	23.0	1.4840236	narrow
41	18	False	True	True	False	24.0	1.3249393	narrow
41	18	False	True	True	False	25.0	1.176058	narrow
41	18	False	True	True	False	10.0	4.50444	wide
41	18	False	True	True	False	11.0	1.8941592	wide
41	18	False	True	True	False	12.0	1.0686443	wide
41	18	False	True	True	False	13.0	0.7580907	wide
41	18	False	True	True	False	14.0	0.6796696	wide
41	18	False	True	True	False	15.0	0.6785396	wide
41	18	False	True	True	False	16.0	0.6821069	wide
41	18	False	True	True	False	17.0	0.67588097	wide
41	18	False	True	True	False	18.0	0.6648587	wide
41	18	False	True	True	False	19.0	0.6528407	wide
41	18	False	True	True	False	20.0	0.6398206	wide
41	18	False	True	True	False	21.0	0.62463874	wide
41	18	False	True	True	False	22.0	0.60663176	wide
41	18	False	True	True	False	23.0	0.58585954	wide
41	18	False	True	True	False	24.0	0.562817	wide
41	18	False	True	True	False	25.0	0.5381441	wide
41	18	False	True	True	False	26.0	0.5124664	wide
41	18	False	True	True	False	27.0	0.48632798	wide
41	18	False	True	True	False	28.0	0.4601757	wide
41	18	False	True	True	False	29.0	0.4343634	wide
41	18	False	True	True	False	30.0	0.40916213	wide
41	18	False	True	True	False	31.0	0.38477123	wide
41	18	False	True	True	False	32.0	0.3613308	wide
41	18	False	True	True	False	33.0	0.33893278	wide
41	18	False	True	True	False	34.0	0.3176306	wide
41	18	False	True	True	False	35.0	0.29744795	wide
41	18	False	True	True	False	36.0	0.27838573	wide
41	18	False	True	True	False	37.0	0.26042822	wide
41	18	False	True	True	False	38.0	0.24354765	wide
41	18	False	True	True	False	39.0	0.22770737	wide
41	18	False	True	True	False	40.0	0.21286517	wide
41	18	False	True	True	True	10.0	5.171639	narrow
41	18	False	True	True	True	11.0	2.075386	narrow
41	18	False	True	True	True	12.0	1.4696176	narrow
41	18	False	True	True	True	13.0	1.8346674	narrow
41	18	False	True	True	True	14.0	2.1179888	narrow
41	18	False	True	True	True	15.0	2.257216	narrow
41	18	False	True	True	True	16.0	2.325957	narrow
41	18	False	True	True	True	17.0	2.3255036	narrow
41	18	False	True	True	True	18.0	2.2602892	narrow
41	18	False	True	True	True	19.0	2.1461506	narrow
41	18	False	True	True	True	20.0	2.0002298	narrow
41	18	False	True	True	True	21.0	1.8371024	narrow
41	18	False	True	True	True	22.0	1.6679481	narrow
41	18	False	True	True	True	23.0	1.5006589	narrow
41	18	False	True	True	True	24.0	1.3404002	narrow
41	18	False	True	True	True	25.0	1.1902847	narrow
41	18	False	True	True	True	10.0	4.3693094	wide
41	18	False	True	True	True	11.0	1.8781681	wide
41	18	False	True	True	True	12.0	1.065614	wide
41	18	False	True	True	True	13.0	0.75579965	wide
41	18	False	True	True	True	14.0	0.67668116	wide
41	18	False	True	True	True	15.0	0.6786605	wide
41	18	False	True	True	True	16.0	0.6874923	wide
41	18	False	True	True	True	17.0	0.6853049	wide
41	18	False	True	True	True	18.0	0.67601836	wide
41	18	False	True	True	True	19.0	0.6640154	wide
41	18	False	True	True	True	20.0	0.6501598	wide
41	18	False	True	True	True	21.0	0.63388836	wide
41	18	False	True	True	True	22.0	0.6148357	wide
41	18	False	True	True	True	23.0	0.5931724	wide
41	18	False	True	True	True	24.0	0.5694115	wide
41	18	False	True	True	True	25.0	0.5441731	wide
41	18	False	True	True	True	26.0	0.5180502	wide
41	18	False	True	True	True	27.0	0.49155557	wide
41	18	False	True	True	True	28.0	0.46510965	wide
41	18	False	True	True	True	29.0	0.43904567	wide
41	18	False	True	True	True	30.0	0.41361964	wide
41	18	False	True	True	True	31.0	0.38902074	wide
41	18	False	True	True	True	32.0	0.36538234	wide
41	18	False	True	True	True	33.0	0.34279227	wide
41	18	False	True	True	True	34.0	0.32130152	wide
41	18	False	True	True	True	35.0	0.30093285	wide
41	18	False	True	True	True	36.0	0.28168672	wide
41	18	False	True	True	True	37.0	0.26354772	wide
41	18	False	True	True	True	38.0	0.24648868	wide
41	18	False	True	True	True	39.0	0.23047346	wide
41	18	False	True	True	True	40.0	0.21546084	wide
41	18	False	True	True	True	10.0	5.236688	narrow
41	18	False	True	True	True	11.0	2.0760584	narrow
41	18	False	True	True	True	12.0	1.4839641	narrow
41	18	False	True	True	True	13.0	1.837359	narrow
41	18	False	True	True	True	14.0	2.079324	narrow
41	18	False	True	True	True	15.0	2.205039	narrow
41	18	False	True	True	True	16.0	2.2804613	narrow
41	18	False	True	True	True	17.0	2.2895663	narrow
41	18	False	True	True	True	18.0	2.2309468	narrow
41	18	False	True	True	True	19.0	2.120396	narrow
41	18	False	True	True	True	20.0	1.9762931	narrow
41	18	False	True	True	True	21.0	1.8142333	narrow
41	18	False	True	True	True	22.0	1.6459664	narrow
41	18	False	True	True	True	23.0	1.4796455	narrow
41	18	False	True	True	True	24.0	1.320531	narrow
41	18	False	True	True	True	25.0	1.1717476	narrow
41	18	False	True	True	True	10.0	4.6955137	wide
41	18	False	True	True	True	11.0	1.9314638	wide
41	18	False	True	True	True	12.0	1.0839622	wide
41	18	False	True	True	True	13.0	0.7708501	wide
41	18	False	True	True	True	14.0	0.6931353	wide
41	18	False	True	True	True	15.0	0.6890263	wide
41	18	False	True	True	True	16.0	0.6870288	wide
41	18	False	True	True	True	17.0	0.676004	wide
41	18	False	True	True	True	18.0	0.66229653	wide
41	18	False	True	True	True	19.0	0.64936924	wide
41	18	False	True	True	True	20.0	0.6364428	wide
41	18	False	True	True	True	21.0	0.6217553	wide
41	18	False	True	True	True	22.0	0.6043089	wide
41	18	False	True	True	True	23.0	0.584018	wide
41	18	False	True	True	True	24.0	0.56133515	wide
41	18	False	True	True	True	25.0	0.5369063	wide
41	18	False	True	True	True	26.0	0.51137966	wide
41	18	False	True	True	True	27.0	0.48532557	wide
41	18	False	True	True	True	28.0	0.45921355	wide
41	18	False	True	True	True	29.0	0.4334154	wide
41	18	False	True	True	True	30.0	0.40821505	wide
41	18	False	True	True	True	31.0	0.38382077	wide
41	18	False	True	True	True	32.0	0.36037806	wide
41	18	False	True	True	True	33.0	0.33798215	wide
41	18	False	True	True	True	34.0	0.31668818	wide
41	18	False	True	True	True	35.0	0.29652035	wide
41	18	False	True	True	True	36.0	0.27747947	wide
41	18	False	True	True	True	37.0	0.2595493	wide
41	18	False	True	True	True	38.0	0.24270104	wide
41	18	False	True	True	True	39.0	0.22689717	wide
41	18	False	True	True	True	40.0	0.21209453	wide
