subject	model_label	fit_response	smoothed		Unnamed: 0	n	fisher_information	condition	log(fisher_information)
1	31	False	True	0	0	10.0	6.035191	narrow	1.797607502764509
1	31	False	True	1	1	11.0	3.7245202	narrow	1.3149380381662714
1	31	False	True	2	2	12.0	1.1176744	narrow	0.11125009796890101
1	31	False	True	3	3	13.0	1.0060501	narrow	0.00603187163035212
1	31	False	True	4	4	14.0	0.46020854	narrow	-0.7760755444039877
1	31	False	True	5	5	15.0	0.19701591	narrow	-1.6244707920838568
1	31	False	True	6	6	16.0	0.15203431	narrow	-1.883649059923408
1	31	False	True	7	7	17.0	0.15652084	narrow	-1.8545661149280293
1	31	False	True	8	8	18.0	0.16860175	narrow	-1.780215853871571
1	31	False	True	9	9	19.0	0.17970707	narrow	-1.7164271426165252
1	31	False	True	10	10	20.0	0.18756227	narrow	-1.6736443820402171
1	31	False	True	11	11	21.0	0.19170304	narrow	-1.6518077709446441
1	31	False	True	12	12	22.0	0.19239171	narrow	-1.6482218289969035
1	31	False	True	13	13	23.0	0.19016266	narrow	-1.6598754678075869
1	31	False	True	14	14	24.0	0.18561181	narrow	-1.6840978291889155
1	31	False	True	15	15	25.0	0.17930451	narrow	-1.7186697453131576
1	31	False	True	16	16	26.0	0.17173928	narrow	-1.7617777661304226
1	31	False	True	17	17	27.0	0.1633367	narrow	-1.8119415645131058
1	31	False	True	18	18	28.0	0.15444031	narrow	-1.8679476003361088
1	31	False	True	19	19	29.0	0.14532328	narrow	-1.928794501005792
1	31	False	True	20	20	30.0	0.13619739	narrow	-1.9936500484459323
1	31	False	True	21	21	31.0	0.1272221	narrow	-2.0618209010291677
1	31	False	True	22	22	32.0	0.11851408	narrow	-2.132723506899917
1	31	False	True	23	23	33.0	0.110155016	narrow	-2.205866668867744
1	31	False	True	24	24	34.0	0.102198936	narrow	-2.2808340122256316
1	31	False	True	25	25	35.0	0.09467819	narrow	-2.3572716115448578
1	31	False	True	26	26	36.0	0.08760855	narrow	-2.4348766830629027
1	31	False	True	27	27	37.0	0.080993176	narrow	-2.513390374772249
1	31	False	True	28	28	38.0	0.07482596	narrow	-2.5925903953891587
1	31	False	True	29	29	39.0	0.06909414	narrow	-2.6722853564355984
1	31	False	True	30	30	40.0	0.063780345	narrow	-2.7523102081956643
1	31	False	True	31	31	10.0	1.2773647	wide	0.24479912750643384
1	31	False	True	32	32	11.0	2.104981	wide	0.7443064409653429
1	31	False	True	33	33	12.0	1.7785025	wide	0.5757717180843278
1	31	False	True	34	34	13.0	0.7239045	wide	-0.3230958013741405
1	31	False	True	35	35	14.0	0.3654817	wide	-1.0065390694452208
1	31	False	True	36	36	15.0	0.460611	wide	-0.7752014099875373
1	31	False	True	37	37	16.0	0.3210476	wide	-1.1361658802411316
1	31	False	True	38	38	17.0	0.1703113	wide	-1.7701273400209558
1	31	False	True	39	39	18.0	0.093102485	wide	-2.37405440332601
1	31	False	True	40	40	19.0	0.063895136	wide	-2.7505120394316784
1	31	False	True	41	41	20.0	0.0545727	wide	-2.90822152127296
1	31	False	True	42	42	21.0	0.052301332	wide	-2.9507334397843326
1	31	False	True	43	43	22.0	0.05249894	wide	-2.94696230006458
1	31	False	True	44	44	23.0	0.053540226	wide	-2.927322019755769
1	31	False	True	45	45	24.0	0.054764356	wide	-2.9047157346109107
1	31	False	True	46	46	25.0	0.055863876	wide	-2.8848373331172232
1	31	False	True	47	47	26.0	0.056692958	wide	-2.8701052734924466
1	31	False	True	48	48	27.0	0.05719281	wide	-2.8613270877979033
1	31	False	True	49	49	28.0	0.057353694	wide	-2.858518025972807
1	31	False	True	50	50	29.0	0.057192996	wide	-2.861323835646146
1	31	False	True	51	51	30.0	0.056741856	wide	-2.869243139526613
1	31	False	True	52	52	31.0	0.056037024	wide	-2.8817426638485006
1	31	False	True	53	53	32.0	0.055116564	wide	-2.8983049909396317
1	31	False	True	54	54	33.0	0.05401709	wide	-2.9184548010060816
1	31	False	True	55	55	34.0	0.052772507	wide	-2.9417649246392137
1	31	False	True	56	56	35.0	0.051413532	wide	-2.967853872687593
1	31	False	True	57	57	36.0	0.049967326	wide	-2.9963859671651116
1	31	False	True	58	58	37.0	0.04845769	wide	-3.0270642329098636
1	31	False	True	59	59	38.0	0.046905152	wide	-3.059627758816786
1	31	False	True	60	60	39.0	0.04532731	wide	-3.0938455583889413
1	31	False	True	61	61	40.0	0.04373902	wide	-3.129514669105684
2	31	False	True	0	0	10.0	0.489855	narrow	-0.7136458500372913
2	31	False	True	1	1	11.0	0.20189013	narrow	-1.6000316404452086
2	31	False	True	2	2	12.0	0.14727756	narrow	-1.9154363092776572
2	31	False	True	3	3	13.0	0.122759245	narrow	-2.0975301994613096
2	31	False	True	4	4	14.0	0.06848404	narrow	-2.6811545535617034
2	31	False	True	5	5	15.0	0.08341354	narrow	-2.4839446326748864
2	31	False	True	6	6	16.0	0.112720706	narrow	-2.1828421481040166
2	31	False	True	7	7	17.0	0.14120474	narrow	-1.957544385081336
2	31	False	True	8	8	18.0	0.16515934	narrow	-1.8008445740972019
2	31	False	True	9	9	19.0	0.18327826	narrow	-1.6967497345528482
2	31	False	True	10	10	20.0	0.19543694	narrow	-1.6325175091343478
2	31	False	True	11	11	21.0	0.20213875	narrow	-1.5988009361877276
2	31	False	True	12	12	22.0	0.20417233	narrow	-1.5887908868405671
2	31	False	True	13	13	23.0	0.20240697	narrow	-1.597474905402865
2	31	False	True	14	14	24.0	0.19767949	narrow	-1.6211082972322655
2	31	False	True	15	15	25.0	0.19073881	narrow	-1.6568502737100124
2	31	False	True	16	16	26.0	0.18222533	narrow	-1.7025112807674965
2	31	False	True	17	17	27.0	0.17266944	narrow	-1.7563762637436908
2	31	False	True	18	18	28.0	0.16249964	narrow	-1.8170794925994143
2	31	False	True	19	19	29.0	0.15205532	narrow	-1.8835108769802182
2	31	False	True	20	20	30.0	0.14159991	narrow	-1.95474973331594
2	31	False	True	21	21	31.0	0.13133325	narrow	-2.0300172928702804
2	31	False	True	22	22	32.0	0.12140308	narrow	-2.108639030003116
2	31	False	True	23	23	33.0	0.11191425	narrow	-2.190022325927547
2	31	False	True	24	24	34.0	0.102937035	narrow	-2.2736377883586707
2	31	False	True	25	25	35.0	0.09451382	narrow	-2.359009211788718
2	31	False	True	26	26	36.0	0.08666495	narrow	-2.4457057445232016
2	31	False	True	27	27	37.0	0.07939356	narrow	-2.5333380223308466
2	31	False	True	28	28	38.0	0.07268953	narrow	-2.621557921320226
2	31	False	True	29	29	39.0	0.066533074	narrow	-2.710056101576071
2	31	False	True	30	30	40.0	0.060897514	narrow	-2.7985629261175484
2	31	False	True	31	31	10.0	0.36405057	wide	-1.010462492423648
2	31	False	True	32	32	11.0	0.2873835	wide	-1.246937718258789
2	31	False	True	33	33	12.0	0.16127641	wide	-1.8246355537714811
2	31	False	True	34	34	13.0	0.083108746	wide	-2.487605335968045
2	31	False	True	35	35	14.0	0.09304898	wide	-2.3746292578024275
2	31	False	True	36	36	15.0	0.06976149	wide	-2.6626731406645576
2	31	False	True	37	37	16.0	0.039771188	wide	-3.224612548446055
2	31	False	True	38	38	17.0	0.029435422	wide	-3.525556499930654
2	31	False	True	39	39	18.0	0.030014835	wide	-3.506063519544815
2	31	False	True	40	40	19.0	0.03396258	wide	-3.3824959486932475
2	31	False	True	41	41	20.0	0.038780663	wide	-3.249833532872309
2	31	False	True	42	42	21.0	0.04362287	wide	-3.132173724866435
2	31	False	True	43	43	22.0	0.048088692	wide	-3.034708223064337
2	31	False	True	44	44	23.0	0.051968917	wide	-2.957109489124466
2	31	False	True	45	45	24.0	0.05516963	wide	-2.897342658263698
2	31	False	True	46	46	25.0	0.057670057	wide	-2.85301718297313
2	31	False	True	47	47	26.0	0.059494536	wide	-2.8218708025801362
2	31	False	True	48	48	27.0	0.060693625	wide	-2.8019166111438625
2	31	False	True	49	49	28.0	0.061331213	wide	-2.7914663812910137
2	31	False	True	50	50	29.0	0.061476402	wide	-2.7891018851212275
2	31	False	True	51	51	30.0	0.061198298	wide	-2.793635900308091
2	31	False	True	52	52	31.0	0.060562566	wide	-2.8040782995484643
2	31	False	True	53	53	32.0	0.059629943	wide	-2.819597431742263
2	31	False	True	54	54	33.0	0.058455143	wide	-2.839495605200113
2	31	False	True	55	55	34.0	0.05708668	wide	-2.8631844644892244
2	31	False	True	56	56	35.0	0.055567093	wide	-2.890164105457425
2	31	False	True	57	57	36.0	0.05393311	wide	-2.9200107039491385
2	31	False	True	58	58	37.0	0.052216258	wide	-2.952361376647179
2	31	False	True	59	59	38.0	0.05044331	wide	-2.9869051475166737
2	31	False	True	60	60	39.0	0.048636876	wide	-3.0233732703605503
2	31	False	True	61	61	40.0	0.0468158	wide	-3.061534526197294
3	31	False	True	0	0	10.0	25.280098	narrow	3.230017445853421
3	31	False	True	1	1	11.0	3.7835958	narrow	1.3306748273023454
3	31	False	True	2	2	12.0	0.10252552	narrow	-2.2776435357832017
3	31	False	True	3	3	13.0	0.055867873	narrow	-2.8847657867566325
3	31	False	True	4	4	14.0	0.024747018	narrow	-3.699050282074805
3	31	False	True	5	5	15.0	0.0119158905	narrow	-4.429882433498601
3	31	False	True	6	6	16.0	0.014950603	narrow	-4.203003645510693
3	31	False	True	7	7	17.0	0.027447704	narrow	-3.5954727575121166
3	31	False	True	8	8	18.0	0.042542376	narrow	-3.1572546174552567
3	31	False	True	9	9	19.0	0.055440713	narrow	-2.8924410634328273
3	31	False	True	10	10	20.0	0.06400093	narrow	-2.748857664478043
3	31	False	True	11	11	21.0	0.06806081	narrow	-2.6873537087166057
3	31	False	True	12	12	22.0	0.06846591	narrow	-2.6814193218234794
3	31	False	True	13	13	23.0	0.066330805	narrow	-2.7131008592300607
3	31	False	True	14	14	24.0	0.0626486	narrow	-2.7702139442584586
3	31	False	True	15	15	25.0	0.05816056	narrow	-2.844547817192499
3	31	False	True	16	16	26.0	0.053363062	narrow	-2.9306364952130606
3	31	False	True	17	17	27.0	0.04856374	narrow	-3.0248781170747265
3	31	False	True	18	18	28.0	0.043941237	narrow	-3.1249020603964444
3	31	False	True	19	19	29.0	0.03959202	narrow	-3.229127696180124
3	31	False	True	20	20	30.0	0.03556236	narrow	-3.3364675038344433
3	31	False	True	21	21	31.0	0.03186848	narrow	-3.4461378454461586
3	31	False	True	22	22	32.0	0.028508762	narrow	-3.557543800360602
3	31	False	True	23	23	33.0	0.025471073	narrow	-3.6702118628844125
3	31	False	True	24	24	34.0	0.022737268	narrow	-3.7837499385984175
3	31	False	True	25	25	35.0	0.020285953	narrow	-3.8978266028997934
3	31	False	True	26	26	36.0	0.018094324	narrow	-4.012156981050568
3	31	False	True	27	27	37.0	0.016139323	narrow	-4.126496562497146
3	31	False	True	28	28	38.0	0.01439847	narrow	-4.240633328045114
3	31	False	True	29	29	39.0	0.0128503125	narrow	-4.354387148870464
3	31	False	True	30	30	40.0	0.011474789	narrow	-4.46760291100415
3	31	False	True	31	31	10.0	4.175746	wide	1.4292930249757088
3	31	False	True	32	32	11.0	12.111668	wide	2.494169285487177
3	31	False	True	33	33	12.0	0.15664174	wide	-1.8537939919878845
3	31	False	True	34	34	13.0	0.07027199	wide	-2.655381994839326
3	31	False	True	35	35	14.0	0.053230293	wide	-2.9331276273978166
3	31	False	True	36	36	15.0	0.0391732	wide	-3.2397624394663875
3	31	False	True	37	37	16.0	0.02761113	wide	-3.5895363266772793
3	31	False	True	38	38	17.0	0.018473193	wide	-3.991434624779815
3	31	False	True	39	39	18.0	0.011816384	wide	-4.438268235973737
3	31	False	True	40	40	19.0	0.0076021506	wide	-4.879324098035143
3	31	False	True	41	41	20.0	0.0056012967	wide	-5.184757154473996
3	31	False	True	42	42	21.0	0.005410899	wide	-5.219340026176765
3	31	False	True	43	43	22.0	0.006531628	wide	-5.031099055893694
3	31	False	True	44	44	23.0	0.008456245	wide	-4.772850057323991
3	31	False	True	45	45	24.0	0.010738412	wide	-4.533928059306558
3	31	False	True	46	46	25.0	0.013030857	wide	-4.340435118711214
3	31	False	True	47	47	26.0	0.0150954155	wide	-4.193364190531407
3	31	False	True	48	48	27.0	0.016793542	wide	-4.086760871237279
3	31	False	True	49	49	28.0	0.018066406	wide	-4.013701087353012
3	31	False	True	50	50	29.0	0.018912312	wide	-3.967942140432602
3	31	False	True	51	51	30.0	0.019365836	wide	-3.944244796278516
3	31	False	True	52	52	31.0	0.019480873	wide	-3.938322166576847
3	31	False	True	53	53	32.0	0.019318573	wide	-3.946688314209288
3	31	False	True	54	54	33.0	0.018939221	wide	-3.9665203219539054
3	31	False	True	55	55	34.0	0.018397631	wide	-3.99553337265619
3	31	False	True	56	56	35.0	0.01774096	wide	-4.031879188570504
3	31	False	True	57	57	36.0	0.017008081	wide	-4.074066694929163
3	31	False	True	58	58	37.0	0.016229987	wide	-4.120894698441787
3	31	False	True	59	59	38.0	0.015430672	wide	-4.1713980620324005
3	31	False	True	60	60	39.0	0.014628202	wide	-4.224803969657178
3	31	False	True	61	61	40.0	0.01383583	wide	-4.280493674770787
4	31	False	True	0	0	10.0	1.7476201	narrow	0.5582549195167568
4	31	False	True	1	1	11.0	1.8680471	narrow	0.6248935536215423
4	31	False	True	2	2	12.0	0.41669115	narrow	-0.8754099790802011
4	31	False	True	3	3	13.0	1.2455485	narrow	0.2195759951466135
4	31	False	True	4	4	14.0	0.5584565	narrow	-0.5825785507040983
4	31	False	True	5	5	15.0	0.5573905	narrow	-0.5844892074953892
4	31	False	True	6	6	16.0	0.49258766	narrow	-0.7080828443605913
4	31	False	True	7	7	17.0	0.43553203	narrow	-0.8311869377476916
4	31	False	True	8	8	18.0	0.40694872	narrow	-0.8990680965635848
4	31	False	True	9	9	19.0	0.39207256	narrow	-0.9363083542801272
4	31	False	True	10	10	20.0	0.37894922	narrow	-0.9703530670452568
4	31	False	True	11	11	21.0	0.36322168	narrow	-1.0127419424065174
4	31	False	True	12	12	22.0	0.3443377	narrow	-1.0661324171008533
4	31	False	True	13	13	23.0	0.32302368	narrow	-1.1300296457532264
4	31	False	True	14	14	24.0	0.30028	narrow	-1.2030399062773354
4	31	False	True	15	15	25.0	0.27703276	narrow	-1.283619512639792
4	31	False	True	16	16	26.0	0.25402647	narrow	-1.3703168047949308
4	31	False	True	17	17	27.0	0.23180729	narrow	-1.4618488990455587
4	31	False	True	18	18	28.0	0.21074335	narrow	-1.5571142365719122
4	31	False	True	19	19	29.0	0.19105683	narrow	-1.6551843559245207
4	31	False	True	20	20	30.0	0.17285804	narrow	-1.7552845993774875
4	31	False	True	21	21	31.0	0.15617572	narrow	-1.8567734954002284
4	31	False	True	22	22	32.0	0.14098206	narrow	-1.9591226307414595
4	31	False	True	23	23	33.0	0.12721232	narrow	-2.0618977774203797
4	31	False	True	24	24	34.0	0.114779435	narrow	-2.164742948774395
4	31	False	True	25	25	35.0	0.10358448	narrow	-2.2673677673287433
4	31	False	True	26	26	36.0	0.09352432	narrow	-2.3695337695575724
4	31	False	True	27	27	37.0	0.08449626	narrow	-2.471048005953557
4	31	False	True	28	28	38.0	0.076401524	narrow	-2.5717526353646347
4	31	False	True	29	29	39.0	0.06914697	narrow	-2.6715210396188156
4	31	False	True	30	30	40.0	0.06264627	narrow	-2.7702511365233975
4	31	False	True	31	31	10.0	1.8045834	wide	0.5903297618215583
4	31	False	True	32	32	11.0	1.2437421	wide	0.21812465771169898
4	31	False	True	33	33	12.0	0.9166886	wide	-0.08698745000315515
4	31	False	True	34	34	13.0	1.2545166	wide	0.22675031910028448
4	31	False	True	35	35	14.0	0.32446724	wide	-1.1255707032501938
4	31	False	True	36	36	15.0	0.71457934	wide	-0.33606124508980395
4	31	False	True	37	37	16.0	0.39283472	wide	-0.9343663153693873
4	31	False	True	38	38	17.0	0.24864326	wide	-1.3917361005631959
4	31	False	True	39	39	18.0	0.23124777	wide	-1.464265545879342
4	31	False	True	40	40	19.0	0.21422952	wide	-1.5407073153380704
4	31	False	True	41	41	20.0	0.19165961	wide	-1.6520343449219774
4	31	False	True	42	42	21.0	0.17054342	wide	-1.7687653519230229
4	31	False	True	43	43	22.0	0.15430483	wide	-1.8688252174457785
4	31	False	True	44	44	23.0	0.14306785	wide	-1.944436285725673
4	31	False	True	45	45	24.0	0.13546386	wide	-1.9990503901045429
4	31	False	True	46	46	25.0	0.12995236	wide	-2.0405873572284547
4	31	False	True	47	47	26.0	0.12540059	wide	-2.076241945850206
4	31	False	True	48	48	27.0	0.121152095	wide	-2.110708539256654
4	31	False	True	49	49	28.0	0.116895415	wide	-2.1464756328301857
4	31	False	True	50	50	29.0	0.11251885	wide	-2.184634515817971
4	31	False	True	51	51	30.0	0.10801049	wide	-2.2255269269450646
4	31	False	True	52	52	31.0	0.10340145	wide	-2.269136293795301
4	31	False	True	53	53	32.0	0.09873803	wide	-2.315285097737934
4	31	False	True	54	54	33.0	0.094068155	wide	-2.363735706244724
4	31	False	True	55	55	34.0	0.089435935	wide	-2.4142327200715337
4	31	False	True	56	56	35.0	0.08487942	wide	-2.4665236178760046
4	31	False	True	57	57	36.0	0.080429934	wide	-2.5203688586558286
4	31	False	True	58	58	37.0	0.07611229	wide	-2.5755455291249905
4	31	False	True	59	59	38.0	0.071945295	wide	-2.631849240420725
4	31	False	True	60	60	39.0	0.06794254	wide	-2.689092931019775
4	31	False	True	61	61	40.0	0.06411303	wide	-2.7471076595822606
5	31	False	True	0	0	10.0	117.56865	narrow	4.767022418292674
5	31	False	True	1	1	11.0	1.6759669	narrow	0.5163902524615279
5	31	False	True	2	2	12.0	0.684361	narrow	-0.37926972280751553
5	31	False	True	3	3	13.0	1.6091744	narrow	0.47572125244097846
5	31	False	True	4	4	14.0	2.117894	narrow	0.750422198712458
5	31	False	True	5	5	15.0	0.048071597	narrow	-3.0350637752440957
5	31	False	True	6	6	16.0	0.07028143	narrow	-2.6552476686875437
5	31	False	True	7	7	17.0	0.13118663	narrow	-2.0311343131526702
5	31	False	True	8	8	18.0	0.19421159	narrow	-1.6388070441642335
5	31	False	True	9	9	19.0	0.24833538	narrow	-1.392975107693911
5	31	False	True	10	10	20.0	0.2895753	narrow	-1.239339912163228
5	31	False	True	11	11	21.0	0.31743824	narrow	-1.1474719992558378
5	31	False	True	12	12	22.0	0.33403933	narrow	-1.0964965384469345
5	31	False	True	13	13	23.0	0.34348485	narrow	-1.0686122730958718
5	31	False	True	14	14	24.0	0.35090485	narrow	-1.0472401748868891
5	31	False	True	15	15	25.0	0.36120397	narrow	-1.0183124663590666
5	31	False	True	16	16	26.0	0.37776667	narrow	-0.973478549087555
5	31	False	True	17	17	27.0	0.40144387	narrow	-0.9126875561155541
5	31	False	True	18	18	28.0	0.4301591	narrow	-0.8436001387276493
5	31	False	True	19	19	29.0	0.45932838	narrow	-0.7779898998793452
5	31	False	True	20	20	30.0	0.48300877	narrow	-0.7277204681445106
5	31	False	True	21	21	31.0	0.49541822	narrow	-0.7023529842422647
5	31	False	True	22	22	32.0	0.49236846	narrow	-0.7085279403383062
5	31	False	True	23	23	33.0	0.47218883	narrow	-0.7503763098413483
5	31	False	True	24	24	34.0	0.43596146	narrow	-0.8302014340355391
5	31	False	True	25	25	35.0	0.3871014	narrow	-0.9490686047685467
5	31	False	True	26	26	36.0	0.33050525	narrow	-1.1071327347938689
5	31	False	True	27	27	37.0	0.27155292	narrow	-1.3035982414749503
5	31	False	True	28	28	38.0	0.21521619	narrow	-1.536112221182311
5	31	False	True	29	29	39.0	0.16542731	narrow	-1.7992233951494714
5	31	False	True	30	30	40.0	0.12476592	narrow	-2.081315937262179
5	31	False	True	31	31	10.0	93.35379	wide	4.536396469056455
5	31	False	True	32	32	11.0	10.215278	wide	2.3238844427793457
5	31	False	True	33	33	12.0	0.7519581	wide	-0.2850746746697138
5	31	False	True	34	34	13.0	0.55518675	wide	-0.5884507353480978
5	31	False	True	35	35	14.0	0.3943884	wide	-0.9304190684508971
5	31	False	True	36	36	15.0	0.26066956	wide	-1.3445017274222917
5	31	False	True	37	37	16.0	0.3343484	wide	-1.0955717158981157
5	31	False	True	38	38	17.0	0.7097164	wide	-0.34288982536255047
5	31	False	True	39	39	18.0	0.90016013	wide	-0.10518260926188551
5	31	False	True	40	40	19.0	0.10078687	wide	-2.2947471897656784
5	31	False	True	41	41	20.0	0.017111799	wide	-4.067987053414076
5	31	False	True	42	42	21.0	0.020071613	wide	-3.9084487506937653
5	31	False	True	43	43	22.0	0.027714103	wide	-3.58581386177936
5	31	False	True	44	44	23.0	0.037247457	wide	-3.2901716049433416
5	31	False	True	45	45	24.0	0.04713346	wide	-3.054772126779787
5	31	False	True	46	46	25.0	0.056526437	wide	-2.8730468387617685
5	31	False	True	47	47	26.0	0.064970106	wide	-2.733828022568787
5	31	False	True	48	48	27.0	0.072229646	wide	-2.627904707942052
5	31	False	True	49	49	28.0	0.07820962	wide	-2.54836262109414
5	31	False	True	50	50	29.0	0.082915656	wide	-2.489931380630554
5	31	False	True	51	51	30.0	0.08643221	wide	-2.448394871719201
5	31	False	True	52	52	31.0	0.088904314	wide	-2.420194611205452
5	31	False	True	53	53	32.0	0.09052109	wide	-2.4021724167515175
5	31	False	True	54	54	33.0	0.09149816	wide	-2.3914364161924735
5	31	False	True	55	55	34.0	0.09206156	wide	-2.3852977952662693
5	31	False	True	56	56	35.0	0.092432536	wide	-2.381276241102502
5	31	False	True	57	57	36.0	0.09281346	wide	-2.3771636066042676
5	31	False	True	58	58	37.0	0.093376346	wide	-2.371117220639744
5	31	False	True	59	59	38.0	0.094252855	wide	-2.361774161335615
5	31	False	True	60	60	39.0	0.095527865	wide	-2.3483372939502765
5	31	False	True	61	61	40.0	0.09723554	wide	-2.330618996484894
6	31	False	True	0	0	10.0	13.340749	narrow	2.5908231858378348
6	31	False	True	1	1	11.0	4.5575137	narrow	1.5167772336001728
6	31	False	True	2	2	12.0	0.990332	narrow	-0.009715038536576405
6	31	False	True	3	3	13.0	0.2939812	narrow	-1.2242394592662924
6	31	False	True	4	4	14.0	0.13482125	narrow	-2.0038054519784043
6	31	False	True	5	5	15.0	0.09875831	narrow	-2.315079726842744
6	31	False	True	6	6	16.0	0.11589769	narrow	-2.155047459810034
6	31	False	True	7	7	17.0	0.15527584	narrow	-1.86255213079452
6	31	False	True	8	8	18.0	0.20085941	narrow	-1.6051500683905702
6	31	False	True	9	9	19.0	0.24387614	narrow	-1.4110948055239032
6	31	False	True	10	10	20.0	0.27983427	narrow	-1.2735577439077588
6	31	False	True	11	11	21.0	0.3069349	narrow	-1.1811196059984328
6	31	False	True	12	12	22.0	0.32501402	narrow	-1.1238869591212977
6	31	False	True	13	13	23.0	0.33481777	narrow	-1.094168865311762
6	31	False	True	14	14	24.0	0.33752528	narrow	-1.0861148677709913
6	31	False	True	15	15	25.0	0.33445203	narrow	-1.0952618177695235
6	31	False	True	16	16	26.0	0.32687724	narrow	-1.1181705914139632
6	31	False	True	17	17	27.0	0.3159542	narrow	-1.1521580126084254
6	31	False	True	18	18	28.0	0.3026716	narrow	-1.1951068896223185
6	31	False	True	19	19	29.0	0.2878466	narrow	-1.2453275796375638
6	31	False	True	20	20	30.0	0.2721348	narrow	-1.3014577472141367
6	31	False	True	21	21	31.0	0.25604782	narrow	-1.3623910550719385
6	31	False	True	22	22	32.0	0.23997512	narrow	-1.4272200276805727
6	31	False	True	23	23	33.0	0.22420439	narrow	-1.4951971878042878
6	31	False	True	24	24	34.0	0.20894131	narrow	-1.56570187984992
6	31	False	True	25	25	35.0	0.19432624	narrow	-1.6382168828235597
6	31	False	True	26	26	36.0	0.18044867	narrow	-1.7123089183832334
6	31	False	True	27	27	37.0	0.16735901	narrow	-1.7876140135150445
6	31	False	True	28	28	38.0	0.15507838	narrow	-1.863824612455276
6	31	False	True	29	29	39.0	0.14360605	narrow	-1.9406814923362754
6	31	False	True	30	30	40.0	0.13292572	narrow	-2.0179648030181028
6	31	False	True	31	31	10.0	20.375517	wide	3.0143340330381347
6	31	False	True	32	32	11.0	6.888023	wide	1.9297841062603889
6	31	False	True	33	33	12.0	2.8334873	wide	1.0415082145282033
6	31	False	True	34	34	13.0	0.9050236	wide	-0.09979425827415273
6	31	False	True	35	35	14.0	0.38142934	wide	-0.9638296616639118
6	31	False	True	36	36	15.0	0.19849868	wide	-1.6169728287510579
6	31	False	True	37	37	16.0	0.11232395	wide	-2.1863681719440766
6	31	False	True	38	38	17.0	0.06793778	wide	-2.6891629926740594
6	31	False	True	39	39	18.0	0.045566734	wide	-3.088577346233066
6	31	False	True	40	40	19.0	0.035916716	wide	-3.326552465117449
6	31	False	True	41	41	20.0	0.033970926	wide	-3.3822502378346915
6	31	False	True	42	42	21.0	0.03669296	wide	-3.3051703679355775
6	31	False	True	43	43	22.0	0.042093217	wide	-3.16786866766399
6	31	False	True	44	44	23.0	0.048825394	wide	-3.019504732615497
6	31	False	True	45	45	24.0	0.055980936	wide	-2.882744074777377
6	31	False	True	46	46	25.0	0.06296195	wide	-2.76522470330687
6	31	False	True	47	47	26.0	0.06939305	wide	-2.6679685605763517
6	31	False	True	48	48	27.0	0.07505706	wide	-2.5895066547074426
6	31	False	True	49	49	28.0	0.079847194	wide	-2.5276405458277384
6	31	False	True	50	50	29.0	0.083732456	wide	-2.480128610818101
6	31	False	True	51	51	30.0	0.08673216	wide	-2.4449305297186887
6	31	False	True	52	52	31.0	0.088897	wide	-2.420276882813457
6	31	False	True	53	53	32.0	0.09029659	wide	-2.4046555822844193
6	31	False	True	54	54	33.0	0.091009654	wide	-2.3967896901801238
6	31	False	True	55	55	34.0	0.09111798	wide	-2.3956001286578568
6	31	False	True	56	56	35.0	0.090702266	wide	-2.400172938711165
6	31	False	True	57	57	36.0	0.08983919	wide	-2.4097339846210892
6	31	False	True	58	58	37.0	0.08860006	wide	-2.4236227441704283
6	31	False	True	59	59	38.0	0.087049745	wide	-2.441275542123177
6	31	False	True	60	60	39.0	0.08524658	wide	-2.462207280925284
6	31	False	True	61	61	40.0	0.08324229	wide	-2.485999767023009
7	31	False	True	0	0	10.0	17.46615	narrow	2.8602647220687136
7	31	False	True	1	1	11.0	6.9523826	narrow	1.9390844209711868
7	31	False	True	2	2	12.0	2.1572268	narrow	0.7688235079157237
7	31	False	True	3	3	13.0	3.8872752	narrow	1.3577084494667842
7	31	False	True	4	4	14.0	2.9770808	narrow	1.0909432230828522
7	31	False	True	5	5	15.0	1.9119167	narrow	0.6481062467345359
7	31	False	True	6	6	16.0	1.3955925	narrow	0.3333190562833677
7	31	False	True	7	7	17.0	1.1543999	narrow	0.14358064185243372
7	31	False	True	8	8	18.0	1.0036781	narrow	0.003671352330867982
7	31	False	True	9	9	19.0	0.8839527	narrow	-0.1233517245633631
7	31	False	True	10	10	20.0	0.77958995	narrow	-0.2489872026580938
7	31	False	True	11	11	21.0	0.6863901	narrow	-0.3763091539893212
7	31	False	True	12	12	22.0	0.6030298	narrow	-0.5057886639072358
7	31	False	True	13	13	23.0	0.5288905	narrow	-0.636973862879043
7	31	False	True	14	14	24.0	0.46343237	narrow	-0.7690948161649626
7	31	False	True	15	15	25.0	0.4060274	narrow	-0.9013346339728667
7	31	False	True	16	16	26.0	0.3559564	narrow	-1.0329470275405157
7	31	False	True	17	17	27.0	0.31245235	narrow	-1.163303301431938
7	31	False	True	18	18	28.0	0.27474907	narrow	-1.2918970705994945
7	31	False	True	19	19	29.0	0.24211596	narrow	-1.4183384940387183
7	31	False	True	20	20	30.0	0.21387994	narrow	-1.5423404494327846
7	31	False	True	21	21	31.0	0.18943645	narrow	-1.6637016669046494
7	31	False	True	22	22	32.0	0.16825141	narrow	-1.7822959301060852
7	31	False	True	23	23	33.0	0.14985998	narrow	-1.8980538875038753
7	31	False	True	24	24	34.0	0.13386062	narrow	-2.010956169615601
7	31	False	True	25	25	35.0	0.11990928	narrow	-2.1210198221122
7	31	False	True	26	26	36.0	0.10771261	narrow	-2.228288617179684
7	31	False	True	27	27	37.0	0.09702086	narrow	-2.332829272052632
7	31	False	True	28	28	38.0	0.087622195	narrow	-2.4347209455520273
7	31	False	True	29	29	39.0	0.079336695	narrow	-2.5340545209269427
7	31	False	True	30	30	40.0	0.072011776	narrow	-2.630925617784278
7	31	False	True	31	31	10.0	6.562754	wide	1.881410331930637
7	31	False	True	32	32	11.0	7.9170775	wide	2.0690221352028972
7	31	False	True	33	33	12.0	2.6697624	wide	0.9819894796883784
7	31	False	True	34	34	13.0	1.0418743	wide	0.04102130265706874
7	31	False	True	35	35	14.0	1.1343929	wide	0.12609761796090674
7	31	False	True	36	36	15.0	1.590568	wide	0.46409118514413217
7	31	False	True	37	37	16.0	1.4862058	wide	0.39622642930393037
7	31	False	True	38	38	17.0	1.1298143	wide	0.12205328293637686
7	31	False	True	39	39	18.0	0.819748	wide	-0.19875830302857764
7	31	False	True	40	40	19.0	0.6226745	wide	-0.47373136864080423
7	31	False	True	41	41	20.0	0.5088121	wide	-0.6756764857924579
7	31	False	True	42	42	21.0	0.44036132	wide	-0.8201597072369661
7	31	False	True	43	43	22.0	0.39393446	wide	-0.9315707286987618
7	31	False	True	44	44	23.0	0.35810092	wide	-1.026940432866278
7	31	False	True	45	45	24.0	0.3278398	wide	-1.115230204545418
7	31	False	True	46	46	25.0	0.30101404	wide	-1.2005983708028107
7	31	False	True	47	47	26.0	0.27668226	wide	-1.2848855070020666
7	31	False	True	48	48	27.0	0.25438973	wide	-1.3688878178278954
7	31	False	True	49	49	28.0	0.23388667	wide	-1.452918597182743
7	31	False	True	50	50	29.0	0.21501274	wide	-1.5370579967960771
7	31	False	True	51	51	30.0	0.19764896	wide	-1.6212627510797468
7	31	False	True	52	52	31.0	0.1816946	wide	-1.7054280233391956
7	31	False	True	53	53	32.0	0.16705693	wide	-1.7894206264543797
7	31	False	True	54	54	33.0	0.15364674	wide	-1.873099207682469
7	31	False	True	55	55	34.0	0.14137682	wide	-1.9563264710654977
7	31	False	True	56	56	35.0	0.1301618	wide	-2.038976987033602
7	31	False	True	57	57	36.0	0.11991923	wide	-2.120936846155707
7	31	False	True	58	58	37.0	0.11056972	wide	-2.202109006763492
7	31	False	True	59	59	38.0	0.10203802	wide	-2.282409790052023
7	31	False	True	60	60	39.0	0.09425325	wide	-2.361769970489913
7	31	False	True	61	61	40.0	0.087149285	wide	-2.4401327112953157
8	31	False	True	0	0	10.0	3.254919	narrow	1.1801673905582744
8	31	False	True	1	1	11.0	2.2610667	narrow	0.815836693081851
8	31	False	True	2	2	12.0	2.121933	narrow	0.7523274657065177
8	31	False	True	3	3	13.0	1.2114584	narrow	0.19182492308687552
8	31	False	True	4	4	14.0	0.8096821	narrow	-0.21111357748762327
8	31	False	True	5	5	15.0	0.6652232	narrow	-0.40763265554274003
8	31	False	True	6	6	16.0	0.5802761	narrow	-0.5442512542273829
8	31	False	True	7	7	17.0	0.50513005	narrow	-0.6829393581081092
8	31	False	True	8	8	18.0	0.44070914	narrow	-0.8193701676170169
8	31	False	True	9	9	19.0	0.39021957	narrow	-0.9410456982834855
8	31	False	True	10	10	20.0	0.35122955	narrow	-1.0463152806696383
8	31	False	True	11	11	21.0	0.31942928	narrow	-1.1412193755180515
8	31	False	True	12	12	22.0	0.2915554	narrow	-1.2325252397911044
8	31	False	True	13	13	23.0	0.2659083	narrow	-1.3246037664779486
8	31	False	True	14	14	24.0	0.24185193	narrow	-1.4194295995919988
8	31	False	True	15	15	25.0	0.21925972	narrow	-1.5174983157592712
8	31	False	True	16	16	26.0	0.19817345	narrow	-1.6186126216595058
8	31	False	True	17	17	27.0	0.17864624	narrow	-1.7223477414736386
8	31	False	True	18	18	28.0	0.16069107	narrow	-1.828271577166651
8	31	False	True	19	19	29.0	0.14427583	narrow	-1.9360283254992117
8	31	False	True	20	20	30.0	0.1293345	narrow	-2.0453532074491023
8	31	False	True	21	21	31.0	0.11578118	narrow	-2.1560532486402533
8	31	False	True	22	22	32.0	0.1035211	narrow	-2.267979822320005
8	31	False	True	23	23	33.0	0.092458114	narrow	-2.3809995586400503
8	31	False	True	24	24	34.0	0.082499035	narrow	-2.494968682679609
8	31	False	True	25	25	35.0	0.07355558	narrow	-2.6097139680551193
8	31	False	True	26	26	36.0	0.065545194	narrow	-2.725015389538133
8	31	False	True	27	27	37.0	0.0583905	narrow	-2.8406020736132325
8	31	False	True	28	28	38.0	0.052019026	narrow	-2.9561457427047784
8	31	False	True	29	29	39.0	0.04636239	narrow	-3.071266708776414
8	31	False	True	30	30	40.0	0.04135595	narrow	-3.185538974272833
8	31	False	True	31	31	10.0	2.370751	wide	0.8632067825890556
8	31	False	True	32	32	11.0	1.7821028	wide	0.5777940153757508
8	31	False	True	33	33	12.0	1.4860636	wide	0.3961307448413386
8	31	False	True	34	34	13.0	0.9519719	wide	-0.04921976143312396
8	31	False	True	35	35	14.0	0.94847417	wide	-0.05290072245020338
8	31	False	True	36	36	15.0	0.55117285	wide	-0.595706816664173
8	31	False	True	37	37	16.0	0.36281672	wide	-1.0138574758052876
8	31	False	True	38	38	17.0	0.27560475	wide	-1.2887875048677893
8	31	False	True	39	39	18.0	0.23198558	wide	-1.4610800644199538
8	31	False	True	40	40	19.0	0.20797697	wide	-1.5703279265647045
8	31	False	True	41	41	20.0	0.19129805	wide	-1.6539225960013697
8	31	False	True	42	42	21.0	0.17669061	wide	-1.733355041985323
8	31	False	True	43	43	22.0	0.16269682	wide	-1.8158668101233235
8	31	False	True	44	44	23.0	0.14946468	wide	-1.9006951682444133
8	31	False	True	45	45	24.0	0.13745458	wide	-1.9844617437183096
8	31	False	True	46	46	25.0	0.12691097	wide	-2.064269461977548
8	31	False	True	47	47	26.0	0.1177961	wide	-2.138800115273649
8	31	False	True	48	48	27.0	0.10989901	wide	-2.2081934258023983
8	31	False	True	49	49	28.0	0.10295615	wide	-2.2734521095558007
8	31	False	True	50	50	29.0	0.09672746	wide	-2.3358579457905666
8	31	False	True	51	51	30.0	0.091027506	wide	-2.396593554401503
8	31	False	True	52	52	31.0	0.08572778	wide	-2.456578351879297
8	31	False	True	53	53	32.0	0.08074671	wide	-2.5164380607434467
8	31	False	True	54	54	33.0	0.07603588	wide	-2.5765499448392752
8	31	False	True	55	55	34.0	0.07156818	wide	-2.6371047172042643
8	31	False	True	56	56	35.0	0.06732885	wide	-2.6981664566242816
8	31	False	True	57	57	36.0	0.06330941	wide	-2.7597213036923978
8	31	False	True	58	58	37.0	0.059503984	wide	-2.8217120106889455
8	31	False	True	59	59	38.0	0.055907246	wide	-2.8840612828924317
8	31	False	True	60	60	39.0	0.052513413	wide	-2.9466866563011904
8	31	False	True	61	61	40.0	0.049315903	wide	-3.009508673885057
9	31	False	True	0	0	10.0	8.811853	narrow	2.176097747003405
9	31	False	True	1	1	11.0	10.913804	narrow	2.3900284100174796
9	31	False	True	2	2	12.0	9.644106	narrow	2.2663469515484422
9	31	False	True	3	3	13.0	5.507386	narrow	1.7060901004333786
9	31	False	True	4	4	14.0	3.9610662	narrow	1.3765132314513946
9	31	False	True	5	5	15.0	2.2659693	narrow	0.8180026144116552
9	31	False	True	6	6	16.0	1.1603658	narrow	0.14873530023512965
9	31	False	True	7	7	17.0	0.58022267	narrow	-0.5443433353246125
9	31	False	True	8	8	18.0	0.3044684	narrow	-1.189187973900445
9	31	False	True	9	9	19.0	0.17721047	narrow	-1.7304171567778712
9	31	False	True	10	10	20.0	0.117269665	narrow	-2.143279167168825
9	31	False	True	11	11	21.0	0.08727438	narrow	-2.438698329997938
9	31	False	True	12	12	22.0	0.070810266	narrow	-2.647751288793947
9	31	False	True	13	13	23.0	0.060714543	narrow	-2.8015720214749535
9	31	False	True	14	14	24.0	0.053798698	narrow	-2.9225060128507354
9	31	False	True	15	15	25.0	0.048584897	narrow	-3.0244425576888654
9	31	False	True	16	16	26.0	0.04434894	narrow	-3.115666471301354
9	31	False	True	17	17	27.0	0.04071282	narrow	-3.2012122484168155
9	31	False	True	18	18	28.0	0.037467718	narrow	-3.2842755700861237
9	31	False	True	19	19	29.0	0.034493797	narrow	-3.366975768211709
9	31	False	True	20	20	30.0	0.031721912	narrow	-3.4507476066046103
9	31	False	True	21	21	31.0	0.029113676	narrow	-3.536547249568213
9	31	False	True	22	22	32.0	0.026649999	narrow	-3.624966165893736
9	31	False	True	23	23	33.0	0.024323823	narrow	-3.71629903851444
9	31	False	True	24	24	34.0	0.0221351	narrow	-3.8105906950761392
9	31	False	True	25	25	35.0	0.02008728	narrow	-3.90766850006311
9	31	False	True	26	26	36.0	0.01818481	narrow	-4.007168648769337
9	31	False	True	27	27	37.0	0.016431365	narrow	-4.108563270651693
9	31	False	True	28	28	38.0	0.0148288505	narrow	-4.211180637636896
9	31	False	True	29	29	39.0	0.013376784	narrow	-4.314234611917242
9	31	False	True	30	30	40.0	0.012072175	narrow	-4.416852061266458
9	31	False	True	31	31	10.0	6.1628094	wide	1.8185327450050361
9	31	False	True	32	32	11.0	4.5357075	wide	1.5119810802192761
9	31	False	True	33	33	12.0	4.596713	wide	1.525341482854248
9	31	False	True	34	34	13.0	3.570269	wide	1.2726409430929246
9	31	False	True	35	35	14.0	4.2489033	wide	1.446660902577631
9	31	False	True	36	36	15.0	2.3046877	wide	0.83494517919986
9	31	False	True	37	37	16.0	1.78841	wide	0.581326956952304
9	31	False	True	38	38	17.0	1.2925754	wide	0.25663666225599635
9	31	False	True	39	39	18.0	0.86809254	wide	-0.1414569571013127
9	31	False	True	40	40	19.0	0.55929625	wide	-0.5810759819866554
9	31	False	True	41	41	20.0	0.35395882	wide	-1.0385747002985681
9	31	False	True	42	42	21.0	0.22441158	wide	-1.494273502386976
9	31	False	True	43	43	22.0	0.14511581	wide	-1.930223165689245
9	31	False	True	44	44	23.0	0.09723075	wide	-2.3306682595217008
9	31	False	True	45	45	24.0	0.06829853	wide	-2.6838670353310063
9	31	False	True	46	46	25.0	0.050590064	wide	-2.9840000856069437
9	31	False	True	47	47	26.0	0.03948625	wide	-3.231802768942193
9	31	False	True	48	48	27.0	0.03228265	wide	-3.433225344773971
9	31	False	True	49	49	28.0	0.027410358	wide	-3.5968343078260667
9	31	False	True	50	50	29.0	0.023959763	wide	-3.7313793972696194
9	31	False	True	51	51	30.0	0.0214002	wide	-3.8443550112036102
9	31	False	True	52	52	31.0	0.019418087	wide	-3.941550327665191
9	31	False	True	53	53	32.0	0.017824449	wide	-4.027184224800505
9	31	False	True	54	54	33.0	0.016502468	wide	-4.104245333503365
9	31	False	True	55	55	34.0	0.015377635	wide	-4.1748410978599715
9	31	False	True	56	56	35.0	0.014400768	wide	-4.24047374048902
9	31	False	True	57	57	36.0	0.013538217	wide	-4.3022387040686505
9	31	False	True	58	58	37.0	0.01276613	wide	-4.360959708900732
9	31	False	True	59	59	38.0	0.012067085	wide	-4.417273780911173
9	31	False	True	60	60	39.0	0.011427984	wide	-4.471690194684594
9	31	False	True	61	61	40.0	0.01083881	wide	-4.524622067594534
10	31	False	True	0	0	10.0	3.7603238	narrow	1.324505070715222
10	31	False	True	1	1	11.0	1.0886911	narrow	0.08497614898410215
10	31	False	True	2	2	12.0	0.50361043	narrow	-0.6859522661447601
10	31	False	True	3	3	13.0	0.28231126	narrow	-1.2647450578727317
10	31	False	True	4	4	14.0	0.24193849	narrow	-1.4190717586867418
10	31	False	True	5	5	15.0	0.22676228	narrow	-1.4838530348932164
10	31	False	True	6	6	16.0	0.20853904	narrow	-1.56762901306468
10	31	False	True	7	7	17.0	0.18251117	narrow	-1.7009439023531177
10	31	False	True	8	8	18.0	0.15369664	narrow	-1.8727744894442664
10	31	False	True	9	9	19.0	0.12939134	narrow	-2.044913823420708
10	31	False	True	10	10	20.0	0.114139445	narrow	-2.17033437633502
10	31	False	True	11	11	21.0	0.10842035	narrow	-2.221739476968474
10	31	False	True	12	12	22.0	0.110045694	narrow	-2.2068595994444147
10	31	False	True	13	13	23.0	0.116139606	narrow	-2.1529623115013665
10	31	False	True	14	14	24.0	0.124317795	narrow	-2.0849141290065796
10	31	False	True	15	15	25.0	0.13288869	narrow	-2.018243418464418
10	31	False	True	16	16	26.0	0.14055735	narrow	-1.9621396884398117
10	31	False	True	17	17	27.0	0.14613298	narrow	-1.9232382499025757
10	31	False	True	18	18	28.0	0.1484726	narrow	-1.907354849548288
10	31	False	True	19	19	29.0	0.14664623	narrow	-1.9197321913558774
10	31	False	True	20	20	30.0	0.14017835	narrow	-1.9648397385599141
10	31	False	True	21	21	31.0	0.12922221	narrow	-2.0462217983826716
10	31	False	True	22	22	32.0	0.114583164	narrow	-2.1664543964887395
10	31	False	True	23	23	33.0	0.09758263	narrow	-2.3270557727133387
10	31	False	True	24	24	34.0	0.079813175	narrow	-2.528066687903294
10	31	False	True	25	25	35.0	0.06285821	narrow	-2.7668737239965284
10	31	False	True	26	26	36.0	0.04804838	narrow	-3.035546859014528
10	31	False	True	27	27	37.0	0.03629894	narrow	-3.3159667392396206
10	31	False	True	28	28	38.0	0.02804728	narrow	-3.5738636214122663
10	31	False	True	29	29	39.0	0.023279138	narrow	-3.7601976842958433
10	31	False	True	30	30	40.0	0.021619663	narrow	-3.834152054311616
10	31	False	True	31	31	10.0	10.4309025	wide	2.3447727945118118
10	31	False	True	32	32	11.0	3.9376948	wide	1.3705954759438752
10	31	False	True	33	33	12.0	1.5932922	wide	0.4658024416024373
10	31	False	True	34	34	13.0	0.68882084	wide	-0.37277407080946406
10	31	False	True	35	35	14.0	0.31259885	wide	-1.1628345398243045
10	31	False	True	36	36	15.0	0.17437826	wide	-1.7465284312407607
10	31	False	True	37	37	16.0	0.11926368	wide	-2.126418438812044
10	31	False	True	38	38	17.0	0.09544654	wide	-2.349188978812611
10	31	False	True	39	39	18.0	0.08449905	wide	-2.471014987285758
10	31	False	True	40	40	19.0	0.07879533	wide	-2.5409015478338723
10	31	False	True	41	41	20.0	0.07489177	wide	-2.5917112743359816
10	31	False	True	42	42	21.0	0.07117469	wide	-2.6426180012894105
10	31	False	True	43	43	22.0	0.06695986	wide	-2.703661943603581
10	31	False	True	44	44	23.0	0.06210258	wide	-2.778967745011991
10	31	False	True	45	45	24.0	0.05677769	wide	-2.8686118121041053
10	31	False	True	46	46	25.0	0.05131956	wide	-2.9696833129269504
10	31	False	True	47	47	26.0	0.046097748	wide	-3.07699118049813
10	31	False	True	48	48	27.0	0.04142962	wide	-3.1837591950324042
10	31	False	True	49	49	28.0	0.037532423	wide	-3.282550106235237
10	31	False	True	50	50	29.0	0.03450996	wide	-3.36650730095722
10	31	False	True	51	51	30.0	0.032364808	wide	-3.4306836193365715
10	31	False	True	52	52	31.0	0.03102413	wide	-3.4729899901863397
10	31	False	True	53	53	32.0	0.03036932	wide	-3.4943223906921084
10	31	False	True	54	54	33.0	0.030262258	wide	-3.497853953445514
10	31	False	True	55	55	34.0	0.030564753	wide	-3.487907796672658
10	31	False	True	56	56	35.0	0.031150598	wide	-3.4689218365011616
10	31	False	True	57	57	36.0	0.03191081	wide	-3.444810455121954
10	31	False	True	58	58	37.0	0.03275454	wide	-3.4187137005543673
10	31	False	True	59	59	38.0	0.03360706	wide	-3.3930191150372746
10	31	False	True	60	60	39.0	0.03440691	wide	-3.369497862681859
10	31	False	True	61	61	40.0	0.03510299	wide	-3.3494689669531836
12	31	False	True	0	0	10.0	7.1452985	narrow	1.9664545879759365
12	31	False	True	1	1	11.0	9.266224	narrow	2.2263759611032965
12	31	False	True	2	2	12.0	8.349923	narrow	2.122252317263359
12	31	False	True	3	3	13.0	6.5798297	narrow	1.8840088635433285
12	31	False	True	4	4	14.0	4.5979905	narrow	1.525619360223153
12	31	False	True	5	5	15.0	3.1929817	narrow	1.1609551824290303
12	31	False	True	6	6	16.0	2.3265467	narrow	0.8443850651722418
12	31	False	True	7	7	17.0	1.8090638	narrow	0.592809473895178
12	31	False	True	8	8	18.0	1.4924444	narrow	0.40041531265938907
12	31	False	True	9	9	19.0	1.2840357	narrow	0.2500080086195704
12	31	False	True	10	10	20.0	1.1327266	narrow	0.12462764666027866
12	31	False	True	11	11	21.0	1.0123863	narrow	0.012310217396559662
12	31	False	True	12	12	22.0	0.9101721	narrow	-0.09412157647321943
12	31	False	True	13	13	23.0	0.81989413	narrow	-0.19858005681531785
12	31	False	True	14	14	24.0	0.738601	narrow	-0.3029974226517828
12	31	False	True	15	15	25.0	0.66486907	narrow	-0.4081651449291609
12	31	False	True	16	16	26.0	0.5979466	narrow	-0.5142538266776415
12	31	False	True	17	17	27.0	0.5373291	narrow	-0.6211445230266186
12	31	False	True	18	18	28.0	0.48256418	narrow	-0.728641351504838
12	31	False	True	19	19	29.0	0.4331771	narrow	-0.8366086276717744
12	31	False	True	20	20	30.0	0.3886649	narrow	-0.9450377462046852
12	31	False	True	21	21	31.0	0.3485191	narrow	-1.0540622439706004
12	31	False	True	22	22	32.0	0.31225616	narrow	-1.1639314023888143
12	31	False	True	23	23	33.0	0.2794435	narrow	-1.2749551535118981
12	31	False	True	24	24	34.0	0.24971557	narrow	-1.3874327288146
12	31	False	True	25	25	35.0	0.2227765	narrow	-1.5015862522549839
12	31	False	True	26	26	36.0	0.19839527	narrow	-1.6174939251413656
12	31	False	True	27	27	37.0	0.17639172	narrow	-1.735048075286615
12	31	False	True	28	28	38.0	0.15662166	narrow	-1.853922190813713
12	31	False	True	29	29	39.0	0.1389602	narrow	-1.973567717787226
12	31	False	True	30	30	40.0	0.123288974	narrow	-2.093224296979112
12	31	False	True	31	31	10.0	3.6428332	wide	1.2927617305384482
12	31	False	True	32	32	11.0	5.3717384	wide	1.681151580528123
12	31	False	True	33	33	12.0	4.9043207	wide	1.590116592091144
12	31	False	True	34	34	13.0	4.4223065	wide	1.4866613925615202
12	31	False	True	35	35	14.0	3.706395	wide	1.3100597061014767
12	31	False	True	36	36	15.0	2.884011	wide	1.059182033562447
12	31	False	True	37	37	16.0	2.1480775	wide	0.7645732560702359
12	31	False	True	38	38	17.0	1.5857564	wide	0.4610615174688614
12	31	False	True	39	39	18.0	1.1888508	wide	0.1729871262352556
12	31	False	True	40	40	19.0	0.9176932	wide	-0.08589214901354265
12	31	False	True	41	41	20.0	0.73447114	wide	-0.3086045761755555
12	31	False	True	42	42	21.0	0.61049867	wide	-0.4934791639759292
12	31	False	True	43	43	22.0	0.5254358	wide	-0.6435272654909275
12	31	False	True	44	44	23.0	0.46539977	wide	-0.7648585223126068
12	31	False	True	45	45	24.0	0.4212299	wide	-0.8645765135875
12	31	False	True	46	46	25.0	0.38705903	wide	-0.949178065284482
12	31	False	True	47	47	26.0	0.3592198	wide	-1.0238208215788493
12	31	False	True	48	48	27.0	0.33546308	wide	-1.0922433733351526
12	31	False	True	49	49	28.0	0.31442982	wide	-1.1569943755965646
12	31	False	True	50	50	29.0	0.29530752	wide	-1.219738024928329
12	31	False	True	51	51	30.0	0.27761447	wide	-1.2815219263477364
12	31	False	True	52	52	31.0	0.2610658	wide	-1.3429827961534502
12	31	False	True	53	53	32.0	0.24549296	wide	-1.4044870083298104
12	31	False	True	54	54	33.0	0.23079446	wide	-1.4662277481024848
12	31	False	True	55	55	34.0	0.21690698	wide	-1.5282866809386506
12	31	False	True	56	56	35.0	0.20378807	wide	-1.590674697689055
12	31	False	True	57	57	36.0	0.19140589	wide	-1.653359027187031
12	31	False	True	58	58	37.0	0.17973317	wide	-1.7162819168062715
12	31	False	True	59	59	38.0	0.16874404	wide	-1.77937226837173
12	31	False	True	60	60	39.0	0.15841219	wide	-1.8425548454921479
12	31	False	True	61	61	40.0	0.1487104	wide	-1.9057544884862248
13	31	False	True	0	0	10.0	57.403664	narrow	4.050108134040911
13	31	False	True	1	1	11.0	11.5840225	narrow	2.449626777975728
13	31	False	True	2	2	12.0	8.382485	narrow	2.126144409914355
13	31	False	True	3	3	13.0	6.0451784	narrow	1.7992609956246686
13	31	False	True	4	4	14.0	4.1468163	narrow	1.4223408832008715
13	31	False	True	5	5	15.0	8.343654	narrow	2.1215012499163555
13	31	False	True	6	6	16.0	2.6376655	narrow	0.9698942456487263
13	31	False	True	7	7	17.0	1.3668357	narrow	0.31249836032087913
13	31	False	True	8	8	18.0	0.9781962	narrow	-0.022045015570583942
13	31	False	True	9	9	19.0	0.71570593	narrow	-0.3344859086773877
13	31	False	True	10	10	20.0	0.5365678	narrow	-0.6225623502454747
13	31	False	True	11	11	21.0	0.4131148	narrow	-0.8840297585448287
13	31	False	True	12	12	22.0	0.32800642	narrow	-1.1147220976188135
13	31	False	True	13	13	23.0	0.27086404	narrow	-1.3061382814116678
13	31	False	True	14	14	24.0	0.23573895	narrow	-1.44503023025319
13	31	False	True	15	15	25.0	0.21909955	narrow	-1.5182290862395118
13	31	False	True	16	16	26.0	0.21820161	narrow	-1.5223358270586007
13	31	False	True	17	17	27.0	0.2298753	narrow	-1.4702182910014072
13	31	False	True	18	18	28.0	0.2498653	narrow	-1.3868333063247704
13	31	False	True	19	19	29.0	0.27282023	narrow	-1.2989421988708207
13	31	False	True	20	20	30.0	0.29288435	narrow	-1.2279774577811364
13	31	False	True	21	21	31.0	0.3046621	narrow	-1.1885519853675148
13	31	False	True	22	22	32.0	0.3042339	narrow	-1.1899584655236934
13	31	False	True	23	23	33.0	0.28988883	narrow	-1.2382577743246153
13	31	False	True	24	24	34.0	0.26237336	narrow	-1.3379867514563968
13	31	False	True	25	25	35.0	0.22460844	narrow	-1.4933966594675308
13	31	False	True	26	26	36.0	0.18099049	narrow	-1.709310790533125
13	31	False	True	27	27	37.0	0.1364811	narrow	-1.991569135482268
13	31	False	True	28	28	38.0	0.09571673	narrow	-2.3463621786650775
13	31	False	True	29	29	39.0	0.062312897	narrow	-2.7755868601670355
13	31	False	True	30	30	40.0	0.038469415	narrow	-3.2578917689880917
13	31	False	True	31	31	10.0	104.49714	wide	4.649159702609291
13	31	False	True	32	32	11.0	13.545652	wide	2.6060656102220507
13	31	False	True	33	33	12.0	8.487582	wide	2.1386041541047134
13	31	False	True	34	34	13.0	5.939584	wide	1.781639097252048
13	31	False	True	35	35	14.0	4.326074	wide	1.4646604332560382
13	31	False	True	36	36	15.0	3.1609986	wide	1.1508879903355655
13	31	False	True	37	37	16.0	2.296616	wide	0.8314367351562011
13	31	False	True	38	38	17.0	1.6784189	wide	0.5178522193209938
13	31	False	True	39	39	18.0	1.2465	wide	0.22033962398147547
13	31	False	True	40	40	19.0	0.951383	wide	-0.049838563548054396
13	31	False	True	41	41	20.0	2.5959597	wide	0.95395627483845
13	31	False	True	42	42	21.0	1.982565	wide	0.6843914608746337
13	31	False	True	43	43	22.0	0.5254853	wide	-0.6434330624150988
13	31	False	True	44	44	23.0	0.36227477	wide	-1.0153523219271707
13	31	False	True	45	45	24.0	0.29441124	wide	-1.2227777135084026
13	31	False	True	46	46	25.0	0.24191885	wide	-1.4191529396398337
13	31	False	True	47	47	26.0	0.2009023	wide	-1.60493655874495
13	31	False	True	48	48	27.0	0.16855332	wide	-1.7805031400768954
13	31	False	True	49	49	28.0	0.14282112	wide	-1.9461623408529916
13	31	False	True	50	50	29.0	0.12219849	wide	-2.102108589113132
13	31	False	True	51	51	30.0	0.105575606	wide	-2.2483279381833396
13	31	False	True	52	52	31.0	0.09213614	wide	-2.384488013123762
13	31	False	True	53	53	32.0	0.08128053	wide	-2.5098487745039333
13	31	False	True	54	54	33.0	0.07256949	wide	-2.6232106934141814
13	31	False	True	55	55	34.0	0.06568041	wide	-2.7229545714701153
13	31	False	True	56	56	35.0	0.06037352	wide	-2.807204680767417
13	31	False	True	57	57	36.0	0.056465365	wide	-2.874127837646045
13	31	False	True	58	58	37.0	0.0538073	wide	-2.922346133286804
13	31	False	True	59	59	38.0	0.052268907	wide	-2.9513535971321456
13	31	False	True	60	60	39.0	0.051725253	wide	-2.96180916411068
13	31	False	True	61	61	40.0	0.05204776	wide	-2.955593520389962
14	31	False	True	0	0	10.0	10.479679	narrow	2.349438048652803
14	31	False	True	1	1	11.0	4.2681108	narrow	1.4511712937398362
14	31	False	True	2	2	12.0	0.63065195	narrow	-0.4610011534058282
14	31	False	True	3	3	13.0	0.29673243	narrow	-1.2149244553328435
14	31	False	True	4	4	14.0	0.23422429	narrow	-1.4514761184228278
14	31	False	True	5	5	15.0	0.28042626	narrow	-1.2714444762809496
14	31	False	True	6	6	16.0	0.3368813	narrow	-1.0880246361950412
14	31	False	True	7	7	17.0	0.19093898	narrow	-1.6558013784187673
14	31	False	True	8	8	18.0	0.08025031	narrow	-2.5226046540511238
14	31	False	True	9	9	19.0	0.17668247	narrow	-1.7334011122745563
14	31	False	True	10	10	20.0	0.21382272	narrow	-1.5426080184974305
14	31	False	True	11	11	21.0	0.18166904	narrow	-1.7055687088521554
14	31	False	True	12	12	22.0	0.12760748	narrow	-2.058796289099918
14	31	False	True	13	13	23.0	0.080990896	narrow	-2.5134185256882247
14	31	False	True	14	14	24.0	0.05301192	narrow	-2.9372384850571245
14	31	False	True	15	15	25.0	0.03967959	narrow	-3.2269183292801378
14	31	False	True	16	16	26.0	0.03377943	narrow	-3.3879032416347243
14	31	False	True	17	17	27.0	0.030727847	narrow	-3.48258596712302
14	31	False	True	18	18	28.0	0.028566692	narrow	-3.555513855232437
14	31	False	True	19	19	29.0	0.026650175	narrow	-3.624959561787716
14	31	False	True	20	20	30.0	0.024812805	narrow	-3.6963954284188403
14	31	False	True	21	21	31.0	0.023032391	narrow	-3.7708537494356715
14	31	False	True	22	22	32.0	0.02132095	narrow	-3.848065121577783
14	31	False	True	23	23	33.0	0.019693725	narrow	-3.9274552218977687
14	31	False	True	24	24	34.0	0.01816174	narrow	-4.008438095420978
14	31	False	True	25	25	35.0	0.016730946	narrow	-4.0904952204535086
14	31	False	True	26	26	36.0	0.015403021	narrow	-4.173191619969974
14	31	False	True	27	27	37.0	0.014176494	narrow	-4.25617003809678
14	31	False	True	28	28	38.0	0.013047735	narrow	-4.339140723495664
14	31	False	True	29	29	39.0	0.012011732	narrow	-4.421871440132259
14	31	False	True	30	30	40.0	0.011062689	narrow	-4.504177184048269
14	31	False	True	31	31	10.0	46.385017	wide	3.836976497602958
14	31	False	True	32	32	11.0	9.983008	wide	2.300884447716283
14	31	False	True	33	33	12.0	3.312423	wide	1.1976799457591458
14	31	False	True	34	34	13.0	0.8920701	wide	-0.1142105620460129
14	31	False	True	35	35	14.0	0.36742774	wide	-1.0012286055129827
14	31	False	True	36	36	15.0	0.17743267	wide	-1.7291640659718541
14	31	False	True	37	37	16.0	0.093367405	wide	-2.3712129775254116
14	31	False	True	38	38	17.0	0.059979238	wide	-2.8137568099767183
14	31	False	True	39	39	18.0	0.053797606	wide	-2.922526310945734
14	31	False	True	40	40	19.0	0.061179485	wide	-2.793943358078399
14	31	False	True	41	41	20.0	0.07444708	wide	-2.597666741574941
14	31	False	True	42	42	21.0	0.09005956	wide	-2.4072840497524473
14	31	False	True	43	43	22.0	0.10147379	wide	-2.2879547404475096
14	31	False	True	44	44	23.0	0.09391905	wide	-2.3653220379449897
14	31	False	True	45	45	24.0	0.063273706	wide	-2.760285423174918
14	31	False	True	46	46	25.0	0.033079125	wide	-3.4088528602042922
14	31	False	True	47	47	26.0	0.026653476	wide	-3.624835705356035
14	31	False	True	48	48	27.0	0.039013352	wide	-3.243851332469593
14	31	False	True	49	49	28.0	0.05236098	wide	-2.9495936215380505
14	31	False	True	50	50	29.0	0.058200445	wide	-2.8438622782258656
14	31	False	True	51	51	30.0	0.057456747	wide	-2.856722840329793
14	31	False	True	52	52	31.0	0.0528553	wide	-2.9401972878718388
14	31	False	True	53	53	32.0	0.046156965	wide	-3.0757074085106146
14	31	False	True	54	54	33.0	0.038576454	wide	-3.2551131886370466
14	31	False	True	55	55	34.0	0.031148447	wide	-3.4689908905292244
14	31	False	True	56	56	35.0	0.024632253	wide	-3.7036985972207406
14	31	False	True	57	57	36.0	0.019403374	wide	-3.942308310508981
14	31	False	True	58	58	37.0	0.015493888	wide	-4.167309655403174
14	31	False	True	59	59	38.0	0.0127214445	wide	-4.364466166197005
14	31	False	True	60	60	39.0	0.010820194	wide	-4.526341075964834
14	31	False	True	61	61	40.0	0.00953067	wide	-4.653240259485054
15	31	False	True	0	0	10.0	2.2076259	narrow	0.7919176847122494
15	31	False	True	1	1	11.0	5.4690504	narrow	1.699104999900889
15	31	False	True	2	2	12.0	1.4893234	narrow	0.39832192286575185
15	31	False	True	3	3	13.0	1.1151186	narrow	0.10896076696844247
15	31	False	True	4	4	14.0	0.9946512	narrow	-0.005363156045346794
15	31	False	True	5	5	15.0	0.89537996	narrow	-0.11050711448447625
15	31	False	True	6	6	16.0	0.82523537	narrow	-0.19208663636720066
15	31	False	True	7	7	17.0	0.75072294	narrow	-0.2867186167243404
15	31	False	True	8	8	18.0	0.68008447	narrow	-0.38553826793848767
15	31	False	True	9	9	19.0	0.65253997	narrow	-0.4268828849564231
15	31	False	True	10	10	20.0	0.63048464	narrow	-0.4612664854916754
15	31	False	True	11	11	21.0	0.5822173	narrow	-0.5409115332374788
15	31	False	True	12	12	22.0	0.52397907	narrow	-0.6463035382069193
15	31	False	True	13	13	23.0	0.4717995	narrow	-0.7512011717802134
15	31	False	True	14	14	24.0	0.42701712	narrow	-0.8509311728804275
15	31	False	True	15	15	25.0	0.38702428	narrow	-0.9492678489022772
15	31	False	True	16	16	26.0	0.35037345	narrow	-1.0487556933385789
15	31	False	True	17	17	27.0	0.31661075	narrow	-1.1500821775949264
15	31	False	True	18	18	28.0	0.28559002	narrow	-1.2531979931048538
15	31	False	True	19	19	29.0	0.25721088	narrow	-1.357858985802634
15	31	False	True	20	20	30.0	0.23136133	narrow	-1.4637745914113862
15	31	False	True	21	21	31.0	0.20791171	narrow	-1.5706417605480467
15	31	False	True	22	22	32.0	0.18671845	narrow	-1.6781534116780035
15	31	False	True	23	23	33.0	0.16762917	narrow	-1.7860010607322265
15	31	False	True	24	24	34.0	0.1504872	narrow	-1.893877248244036
15	31	False	True	25	25	35.0	0.13513523	narrow	-2.0014792982103704
15	31	False	True	26	26	36.0	0.121418424	narrow	-2.108512649103833
15	31	False	True	27	27	37.0	0.10918628	narrow	-2.214699864590468
15	31	False	True	28	28	38.0	0.09829462	narrow	-2.319785983743871
15	31	False	True	29	29	39.0	0.08860667	narrow	-2.4235481420376193
15	31	False	True	30	30	40.0	0.079994276	narrow	-2.5258001968680786
15	31	False	True	31	31	10.0	1.4270324	wide	0.3555970432124184
15	31	False	True	32	32	11.0	3.9681108	wide	1.3782901124198725
15	31	False	True	33	33	12.0	1.5666151	wide	0.44891730461257917
15	31	False	True	34	34	13.0	0.80858624	wide	-0.21246793898679323
15	31	False	True	35	35	14.0	0.6132672	wide	-0.48895454894782236
15	31	False	True	36	36	15.0	0.52735966	wide	-0.6398724964221665
15	31	False	True	37	37	16.0	0.47865716	wide	-0.736770678963538
15	31	False	True	38	38	17.0	0.43634284	wide	-0.829327014353553
15	31	False	True	39	39	18.0	0.39193437	wide	-0.9366608766779358
15	31	False	True	40	40	19.0	0.3489868	wide	-1.0527211798445633
15	31	False	True	41	41	20.0	0.31298223	wide	-1.1616088632165802
15	31	False	True	42	42	21.0	0.28622627	wide	-1.2509726271133652
15	31	False	True	43	43	22.0	0.26649165	wide	-1.3224123679496493
15	31	False	True	44	44	23.0	0.24902308	wide	-1.3902096960499006
15	31	False	True	45	45	24.0	0.23074119	wide	-1.466458586176365
15	31	False	True	46	46	25.0	0.21261601	wide	-1.5482675101711483
15	31	False	True	47	47	26.0	0.19770253	wide	-1.6209917517200236
15	31	False	True	48	48	27.0	0.1874659	wide	-1.6741583167780858
15	31	False	True	49	49	28.0	0.18046595	wide	-1.7122131616637455
15	31	False	True	50	50	29.0	0.17397332	wide	-1.7488533248576987
15	31	False	True	51	51	30.0	0.16610906	wide	-1.7951107183958916
15	31	False	True	52	52	31.0	0.15660203	wide	-1.8540475325464898
15	31	False	True	53	53	32.0	0.14622952	wide	-1.9225778368639077
15	31	False	True	54	54	33.0	0.13594274	wide	-1.9955215113156184
15	31	False	True	55	55	34.0	0.12636067	wide	-2.0686150007514517
15	31	False	True	56	56	35.0	0.11770041	wide	-2.1396127812895176
15	31	False	True	57	57	36.0	0.109920785	wide	-2.2079953089761024
15	31	False	True	58	58	37.0	0.10288177	wide	-2.2741748141307148
15	31	False	True	59	59	38.0	0.09644073	wide	-2.3388266562245676
15	31	False	True	60	60	39.0	0.090487875	wide	-2.4025394151526496
15	31	False	True	61	61	40.0	0.08494792	wide	-2.4657169161551296
16	31	False	True	0	0	10.0	79.507065	narrow	4.375845885636294
16	31	False	True	1	1	11.0	5.8613873	narrow	1.7683863161846185
16	31	False	True	2	2	12.0	2.9905903	narrow	1.0954707926660578
16	31	False	True	3	3	13.0	1.9338875	narrow	0.6595322257424951
16	31	False	True	4	4	14.0	1.1128666	narrow	0.10693920886568963
16	31	False	True	5	5	15.0	0.6624861	narrow	-0.41175570247394233
16	31	False	True	6	6	16.0	0.40584525	narrow	-0.9017833496749076
16	31	False	True	7	7	17.0	0.2570421	narrow	-1.3585153942732673
16	31	False	True	8	8	18.0	0.17223495	narrow	-1.7588957459099666
16	31	False	True	9	9	19.0	0.12379841	narrow	-2.0891007621097555
16	31	False	True	10	10	20.0	0.09583196	narrow	-2.345159037950306
16	31	False	True	11	11	21.0	0.08200185	narrow	-2.501013470996769
16	31	False	True	12	12	22.0	0.0838194	narrow	-2.4790907947069662
16	31	False	True	13	13	23.0	0.09979307	narrow	-2.304656536953465
16	31	False	True	14	14	24.0	0.11072901	narrow	-2.200669413978574
16	31	False	True	15	15	25.0	0.09855019	narrow	-2.317189317429914
16	31	False	True	16	16	26.0	0.08107429	narrow	-2.512389384150567
16	31	False	True	17	17	27.0	0.090097025	narrow	-2.4068681337809044
16	31	False	True	18	18	28.0	0.124040924	narrow	-2.087143735567702
16	31	False	True	19	19	29.0	0.15574738	narrow	-1.8595199432859186
16	31	False	True	20	20	30.0	0.16925445	narrow	-1.7763520750686284
16	31	False	True	21	21	31.0	0.1673617	narrow	-1.7875979404133826
16	31	False	True	22	22	32.0	0.15712227	narrow	-1.850730986924338
16	31	False	True	23	23	33.0	0.14151186	narrow	-1.9553717491568139
16	31	False	True	24	24	34.0	0.121032014	narrow	-2.1117001898677215
16	31	False	True	25	25	35.0	0.0968297	narrow	-2.3348015135768603
16	31	False	True	26	26	36.0	0.07146039	narrow	-2.6386119688031093
16	31	False	True	27	27	37.0	0.048076175	narrow	-3.0349685468283303
16	31	False	True	28	28	38.0	0.029407445	narrow	-3.526507405402616
16	31	False	True	29	29	39.0	0.017121028	narrow	-4.067447863342302
16	31	False	True	30	30	40.0	0.011627079	narrow	-4.454418504788776
16	31	False	True	31	31	10.0	103.59671	wide	4.640505572564369
16	31	False	True	32	32	11.0	6.3346934	wide	1.8460414148118363
16	31	False	True	33	33	12.0	3.6278875	wide	1.2886505229518201
16	31	False	True	34	34	13.0	2.0995212	wide	0.7417093187334258
16	31	False	True	35	35	14.0	1.3761749	wide	0.3193078389918103
16	31	False	True	36	36	15.0	0.96578234	wide	-0.03481679106916243
16	31	False	True	37	37	16.0	0.6385486	wide	-0.44855749050957816
16	31	False	True	38	38	17.0	0.42320162	wide	-0.8599065704680584
16	31	False	True	39	39	18.0	0.2924764	wide	-1.2293712993260193
16	31	False	True	40	40	19.0	0.20831336	wide	-1.5687117945098592
16	31	False	True	41	41	20.0	0.15152451	wide	-1.8870078849398206
16	31	False	True	42	42	21.0	0.112538666	wide	-2.184458418610436
16	31	False	True	43	43	22.0	0.08555804	wide	-2.45856030293121
16	31	False	True	44	44	23.0	0.06672781	wide	-2.7071334714272903
16	31	False	True	45	45	24.0	0.05342952	wide	-2.9293918767698237
16	31	False	True	46	46	25.0	0.043888178	wide	-3.1261102890167694
16	31	False	True	47	47	26.0	0.036909897	wide	-3.2992755525157844
16	31	False	True	48	48	27.0	0.031698387	wide	-3.451489482674257
16	31	False	True	49	49	28.0	0.027729556	wide	-3.585256431022485
16	31	False	True	50	50	29.0	0.024672968	wide	-3.7020470476108294
16	31	False	True	51	51	30.0	0.022353722	wide	-3.8007624393490675
16	31	False	True	52	52	31.0	0.020742144	wide	-3.8755877064030555
16	31	False	True	53	53	32.0	0.019940626	wide	-3.9149961207586843
16	31	False	True	54	54	33.0	0.020118764	wide	-3.9061023670491157
16	31	False	True	55	55	34.0	0.021365454	wide	-3.8459799604044553
16	31	False	True	56	56	35.0	0.02349947	wide	-3.75077741127784
16	31	False	True	57	57	36.0	0.025965521	wide	-3.650985736414412
16	31	False	True	58	58	37.0	0.027948298	wide	-3.577398975689554
16	31	False	True	59	59	38.0	0.028710911	wide	-3.5504780542484404
16	31	False	True	60	60	39.0	0.02798705	wide	-3.576013375793047
16	31	False	True	61	61	40.0	0.026176872	wide	-3.6428790061582297
17	31	False	True	0	0	10.0	0.5764801	narrow	-0.5508144585158132
17	31	False	True	1	1	11.0	0.6516533	narrow	-0.4282426069500959
17	31	False	True	2	2	12.0	0.5631154	narrow	-0.574270698489599
17	31	False	True	3	3	13.0	0.48869222	narrow	-0.7160223946199396
17	31	False	True	4	4	14.0	0.45913896	narrow	-0.7784023696416027
17	31	False	True	5	5	15.0	0.3996778	narrow	-0.9170965564635962
17	31	False	True	6	6	16.0	0.35047576	narrow	-1.048463733244262
17	31	False	True	7	7	17.0	0.31681332	narrow	-1.1494425744712062
17	31	False	True	8	8	18.0	0.29127368	narrow	-1.2334919726862466
17	31	False	True	9	9	19.0	0.2700369	narrow	-1.3091966626551337
17	31	False	True	10	10	20.0	0.25253353	narrow	-1.3762112470036023
17	31	False	True	11	11	21.0	0.2392446	narrow	-1.430268819436707
17	31	False	True	12	12	22.0	0.2308602	narrow	-1.4659429464698344
17	31	False	True	13	13	23.0	0.22802089	narrow	-1.4783180314177917
17	31	False	True	14	14	24.0	0.23114634	narrow	-1.4647042625473674
17	31	False	True	15	15	25.0	0.24025661	narrow	-1.426047718502927
17	31	False	True	16	16	26.0	0.25481564	narrow	-1.3672149756922272
17	31	False	True	17	17	27.0	0.27364722	narrow	-1.2959155204059905
17	31	False	True	18	18	28.0	0.29495767	narrow	-1.2209234244636349
17	31	False	True	19	19	29.0	0.31647986	narrow	-1.150495672913914
17	31	False	True	20	20	30.0	0.33571923	narrow	-1.0914800933481221
17	31	False	True	21	21	31.0	0.35025436	narrow	-1.0490956455912503
17	31	False	True	22	22	32.0	0.3580464	narrow	-1.027092692041402
17	31	False	True	23	23	33.0	0.3576894	narrow	-1.0280902669275707
17	31	False	True	24	24	34.0	0.3485718	narrow	-1.053911044177
17	31	False	True	25	25	35.0	0.33092168	narrow	-1.1058735479173303
17	31	False	True	26	26	36.0	0.30573973	narrow	-1.1850210945129294
17	31	False	True	27	27	37.0	0.27464247	narrow	-1.2922851362815315
17	31	False	True	28	28	38.0	0.2396468	narrow	-1.428589106271822
17	31	False	True	29	29	39.0	0.20293278	narrow	-1.5948804877819152
17	31	False	True	30	30	40.0	0.16662064	narrow	-1.7920356673672497
17	31	False	True	31	31	10.0	0.33871037	wide	-1.0826099025618543
17	31	False	True	32	32	11.0	0.35329452	wide	-1.0404532356345872
17	31	False	True	33	33	12.0	0.43106234	wide	-0.8415025589665696
17	31	False	True	34	34	13.0	0.33813602	wide	-1.084307038415255
17	31	False	True	35	35	14.0	0.24557127	wide	-1.4041680683790678
17	31	False	True	36	36	15.0	0.22054517	wide	-1.511652752466957
17	31	False	True	37	37	16.0	0.20726462	wide	-1.5737589446320825
17	31	False	True	38	38	17.0	0.1911312	wide	-1.6547951757561168
17	31	False	True	39	39	18.0	0.17195265	wide	-1.7605361307657983
17	31	False	True	40	40	19.0	0.15359865	wide	-1.8734122473696893
17	31	False	True	41	41	20.0	0.1382251	wide	-1.9788717633002724
17	31	False	True	42	42	21.0	0.12584692	wide	-2.0726890312799533
17	31	False	True	43	43	22.0	0.11568975	wide	-2.1568432398910335
17	31	False	True	44	44	23.0	0.10705291	wide	-2.234432080756827
17	31	False	True	45	45	24.0	0.09951077	wide	-2.3074893994692163
17	31	False	True	46	46	25.0	0.092844024	wide	-2.376834355128727
17	31	False	True	47	47	26.0	0.08694326	wide	-2.442499557000037
17	31	False	True	48	48	27.0	0.081749424	wide	-2.504096515101156
17	31	False	True	49	49	28.0	0.077226	wide	-2.561019091086841
17	31	False	True	50	50	29.0	0.07334755	wide	-2.612546176450648
17	31	False	True	51	51	30.0	0.07009494	wide	-2.6579046701431728
17	31	False	True	52	52	31.0	0.06745212	wide	-2.696337266132906
17	31	False	True	53	53	32.0	0.06540408	wide	-2.7271706371437663
17	31	False	True	54	54	33.0	0.06393432	wide	-2.7498989725775522
17	31	False	True	55	55	34.0	0.06302285	wide	-2.764257919937075
17	31	False	True	56	56	35.0	0.062644295	wide	-2.7702826632389193
17	31	False	True	57	57	36.0	0.06276626	wide	-2.7683376110309648
17	31	False	True	58	58	37.0	0.06334844	wide	-2.75910499761685
17	31	False	True	59	59	38.0	0.06434196	wide	-2.7435432944708107
17	31	False	True	60	60	39.0	0.06568974	wide	-2.722812530070061
17	31	False	True	61	61	40.0	0.06732694	wide	-2.698194825252175
18	31	False	True	0	0	10.0	0.66276145	narrow	-0.411340157462805
18	31	False	True	1	1	11.0	0.2317618	narrow	-1.462045158896042
18	31	False	True	2	2	12.0	0.09562852	narrow	-2.347284177055409
18	31	False	True	3	3	13.0	0.047187187	narrow	-3.0536328851074757
18	31	False	True	4	4	14.0	0.027698155	narrow	-3.5863894745053506
18	31	False	True	5	5	15.0	0.01905645	narrow	-3.9603496520384414
18	31	False	True	6	6	16.0	0.015058786	narrow	-4.195793670749397
18	31	False	True	7	7	17.0	0.013421088	narrow	-4.310928077699506
18	31	False	True	8	8	18.0	0.013365258	narrow	-4.31509662542494
18	31	False	True	9	9	19.0	0.015015205	narrow	-4.198691924626392
18	31	False	True	10	10	20.0	0.020087099	narrow	-3.9076775107811104
18	31	False	True	11	11	21.0	0.030238813	narrow	-3.498628981086713
18	31	False	True	12	12	22.0	0.039103147	narrow	-3.241552329296132
18	31	False	True	13	13	23.0	0.041745298	narrow	-3.1761684567821824
18	31	False	True	14	14	24.0	0.049913652	narrow	-2.9974607264684616
18	31	False	True	15	15	25.0	0.06740474	narrow	-2.6970399371271663
18	31	False	True	16	16	26.0	0.08324932	narrow	-2.4859153183231117
18	31	False	True	17	17	27.0	0.093639985	narrow	-2.368297796547394
18	31	False	True	18	18	28.0	0.1012024	narrow	-2.290632806994958
18	31	False	True	19	19	29.0	0.105996326	narrow	-2.244350845848113
18	31	False	True	20	20	30.0	0.106093235	narrow	-2.2434369959981977
18	31	False	True	21	21	31.0	0.10032543	narrow	-2.2993360767680704
18	31	False	True	22	22	32.0	0.08898382	narrow	-2.4193007235300206
18	31	False	True	23	23	33.0	0.07353518	narrow	-2.6099913478188896
18	31	False	True	24	24	34.0	0.056154028	narrow	-2.879656863950316
18	31	False	True	25	25	35.0	0.03920403	narrow	-3.2389757313474585
18	31	False	True	26	26	36.0	0.024751324	narrow	-3.6988762964487467
18	31	False	True	27	27	37.0	0.01420987	narrow	-4.253818485401957
18	31	False	True	28	28	38.0	0.008184303	narrow	-4.805537227557752
18	31	False	True	29	29	39.0	0.0065070037	narrow	-5.034876189851041
18	31	False	True	30	30	40.0	0.008419946	narrow	-4.77715186405013
18	31	False	True	31	31	10.0	3.0736072	wide	1.1228518555593439
18	31	False	True	32	32	11.0	1.4282521	wide	0.3564513889521783
18	31	False	True	33	33	12.0	0.6844078	wide	-0.3792013401850913
18	31	False	True	34	34	13.0	0.3423092	wide	-1.0720408567987056
18	31	False	True	35	35	14.0	0.1798858	wide	-1.7154330738814136
18	31	False	True	36	36	15.0	0.099652335	wide	-2.3060678005858164
18	31	False	True	37	37	16.0	0.05829009	wide	-2.8423231829217532
18	31	False	True	38	38	17.0	0.03603573	wide	-3.323244332728505
18	31	False	True	39	39	18.0	0.02356041	wide	-3.748187517973261
18	31	False	True	40	40	19.0	0.016293865	wide	-4.116966622386387
18	31	False	True	41	41	20.0	0.011912192	wide	-4.430192865530191
18	31	False	True	42	42	21.0	0.009191705	wide	-4.6894538320751336
18	31	False	True	43	43	22.0	0.007467783	wide	-4.8971571110360275
18	31	False	True	44	44	23.0	0.006370352	wide	-5.056100551898101
18	31	False	True	45	45	24.0	0.005689905	wide	-5.169061726941098
18	31	False	True	46	46	25.0	0.0053073624	wide	-5.238660290299951
18	31	False	True	47	47	26.0	0.0051570903	wide	-5.267382753886279
18	31	False	True	48	48	27.0	0.005210817	wide	-5.2570186216912855
18	31	False	True	49	49	28.0	0.005479673	wide	-5.206709851335476
18	31	False	True	50	50	29.0	0.0060254876	wide	-5.111756873419449
18	31	False	True	51	51	30.0	0.0069449474	wide	-4.969740876598608
18	31	False	True	52	52	31.0	0.008279398	wide	-4.793985018542138
18	31	False	True	53	53	32.0	0.009880925	wide	-4.617149148122984
18	31	False	True	54	54	33.0	0.011389339	wide	-4.475077536569645
18	31	False	True	55	55	34.0	0.0124438945	wide	-4.3865251779640415
18	31	False	True	56	56	35.0	0.0129969455	wide	-4.343040910666849
18	31	False	True	57	57	36.0	0.013411161	wide	-4.31166800825493
18	31	False	True	58	58	37.0	0.01420228	wide	-4.25435276388356
18	31	False	True	59	59	38.0	0.015653633	wide	-4.1570522483613495
18	31	False	True	60	60	39.0	0.017642422	wide	-4.037448936241191
18	31	False	True	61	61	40.0	0.019778261	wide	-3.9231718737404724
19	31	False	True	0	0	10.0	29.180159	narrow	3.3734889920174225
19	31	False	True	1	1	11.0	22.341713	narrow	3.1064554693048025
19	31	False	True	2	2	12.0	12.860394	narrow	2.5541523559762314
19	31	False	True	3	3	13.0	4.176472	narrow	1.4294668710132112
19	31	False	True	4	4	14.0	1.7188444	narrow	0.5416522045608604
19	31	False	True	5	5	15.0	0.93262	narrow	-0.0697574494164638
19	31	False	True	6	6	16.0	0.5791156	narrow	-0.5462531667606078
19	31	False	True	7	7	17.0	0.39015192	narrow	-0.9412190772473159
19	31	False	True	8	8	18.0	0.27983668	narrow	-1.2735491317044632
19	31	False	True	9	9	19.0	0.21159141	narrow	-1.5530981752851487
19	31	False	True	10	10	20.0	0.167708	narrow	-1.785530907057034
19	31	False	True	11	11	21.0	0.13871951	narrow	-1.975301298251415
19	31	False	True	12	12	22.0	0.1192119	narrow	-2.1268526971190265
19	31	False	True	13	13	23.0	0.105959855	narrow	-2.2446949830201253
19	31	False	True	14	14	24.0	0.09695321	narrow	-2.3335267879911568
19	31	False	True	15	15	25.0	0.09083978	narrow	-2.398657983588311
19	31	False	True	16	16	26.0	0.086612165	narrow	-2.446314999838109
19	31	False	True	17	17	27.0	0.083453	narrow	-2.4834716798500054
19	31	False	True	18	18	28.0	0.08068101	narrow	-2.517252047382515
19	31	False	True	19	19	29.0	0.07775179	narrow	-2.554233705679769
19	31	False	True	20	20	30.0	0.07427811	narrow	-2.5999389870862863
19	31	False	True	21	21	31.0	0.070044756	narrow	-2.658620869815036
19	31	False	True	22	22	32.0	0.06500636	narrow	-2.7332701677192763
19	31	False	True	23	23	33.0	0.059264705	narrow	-2.8257413441058525
19	31	False	True	24	24	34.0	0.05303046	narrow	-2.9368888135354383
19	31	False	True	25	25	35.0	0.04657718	narrow	-3.066644557363346
19	31	False	True	26	26	36.0	0.040195893	narrow	-3.213990452755381
19	31	False	True	27	27	37.0	0.034156404	narrow	-3.376805184923815
19	31	False	True	28	28	38.0	0.02867982	narrow	-3.5515615394210402
19	31	False	True	29	29	39.0	0.023922643	narrow	-3.7329298626926057
19	31	False	True	30	30	40.0	0.01997221	narrow	-3.9134134716784446
19	31	False	True	31	31	10.0	20.66284	wide	3.028336917942191
19	31	False	True	32	32	11.0	9.7094145	wide	2.273095981824022
19	31	False	True	33	33	12.0	11.151927	wide	2.4116123080856964
19	31	False	True	34	34	13.0	7.2238207	wide	1.9773839957623651
19	31	False	True	35	35	14.0	3.4334555	wide	1.2335671884587092
19	31	False	True	36	36	15.0	1.7411704	wide	0.5545575307812343
19	31	False	True	37	37	16.0	1.0160733	wide	0.015945492223207812
19	31	False	True	38	38	17.0	0.65191376	wide	-0.4278429957425742
19	31	False	True	39	39	18.0	0.4431526	wide	-0.8138410987270479
19	31	False	True	40	40	19.0	0.31393188	wide	-1.158579259284509
19	31	False	True	41	41	20.0	0.22999986	wide	-1.4696765787547792
19	31	False	True	42	42	21.0	0.17355102	wide	-1.7512836594228143
19	31	False	True	43	43	22.0	0.13448323	wide	-2.006315771728811
19	31	False	True	44	44	23.0	0.10677703	wide	-2.2370124504943343
19	31	False	True	45	45	24.0	0.086716756	wide	-2.4451081497395655
19	31	False	True	46	46	25.0	0.0719291	wide	-2.6320743673457545
19	31	False	True	47	47	26.0	0.060849395	wide	-2.7993534020795394
19	31	False	True	48	48	27.0	0.052419644	wide	-2.948473872410968
19	31	False	True	49	49	28.0	0.045911387	wide	-3.081042109894413
19	31	False	True	50	50	29.0	0.040816385	wide	-3.1986716850517074
19	31	False	True	51	51	30.0	0.03677658	wide	-3.302894049447472
19	31	False	True	52	52	31.0	0.0335373	wide	-3.3950970267218996
19	31	False	True	53	53	32.0	0.030915432	wide	-3.476499802270111
19	31	False	True	54	54	33.0	0.028777435	wide	-3.548163705886669
19	31	False	True	55	55	34.0	0.027024	wide	-3.611029918916693
19	31	False	True	56	56	35.0	0.025579445	wide	-3.665966179704814
19	31	False	True	57	57	36.0	0.024384307	wide	-3.71381550933406
19	31	False	True	58	58	37.0	0.02339035	wide	-3.75543173483832
19	31	False	True	59	59	38.0	0.022557188	wide	-3.791701505511232
19	31	False	True	60	60	39.0	0.021850122	wide	-3.823548773932098
19	31	False	True	61	61	40.0	0.021238793	wide	-3.851925910965096
20	31	False	True	0	0	10.0	6.4997215	narrow	1.8717593298298225
20	31	False	True	1	1	11.0	3.390165	narrow	1.2208785927742596
20	31	False	True	2	2	12.0	1.902675	narrow	0.6432607907546884
20	31	False	True	3	3	13.0	1.1507813	narrow	0.14044110299771054
20	31	False	True	4	4	14.0	0.7618079	narrow	-0.2720608548155041
20	31	False	True	5	5	15.0	0.50152844	narrow	-0.6900949633177019
20	31	False	True	6	6	16.0	0.37001622	narrow	-0.994208436466879
20	31	False	True	7	7	17.0	0.5238993	narrow	-0.6464557887017055
20	31	False	True	8	8	18.0	0.8820362	narrow	-0.1255221807336898
20	31	False	True	9	9	19.0	1.1969805	narrow	0.17980213571632372
20	31	False	True	10	10	20.0	1.3602517	narrow	0.30766975615337955
20	31	False	True	11	11	21.0	1.4072229	narrow	0.34161818775962455
20	31	False	True	12	12	22.0	1.393601	narrow	0.33189104468186
20	31	False	True	13	13	23.0	1.3496405	narrow	0.29983826069088715
20	31	False	True	14	14	24.0	1.2878792	narrow	0.25299683446383964
20	31	False	True	15	15	25.0	1.2144085	narrow	0.19425712697597164
20	31	False	True	16	16	26.0	1.13347	narrow	0.12528372391912332
20	31	False	True	17	17	27.0	1.0485952	narrow	0.047451363613871124
20	31	False	True	18	18	28.0	0.9627583	narrow	-0.0379528851869137
20	31	False	True	19	19	29.0	0.87835056	narrow	-0.1297094939638887
20	31	False	True	20	20	30.0	0.7971709	narrow	-0.22668619406939813
20	31	False	True	21	21	31.0	0.72046846	narrow	-0.327853639656862
20	31	False	True	22	22	32.0	0.64902043	narrow	-0.43229108357473933
20	31	False	True	23	23	33.0	0.5832246	narrow	-0.5391829181073261
20	31	False	True	24	24	34.0	0.5231908	narrow	-0.6478090630916096
20	31	False	True	25	25	35.0	0.46881932	narrow	-0.7575378299644134
20	31	False	True	26	26	36.0	0.41986853	narrow	-0.8678136405164256
20	31	False	True	27	27	37.0	0.37600514	narrow	-0.978152465472913
20	31	False	True	28	28	38.0	0.33684415	narrow	-1.0881349185067386
20	31	False	True	29	29	39.0	0.30197716	narrow	-1.1974038936063678
20	31	False	True	30	30	40.0	0.2709937	narrow	-1.3056597056051296
20	31	False	True	31	31	10.0	5.487856	wide	1.7025376510122783
20	31	False	True	32	32	11.0	3.3394547	wide	1.2058075301866236
20	31	False	True	33	33	12.0	2.1500301	wide	0.7654818420415723
20	31	False	True	34	34	13.0	1.4812201	wide	0.3928661400435628
20	31	False	True	35	35	14.0	1.0323739	wide	0.0318609076438781
20	31	False	True	36	36	15.0	0.7213397	wide	-0.3266451014751362
20	31	False	True	37	37	16.0	0.51446444	wide	-0.6646288417428875
20	31	False	True	38	38	17.0	0.38387883	wide	-0.9574283230648009
20	31	False	True	39	39	18.0	0.30260655	wide	-1.1953218321252008
20	31	False	True	40	40	19.0	0.24704577	wide	-1.3981816558770348
20	31	False	True	41	41	20.0	0.20272972	wide	-1.5958816156503273
20	31	False	True	42	42	21.0	0.16853924	wide	-1.7805866779633928
20	31	False	True	43	43	22.0	0.1532179	wide	-1.8758941877699222
20	31	False	True	44	44	23.0	0.16495746	wide	-1.8020676565041955
20	31	False	True	45	45	24.0	0.20264797	wide	-1.5962849432291497
20	31	False	True	46	46	25.0	0.2555441	wide	-1.3643602814927909
20	31	False	True	47	47	26.0	0.30961466	wide	-1.1724267869664196
20	31	False	True	48	48	27.0	0.35415825	wide	-1.0380114318399423
20	31	False	True	49	49	28.0	0.3845012	wide	-0.9558083691050276
20	31	False	True	50	50	29.0	0.40097374	wide	-0.9138593401041775
20	31	False	True	51	51	30.0	0.4064424	wide	-0.9003130574512734
20	31	False	True	52	52	31.0	0.4042436	wide	-0.9057376124375053
20	31	False	True	53	53	32.0	0.39712918	wide	-0.9234936607947192
20	31	False	True	54	54	33.0	0.38700676	wide	-0.9493131184046554
20	31	False	True	55	55	34.0	0.37507504	wide	-0.980629166363728
20	31	False	True	56	56	35.0	0.3620557	wide	-1.015957211589426
20	31	False	True	57	57	36.0	0.3483858	wide	-1.0544447925841218
20	31	False	True	58	58	37.0	0.33434597	wide	-1.0955789837924157
20	31	False	True	59	59	38.0	0.32013136	wide	-1.1390238674204392
20	31	False	True	60	60	39.0	0.30588937	wide	-1.1845317783473457
20	31	False	True	61	61	40.0	0.2917374	wide	-1.231901196408754
21	31	False	True	0	0	10.0	0.78543735	narrow	-0.24151458258315858
21	31	False	True	1	1	11.0	0.5931311	narrow	-0.5223398251608193
21	31	False	True	2	2	12.0	0.38818073	narrow	-0.9462842488404551
21	31	False	True	3	3	13.0	0.32360676	narrow	-1.1282262040283542
21	31	False	True	4	4	14.0	0.22712375	narrow	-1.4822602558582718
21	31	False	True	5	5	15.0	0.12433941	narrow	-2.0847402752060877
21	31	False	True	6	6	16.0	0.06642285	narrow	-2.71171415519167
21	31	False	True	7	7	17.0	0.038912408	narrow	-3.246442107496036
21	31	False	True	8	8	18.0	0.0303281	narrow	-3.4956806034905004
21	31	False	True	9	9	19.0	0.035146598	narrow	-3.3482274506157124
21	31	False	True	10	10	20.0	0.04793293	narrow	-3.0379525368632363
21	31	False	True	11	11	21.0	0.06446291	narrow	-2.7416652593382977
21	31	False	True	12	12	22.0	0.08355854	narrow	-2.482207814921286
21	31	False	True	13	13	23.0	0.10726701	narrow	-2.2324341323512815
21	31	False	True	14	14	24.0	0.1399016	narrow	-1.9668159606355717
21	31	False	True	15	15	25.0	0.18676123	narrow	-1.6779243229083705
21	31	False	True	16	16	26.0	0.25278968	narrow	-1.3751974403275173
21	31	False	True	17	17	27.0	0.3411309	narrow	-1.0754890043904883
21	31	False	True	18	18	28.0	0.4516553	narrow	-0.7948360007047764
21	31	False	True	19	19	29.0	0.5798289	narrow	-0.5450222189627314
21	31	False	True	20	20	30.0	0.7164095	narrow	-0.33350334813531785
21	31	False	True	21	21	31.0	0.84829724	narrow	-0.16452418573969635
21	31	False	True	22	22	32.0	0.9605582	narrow	-0.04024070516831788
21	31	False	True	23	23	33.0	1.0391409	narrow	0.03839431408730895
21	31	False	True	24	24	34.0	1.0736332	narrow	0.07104841075118215
21	31	False	True	25	25	35.0	1.0593154	narrow	0.05762285041702747
21	31	False	True	26	26	36.0	0.9980094	narrow	-0.001992583877354653
21	31	False	True	27	27	37.0	0.8975922	narrow	-0.10803943409103431
21	31	False	True	28	28	38.0	0.77038556	narrow	-0.260864162183748
21	31	False	True	29	29	39.0	0.63088393	narrow	-0.4606333794783601
21	31	False	True	30	30	40.0	0.49339184	narrow	-0.7064516133292743
21	31	False	True	31	31	10.0	0.43956757	wide	-0.8219638307844849
21	31	False	True	32	32	11.0	0.3923311	wide	-0.9356491528445747
21	31	False	True	33	33	12.0	0.33665037	wide	-1.088710364927141
21	31	False	True	34	34	13.0	0.2653055	wide	-1.326873286805688
21	31	False	True	35	35	14.0	0.2059231	wide	-1.5802524808575824
21	31	False	True	36	36	15.0	0.17599481	wide	-1.7373007730151473
21	31	False	True	37	37	16.0	0.15022886	wide	-1.8955954143011045
21	31	False	True	38	38	17.0	0.11606492	wide	-2.1536055892519084
21	31	False	True	39	39	18.0	0.08301681	wide	-2.4887121615715135
21	31	False	True	40	40	19.0	0.05841201	wide	-2.8402337596062277
21	31	False	True	41	41	20.0	0.04175315	wide	-3.1759803814296164
21	31	False	True	42	42	21.0	0.030254323	wide	-3.4981161956249087
21	31	False	True	43	43	22.0	0.021991637	wide	-3.8170930342576006
21	31	False	True	44	44	23.0	0.016072107	wide	-4.1306699939506
21	31	False	True	45	45	24.0	0.012106789	wide	-4.413988909342655
21	31	False	True	46	46	25.0	0.009854272	wide	-4.619850212237465
21	31	False	True	47	47	26.0	0.009073664	wide	-4.702379127299656
21	31	False	True	48	48	27.0	0.009493816	wide	-4.6571146397022884
21	31	False	True	49	49	28.0	0.010835014	wide	-4.524972351885743
21	31	False	True	50	50	29.0	0.01284663	wide	-4.3546737588455775
21	31	False	True	51	51	30.0	0.01533992	wide	-4.177296698180485
21	31	False	True	52	52	31.0	0.018206177	wide	-4.005994346876651
21	31	False	True	53	53	32.0	0.021419585	wide	-3.8434495885666538
21	31	False	True	54	54	33.0	0.025027392	wide	-3.6877843739331677
21	31	False	True	55	55	34.0	0.029133018	wide	-3.5358831088459617
21	31	False	True	56	56	35.0	0.03387621	wide	-3.3850422808630047
21	31	False	True	57	57	36.0	0.039412722	wide	-3.233666621396089
21	31	False	True	58	58	37.0	0.045895997	wide	-3.0813773770477426
21	31	False	True	59	59	38.0	0.053460263	wide	-2.9288166487174343
21	31	False	True	60	60	39.0	0.062206652	wide	-2.7772933396176276
21	31	False	True	61	61	40.0	0.07219056	wide	-2.628445989554049
22	31	False	True	0	0	10.0	4.565342	narrow	1.5184934290939607
22	31	False	True	1	1	11.0	2.1290925	narrow	0.755695832595516
22	31	False	True	2	2	12.0	1.7324471	narrow	0.5495349177052179
22	31	False	True	3	3	13.0	1.6483781	narrow	0.4997918347839819
22	31	False	True	4	4	14.0	1.5343024	narrow	0.42807581519904514
22	31	False	True	5	5	15.0	1.2314285	narrow	0.2081748776156464
22	31	False	True	6	6	16.0	0.9257738	narrow	-0.07712535063419462
22	31	False	True	7	7	17.0	0.90361094	narrow	-0.10135638733453219
22	31	False	True	8	8	18.0	1.1557647	narrow	0.1447622028189393
22	31	False	True	9	9	19.0	1.4227567	narrow	0.35259632767995713
22	31	False	True	10	10	20.0	1.524313	narrow	0.42154381675417885
22	31	False	True	11	11	21.0	1.4635814	narrow	0.3808864456918919
22	31	False	True	12	12	22.0	1.3262721	narrow	0.28237207433219724
22	31	False	True	13	13	23.0	1.232034	narrow	0.20866646213312418
22	31	False	True	14	14	24.0	1.5295515	narrow	0.42497455517631877
22	31	False	True	15	15	25.0	3.331963	narrow	1.2035616198011647
22	31	False	True	16	16	26.0	8.202269	narrow	2.1044108233108716
22	31	False	True	17	17	27.0	14.652721	narrow	2.6846260520050875
22	31	False	True	18	18	28.0	16.429733	narrow	2.799092681156328
22	31	False	True	19	19	29.0	10.924808	narrow	2.3910361664565136
22	31	False	True	20	20	30.0	4.729834	narrow	1.5538901067505722
22	31	False	True	21	21	31.0	3.7864888	narrow	1.3314391516906987
22	31	False	True	22	22	32.0	6.224994	narrow	1.8285724784948851
22	31	False	True	23	23	33.0	7.9648676	narrow	2.0750403204994337
22	31	False	True	24	24	34.0	7.8838205	narrow	2.064812621400643
22	31	False	True	25	25	35.0	6.7924733	narrow	1.9158151315046041
22	31	False	True	26	26	36.0	5.414414	narrow	1.689064656683769
22	31	False	True	27	27	37.0	4.030069	narrow	1.3937834974001082
22	31	False	True	28	28	38.0	2.7764847	narrow	1.0211856311494958
22	31	False	True	29	29	39.0	1.7639256	narrow	0.5675417798243821
22	31	False	True	30	30	40.0	1.0414286	narrow	0.04059342440009528
22	31	False	True	31	31	10.0	7.5110836	wide	2.016379742984098
22	31	False	True	32	32	11.0	1.66657	wide	0.5107676220839257
22	31	False	True	33	33	12.0	1.2437081	wide	0.21809732048098618
22	31	False	True	34	34	13.0	0.99887043	wide	-0.0011302084450166491
22	31	False	True	35	35	14.0	0.8377766	wide	-0.17700380115288666
22	31	False	True	36	36	15.0	0.74155444	wide	-0.29900670135338886
22	31	False	True	37	37	16.0	0.6885041	wide	-0.37323400585657596
22	31	False	True	38	38	17.0	0.654873	wide	-0.42331395527635907
22	31	False	True	39	39	18.0	0.618128	wide	-0.48105972322967827
22	31	False	True	40	40	19.0	0.5640297	wide	-0.5726483692960769
22	31	False	True	41	41	20.0	0.4921609	wide	-0.7089495834329825
22	31	False	True	42	42	21.0	0.41528755	wide	-0.8787841071237071
22	31	False	True	43	43	22.0	0.3522889	wide	-1.0433037013694577
22	31	False	True	44	44	23.0	0.31816012	wide	-1.145200500914053
22	31	False	True	45	45	24.0	0.31677637	wide	-1.149559211470277
22	31	False	True	46	46	25.0	0.340365	wide	-1.0777367077807942
22	31	False	True	47	47	26.0	0.37480533	wide	-0.9813485078011634
22	31	False	True	48	48	27.0	0.40642348	wide	-0.9003596087962589
22	31	False	True	49	49	28.0	0.42640352	wide	-0.8523691510051012
22	31	False	True	50	50	29.0	0.43170124	wide	-0.8400215040597622
22	31	False	True	51	51	30.0	0.42358375	wide	-0.8590040276526583
22	31	False	True	52	52	31.0	0.40549737	wide	-0.9026408912676778
22	31	False	True	53	53	32.0	0.38141873	wide	-0.9638574784741469
22	31	False	True	54	54	33.0	0.35511866	wide	-1.0353032918358576
22	31	False	True	55	55	34.0	0.33041635	wide	-1.1074017530875246
22	31	False	True	56	56	35.0	0.3125538	wide	-1.162978664623513
22	31	False	True	57	57	36.0	0.31105468	wide	-1.1677865623217252
22	31	False	True	58	58	37.0	0.34427217	wide	-1.0663227425755604
22	31	False	True	59	59	38.0	0.44431943	wide	-0.8112115382836711
22	31	False	True	60	60	39.0	0.65774214	wide	-0.4189423089620971
22	31	False	True	61	61	40.0	1.0342015	wide	0.03362963137537392
24	31	False	True	0	0	10.0	7.006197	narrow	1.946795043135323
24	31	False	True	1	1	11.0	0.8349885	narrow	-0.1803373266812125
24	31	False	True	2	2	12.0	0.30432275	narrow	-1.1896664631254572
24	31	False	True	3	3	13.0	0.14244086	narrow	-1.9488283829609072
24	31	False	True	4	4	14.0	0.07870772	narrow	-2.54201403434173
24	31	False	True	5	5	15.0	0.051999092	narrow	-2.9565290220916256
24	31	False	True	6	6	16.0	0.04061507	narrow	-3.2036160989795355
24	31	False	True	7	7	17.0	0.036534086	narrow	-3.309509591158773
24	31	False	True	8	8	18.0	0.037764195	narrow	-3.27639384747728
24	31	False	True	9	9	19.0	0.046336435	narrow	-3.0718266943140575
24	31	False	True	10	10	20.0	0.067385	narrow	-2.6973328377610146
24	31	False	True	11	11	21.0	0.10625035	narrow	-2.241957177065389
24	31	False	True	12	12	22.0	0.16379425	narrow	-1.809144211964424
24	31	False	True	13	13	23.0	0.73434585	narrow	-0.30877517605444704
24	31	False	True	14	14	24.0	2.8756642	narrow	1.0562836736538534
24	31	False	True	15	15	25.0	0.38880903	narrow	-0.9446669813569144
24	31	False	True	16	16	26.0	0.45995122	narrow	-0.7766348386002644
24	31	False	True	17	17	27.0	0.5176061	narrow	-0.6585407507026033
24	31	False	True	18	18	28.0	0.55343604	narrow	-0.5916090890660586
24	31	False	True	19	19	29.0	0.5622132	narrow	-0.5758741415964367
24	31	False	True	20	20	30.0	0.54414266	narrow	-0.6085438238587282
24	31	False	True	21	21	31.0	0.50429416	narrow	-0.6845955303749978
24	31	False	True	22	22	32.0	0.4503991	narrow	-0.797621200382454
24	31	False	True	23	23	33.0	0.39059964	narrow	-0.9400721821989694
24	31	False	True	24	24	34.0	0.331877	narrow	-1.102990860638744
24	31	False	True	25	25	35.0	0.27923182	narrow	-1.2757129461064582
24	31	False	True	26	26	36.0	0.2354995	narrow	-1.446046488670169
24	31	False	True	27	27	37.0	0.20162214	narrow	-1.6013599273862837
24	31	False	True	28	28	38.0	0.17717525	narrow	-1.7306159232525247
24	31	False	True	29	29	39.0	0.16093895	narrow	-1.826730178455931
24	31	False	True	30	30	40.0	0.15136991	narrow	-1.8880287027774376
24	31	False	True	31	31	10.0	8.907755	wide	2.1869222456491375
24	31	False	True	32	32	11.0	2.4260635	wide	0.8862699849525945
24	31	False	True	33	33	12.0	0.9217049	wide	-0.08153017173322345
24	31	False	True	34	34	13.0	0.46255228	wide	-0.7709956905801143
24	31	False	True	35	35	14.0	0.2526781	wide	-1.3756389323720246
24	31	False	True	36	36	15.0	0.14622216	wide	-1.9226281699650993
24	31	False	True	37	37	16.0	0.089451455	wide	-2.4140592030892694
24	31	False	True	38	38	17.0	0.05808745	wide	-2.8458056453418004
24	31	False	True	39	39	18.0	0.040219318	wide	-3.2134078515193396
24	31	False	True	40	40	19.0	0.02973045	wide	-3.515583505860648
24	31	False	True	41	41	20.0	0.023381736	wide	-3.7558000741977144
24	31	False	True	42	42	21.0	0.019421343	wide	-3.9413826630003066
24	31	False	True	43	43	22.0	0.016892523	wide	-4.080884180987887
24	31	False	True	44	44	23.0	0.015279874	wide	-4.18121874135106
24	31	False	True	45	45	24.0	0.014326704	wide	-4.245630070576086
24	31	False	True	46	46	25.0	0.013941664	wide	-4.2728735120505394
24	31	False	True	47	47	26.0	0.014151737	wide	-4.257917906243069
24	31	False	True	48	48	27.0	0.015075948	wide	-4.194654652773964
24	31	False	True	49	49	28.0	0.016901316	wide	-4.0803637902623215
24	31	False	True	50	50	29.0	0.019848002	wide	-3.919651931826822
24	31	False	True	51	51	30.0	0.02411875	wide	-3.724765732678345
24	31	False	True	52	52	31.0	0.029839205	wide	-3.5119321460926365
24	31	False	True	53	53	32.0	0.037007947	wide	-3.2966226056168635
24	31	False	True	54	54	33.0	0.04547452	wide	-3.0906031098837956
24	31	False	True	55	55	34.0	0.05495704	wide	-2.9012034898692027
24	31	False	True	56	56	35.0	0.06513776	wide	-2.731250867198447
24	31	False	True	57	57	36.0	0.2076906	wide	-1.5717058067072782
24	31	False	True	58	58	37.0	0.37436423	wide	-0.9825260784728062
24	31	False	True	59	59	38.0	0.7174779	wide	-0.33201313321646175
24	31	False	True	60	60	39.0	0.11789295	wide	-2.137978269664349
24	31	False	True	61	61	40.0	0.113677524	wide	-2.1743895758668015
25	31	False	True	0	0	10.0	6.3676643	narrow	1.8512327304439646
25	31	False	True	1	1	11.0	256.40747	narrow	5.54676785878749
25	31	False	True	2	2	12.0	6.0179224	narrow	1.7947420834753316
25	31	False	True	3	3	13.0	0.5570205	narrow	-0.5851532354233178
25	31	False	True	4	4	14.0	0.20252717	narrow	-1.5968812285964074
25	31	False	True	5	5	15.0	0.06471872	narrow	-2.7377047839305684
25	31	False	True	6	6	16.0	0.016341673	narrow	-4.114036808010543
25	31	False	True	7	7	17.0	0.014381624	narrow	-4.241803998434439
25	31	False	True	8	8	18.0	0.037193917	narrow	-3.2916100525795113
25	31	False	True	9	9	19.0	0.070964195	narrow	-2.64557982491535
25	31	False	True	10	10	20.0	0.106709324	narrow	-2.2376467393001653
25	31	False	True	11	11	21.0	0.13902342	narrow	-1.9731128708355246
25	31	False	True	12	12	22.0	0.1651101	narrow	-1.8011427548817445
25	31	False	True	13	13	23.0	0.18395784	narrow	-1.6930486780623226
25	31	False	True	14	14	24.0	0.1956806	narrow	-1.631271540817395
25	31	False	True	15	15	25.0	8.96388	narrow	2.1932031689682185
25	31	False	True	16	16	26.0	85.65197	narrow	4.450292225089391
25	31	False	True	17	17	27.0	0.19695549	narrow	-1.6247775148585235
25	31	False	True	18	18	28.0	0.18951267	narrow	-1.6632993965363854
25	31	False	True	19	19	29.0	0.17997654	narrow	-1.714928769919387
25	31	False	True	20	20	30.0	0.16903372	narrow	-1.7776570573346349
25	31	False	True	21	21	31.0	0.1573227	narrow	-1.8494561690944058
25	31	False	True	22	22	32.0	0.14533924	narrow	-1.9286846829252493
25	31	False	True	23	23	33.0	0.13345407	narrow	-2.0139979052826926
25	31	False	True	24	24	34.0	0.12193337	narrow	-2.1042805309827557
25	31	False	True	25	25	35.0	0.11095842	narrow	-2.198599742442479
25	31	False	True	26	26	36.0	0.100643836	narrow	-2.2961673706991714
25	31	False	True	27	27	37.0	0.09105295	narrow	-2.3963140735530413
25	31	False	True	28	28	38.0	0.08221098	narrow	-2.4984664091982323
25	31	False	True	29	29	39.0	0.07411538	narrow	-2.602132210862218
25	31	False	True	30	30	40.0	0.06674433	narrow	-2.706885929129933
25	31	False	True	31	31	10.0	6.0821958	wide	1.805365782094426
25	31	False	True	32	32	11.0	186.33095	wide	5.2275243937075135
25	31	False	True	33	33	12.0	7.8957186	wide	2.066320663198249
25	31	False	True	34	34	13.0	1.2411273	wide	0.21602007952732175
25	31	False	True	35	35	14.0	1.5912479	wide	0.4645185511714049
25	31	False	True	36	36	15.0	0.3749763	wide	-0.9808924550089304
25	31	False	True	37	37	16.0	0.21732873	wide	-1.5263441869295091
25	31	False	True	38	38	17.0	0.13301969	wide	-2.0172581166051975
25	31	False	True	39	39	18.0	0.08045923	wide	-2.5200046824789446
25	31	False	True	40	40	19.0	0.046500716	wide	-3.06828756865791
25	31	False	True	41	41	20.0	0.024969554	wide	-3.690098036283693
25	31	False	True	42	42	21.0	0.012261336	wide	-4.401304382143581
25	31	False	True	43	43	22.0	0.0058951415	wide	-5.133626741888174
25	31	False	True	44	44	23.0	0.0040229713	wide	-5.51573452001955
25	31	False	True	45	45	24.0	0.0052307234	wide	-5.253205693070657
25	31	False	True	46	46	25.0	0.008435575	wide	-4.775297396961385
25	31	False	True	47	47	26.0	0.012818575	wide	-4.3568599881139045
25	31	False	True	48	48	27.0	0.017772792	wide	-4.030086530417985
25	31	False	True	49	49	28.0	0.022860097	wide	-3.7783623774048776
25	31	False	True	50	50	29.0	0.027775308	wide	-3.583607854409016
25	31	False	True	51	51	30.0	0.032316193	wide	-3.4321868431087124
25	31	False	True	52	52	31.0	0.036358483	wide	-3.3143277322153994
25	31	False	True	53	53	32.0	0.039836317	wide	-3.222976295318138
25	31	False	True	54	54	33.0	0.042726044	wide	-3.1529466149367154
25	31	False	True	55	55	34.0	0.045033894	wide	-3.100339872724585
25	31	False	True	56	56	35.0	0.046786483	wide	-3.0621609425627723
25	31	False	True	57	57	36.0	0.04802326	wide	-3.0360698021135
25	31	False	True	58	58	37.0	0.048791308	wide	-3.0202030967414504
25	31	False	True	59	59	38.0	0.049141154	wide	-3.0130584282413633
25	31	False	True	60	60	39.0	0.049647994	wide	-3.0027972921269095
25	31	False	True	61	61	40.0	2.702879	wide	0.9943175012164829
26	31	False	True	0	0	10.0	8.994692	narrow	2.1966346255711153
26	31	False	True	1	1	11.0	4.444529	narrow	1.491673901596744
26	31	False	True	2	2	12.0	1.6954622	narrow	0.5279553880265708
26	31	False	True	3	3	13.0	1.0989485	narrow	0.09435381354095407
26	31	False	True	4	4	14.0	0.96655226	narrow	-0.03401991040393717
26	31	False	True	5	5	15.0	0.9958504	narrow	-0.00415823348202194
26	31	False	True	6	6	16.0	1.036186	narrow	0.035546664402047165
26	31	False	True	7	7	17.0	1.0350555	narrow	0.03445504846806633
26	31	False	True	8	8	18.0	0.9858614	narrow	-0.014239502211420505
26	31	False	True	9	9	19.0	0.9027876	narrow	-0.10226796917960494
26	31	False	True	10	10	20.0	0.8046923	narrow	-0.2172953106592285
26	31	False	True	11	11	21.0	0.70589554	narrow	-0.34828801277604926
26	31	False	True	12	12	22.0	0.6141732	narrow	-0.4874783059228468
26	31	False	True	13	13	23.0	0.5324665	narrow	-0.6302352941756463
26	31	False	True	14	14	24.0	0.46109796	narrow	-0.7741447639822568
26	31	False	True	15	15	25.0	0.39927873	narrow	-0.9180955345511472
26	31	False	True	16	16	26.0	0.34589022	narrow	-1.0616338375063825
26	31	False	True	17	17	27.0	0.2998146	narrow	-1.204590995366649
26	31	False	True	18	18	28.0	0.26004833	narrow	-1.3468877806256292
26	31	False	True	19	19	29.0	0.22572064	narrow	-1.488457150513961
26	31	False	True	20	20	30.0	0.19608307	narrow	-1.6292168830101026
26	31	False	True	21	21	31.0	0.17049205	narrow	-1.7690666109116466
26	31	False	True	22	22	32.0	0.14839222	narrow	-1.907896375499152
26	31	False	True	23	23	33.0	0.12930341	narrow	-2.045593620775592
26	31	False	True	24	24	34.0	0.1128103	narrow	-2.182047632030133
26	31	False	True	25	25	35.0	0.09855349	narrow	-2.3171558325147634
26	31	False	True	26	26	36.0	0.08622274	narrow	-2.4508213309985294
26	31	False	True	27	27	37.0	0.075550124	narrow	-2.582958948967581
26	31	False	True	28	28	38.0	0.06630489	narrow	-2.713491628854026
26	31	False	True	29	29	39.0	0.05828841	narrow	-2.842352004702787
26	31	False	True	30	30	40.0	0.051329877	narrow	-2.9694822986722937
26	31	False	True	31	31	10.0	7.972607	wide	2.076011540947165
26	31	False	True	32	32	11.0	5.3602896	wide	1.679018003473897
26	31	False	True	33	33	12.0	2.3345087	wide	0.8478014621299851
26	31	False	True	34	34	13.0	1.4878114	wide	0.39730618106595283
26	31	False	True	35	35	14.0	0.9868946	wide	-0.013192033498140125
26	31	False	True	36	36	15.0	0.6891976	wide	-0.37222725663274264
26	31	False	True	37	37	16.0	0.52435887	wide	-0.6455789626628603
26	31	False	True	38	38	17.0	0.4384862	wide	-0.8244269385887224
26	31	False	True	39	39	18.0	0.39505696	wide	-0.9287253219455552
26	31	False	True	40	40	19.0	0.37266353	wide	-0.9870793307863662
26	31	False	True	41	41	20.0	0.3598506	wide	-1.0220663336683131
26	31	False	True	42	42	21.0	0.35047844	wide	-1.0484560865249757
26	31	False	True	43	43	22.0	0.34108418	wide	-1.075625969993984
26	31	False	True	44	44	23.0	0.3297985	wide	-1.1092734170780187
26	31	False	True	45	45	24.0	0.31591487	wide	-1.1522825004237596
26	31	False	True	46	46	25.0	0.29956937	wide	-1.2054092688806477
26	31	False	True	47	47	26.0	0.2813967	wide	-1.2679898614495024
26	31	False	True	48	48	27.0	0.26221585	wide	-1.3385872594414288
26	31	False	True	49	49	28.0	0.24280705	wide	-1.4154881839745153
26	31	False	True	50	50	29.0	0.22379461	wide	-1.497026567397911
26	31	False	True	51	51	30.0	0.20561445	wide	-1.581752465769631
26	31	False	True	52	52	31.0	0.18853045	wide	-1.6684957466784656
26	31	False	True	53	53	32.0	0.17267159	wide	-1.7563638122837526
26	31	False	True	54	54	33.0	0.1580722	wide	-1.8447033883052042
26	31	False	True	55	55	34.0	0.14470515	wide	-1.9330570551003612
26	31	False	True	56	56	35.0	0.13250792	wide	-2.021112861757324
26	31	False	True	57	57	36.0	0.12139967	wide	-2.1086671186470896
26	31	False	True	58	58	37.0	0.11129266	wide	-2.195591970763885
26	31	False	True	59	59	38.0	0.102099165	wide	-2.2818107321015706
26	31	False	True	60	60	39.0	0.09373516	wide	-2.367281919994662
26	31	False	True	61	61	40.0	0.08612234	wide	-2.4519864354663503
27	31	False	True	0	0	10.0	5.794953	narrow	1.7569873663187907
27	31	False	True	1	1	11.0	2.6711898	narrow	0.9825239911314817
27	31	False	True	2	2	12.0	1.1473255	narrow	0.13743358167201583
27	31	False	True	3	3	13.0	0.5358765	narrow	-0.6238515549076616
27	31	False	True	4	4	14.0	0.23199943	narrow	-1.461020364215397
27	31	False	True	5	5	15.0	0.0752646	narrow	-2.58674537423903
27	31	False	True	6	6	16.0	0.028145345	narrow	-3.570373302191373
27	31	False	True	7	7	17.0	0.052284986	narrow	-2.9510460236948415
27	31	False	True	8	8	18.0	0.102787815	narrow	-2.2750884641148463
27	31	False	True	9	9	19.0	0.15514918	narrow	-1.863368173309578
27	31	False	True	10	10	20.0	0.20261642	narrow	-1.596440644054795
27	31	False	True	11	11	21.0	0.24322373	narrow	-1.4137735596370016
27	31	False	True	12	12	22.0	0.2752647	narrow	-1.2900220988108468
27	31	False	True	13	13	23.0	0.2977374	narrow	-1.2115433890224858
27	31	False	True	14	14	24.0	0.31076565	narrow	-1.1687161878320877
27	31	False	True	15	15	25.0	0.3153181	narrow	-1.1541733084333459
27	31	False	True	16	16	26.0	0.312783	narrow	-1.1622456196139648
27	31	False	True	17	17	27.0	0.30466008	narrow	-1.1885586156858137
27	31	False	True	18	18	28.0	0.29237944	narrow	-1.2297028682161866
27	31	False	True	19	19	29.0	0.27720845	narrow	-1.282985528725515
27	31	False	True	20	20	30.0	0.2602134	narrow	-1.3462532153827116
27	31	False	True	21	21	31.0	0.24225423	narrow	-1.4177675670633987
27	31	False	True	22	22	32.0	0.22399983	narrow	-1.4961099860559566
27	31	False	True	23	23	33.0	0.20595154	narrow	-1.5801143805849112
27	31	False	True	24	24	34.0	0.18847051	narrow	-1.6688137299563068
27	31	False	True	25	25	35.0	0.17180404	narrow	-1.7614007539925234
27	31	False	True	26	26	36.0	0.1561098	narrow	-1.857195673162291
27	31	False	True	27	27	37.0	0.14147611	narrow	-1.9556244100751574
27	31	False	True	28	28	38.0	0.12793955	narrow	-2.056197392240053
27	31	False	True	29	29	39.0	0.11549855	narrow	-2.1584973032116466
27	31	False	True	30	30	40.0	0.10412477	narrow	-2.262165387381123
27	31	False	True	31	31	10.0	5.319147	wide	1.6713129521521215
27	31	False	True	32	32	11.0	3.2365873	wide	1.174519472222221
27	31	False	True	33	33	12.0	1.7606758	wide	0.5656977126223803
27	31	False	True	34	34	13.0	0.99931574	wide	-0.0006844942127214844
27	31	False	True	35	35	14.0	0.61045676	wide	-0.4935478151305687
27	31	False	True	36	36	15.0	0.39280394	wide	-0.9344446720022337
27	31	False	True	37	37	16.0	0.2581975	wide	-1.3540304830332008
27	31	False	True	38	38	17.0	0.16807713	wide	-1.7833322977934596
27	31	False	True	39	39	18.0	0.1048158	wide	-2.2555507551000695
27	31	False	True	40	40	19.0	0.060417507	wide	-2.806476365046674
27	31	False	True	41	41	20.0	0.031478446	wide	-3.458452221327395
27	31	False	True	42	42	21.0	0.015863411	wide	-4.143740016542661
27	31	False	True	43	43	22.0	0.010864846	wide	-4.522222839327256
27	31	False	True	44	44	23.0	0.013084135	wide	-4.336354851413647
27	31	False	True	45	45	24.0	0.01925841	wide	-3.949807430537103
27	31	False	True	46	46	25.0	0.026986206	wide	-3.612429432414891
27	31	False	True	47	47	26.0	0.034891408	wide	-3.3555146691950175
27	31	False	True	48	48	27.0	0.04236576	wide	-3.161414790155901
27	31	False	True	49	49	28.0	0.0492092	wide	-3.0116746810947563
27	31	False	True	50	50	29.0	0.055370204	wide	-2.8937136638484677
27	31	False	True	51	51	30.0	0.060823746	wide	-2.7997750070478857
27	31	False	True	52	52	31.0	0.06554085	wide	-2.7250816666164406
27	31	False	True	53	53	32.0	0.06949704	wide	-2.666471117246425
27	31	False	True	54	54	33.0	0.07268444	wide	-2.6216279476117563
27	31	False	True	55	55	34.0	0.07511765	wide	-2.5886997278515467
27	31	False	True	56	56	35.0	0.07683264	wide	-2.5661257291154302
27	31	False	True	57	57	36.0	0.0778813	wide	-2.552569406270253
27	31	False	True	58	58	37.0	0.07832592	wide	-2.5468766962824465
27	31	False	True	59	59	38.0	0.07823362	wide	-2.548055800547745
27	31	False	True	60	60	39.0	0.07767272	wide	-2.5552511772075404
27	31	False	True	61	61	40.0	0.07670969	wide	-2.5677272422132056
28	31	False	True	0	0	10.0	10.277191	narrow	2.329926973660464
28	31	False	True	1	1	11.0	6.8924627	narrow	1.93042845222181
28	31	False	True	2	2	12.0	0.52929085	narrow	-0.6362171872504243
28	31	False	True	3	3	13.0	0.14537801	narrow	-1.9284179632845688
28	31	False	True	4	4	14.0	0.099510424	narrow	-2.3074928764858402
28	31	False	True	5	5	15.0	0.2747049	narrow	-1.292057848398935
28	31	False	True	6	6	16.0	0.6208675	narrow	-0.4766375853537758
28	31	False	True	7	7	17.0	0.4788512	narrow	-0.736365377013681
28	31	False	True	8	8	18.0	0.11375134	narrow	-2.173740441000683
28	31	False	True	9	9	19.0	0.54638624	narrow	-0.6044291540587596
28	31	False	True	10	10	20.0	0.42701235	narrow	-0.8509423434551386
28	31	False	True	11	11	21.0	0.15505028	narrow	-1.8640058275682352
28	31	False	True	12	12	22.0	0.0697665	narrow	-2.6626013271165787
28	31	False	True	13	13	23.0	0.054846928	narrow	-2.903209101121981
28	31	False	True	14	14	24.0	0.051961895	narrow	-2.957244617482949
28	31	False	True	15	15	25.0	0.050024934	narrow	-2.99523371785354
28	31	False	True	16	16	26.0	0.047817193	narrow	-3.0403700179638293
28	31	False	True	17	17	27.0	0.045433193	narrow	-3.091512317727292
28	31	False	True	18	18	28.0	0.043000415	narrow	-3.1465455121723562
28	31	False	True	19	19	29.0	0.040572986	narrow	-3.204652803289075
28	31	False	True	20	20	30.0	0.038160853	narrow	-3.2659450794024054
28	31	False	True	21	21	31.0	0.03575734	narrow	-3.3309997162309815
28	31	False	True	22	22	32.0	0.03335496	narrow	-3.4005487920418838
28	31	False	True	23	23	33.0	0.030952413	narrow	-3.4753043184317978
28	31	False	True	24	24	34.0	0.028556583	narrow	-3.555867791525674
28	31	False	True	25	25	35.0	0.026181921	narrow	-3.6426861445689394
28	31	False	True	26	26	36.0	0.023848575	narrow	-3.736030811860468
28	31	False	True	27	27	37.0	0.021580037	narrow	-3.8359866046031086
28	31	False	True	28	28	38.0	0.019400835	narrow	-3.9424391726019885
28	31	False	True	29	29	39.0	0.01733438	narrow	-4.055063466276512
28	31	False	True	30	30	40.0	0.015401298	narrow	-4.173303487400109
28	31	False	True	31	31	10.0	3.431456	wide	1.2329846609034618
28	31	False	True	32	32	11.0	1.8585567	wide	0.6198002187643721
28	31	False	True	33	33	12.0	1.4147642	wide	0.3469628740991546
28	31	False	True	34	34	13.0	0.3044468	wide	-1.1892589197398953
28	31	False	True	35	35	14.0	0.12005496	wide	-2.119805641050078
28	31	False	True	36	36	15.0	0.061358187	wide	-2.7910266692957704
28	31	False	True	37	37	16.0	0.033983797	wide	-3.381871426779751
28	31	False	True	38	38	17.0	0.021048214	wide	-3.8609395680590395
28	31	False	True	39	39	18.0	0.018334256	wide	-3.998984056411423
28	31	False	True	40	40	19.0	0.029800765	wide	-3.5132212146593367
28	31	False	True	41	41	20.0	0.062021576	wide	-2.780272954475001
28	31	False	True	42	42	21.0	0.11433615	wide	-2.1686124852192443
28	31	False	True	43	43	22.0	0.17377979	wide	-1.749966355996252
28	31	False	True	44	44	23.0	0.20407991	wide	-1.5892436461522064
28	31	False	True	45	45	24.0	0.1567877	wide	-1.8528626180202625
28	31	False	True	46	46	25.0	0.06336747	wide	-2.758804640698085
28	31	False	True	47	47	26.0	0.037569694	wide	-3.2815575642258086
28	31	False	True	48	48	27.0	0.10112082	wide	-2.2914392394392538
28	31	False	True	49	49	28.0	0.15795968	wide	-1.8454154683950643
28	31	False	True	50	50	29.0	0.15031956	wide	-1.8949918509700883
28	31	False	True	51	51	30.0	0.104742505	wide	-2.2562502740524564
28	31	False	True	52	52	31.0	0.06170103	wide	-2.7854546545310406
28	31	False	True	53	53	32.0	0.0355022	wide	-3.338160612589956
28	31	False	True	54	54	33.0	0.022852212	wide	-3.7787073610756083
28	31	False	True	55	55	34.0	0.017461164	wide	-4.047776064126138
28	31	False	True	56	56	35.0	0.015243386	wide	-4.1836095749239295
28	31	False	True	57	57	36.0	0.014248284	wide	-4.251118800571306
28	31	False	True	58	58	37.0	0.013675442	wide	-4.292153609441401
28	31	False	True	59	59	38.0	0.013227705	wide	-4.325441785290582
28	31	False	True	60	60	39.0	0.012806369	wide	-4.357812653682512
28	31	False	True	61	61	40.0	0.012384997	wide	-4.3912694582693454
29	31	False	True	0	0	10.0	5.90904	narrow	1.7764833816755385
29	31	False	True	1	1	11.0	3.1537194	narrow	1.148582518191219
29	31	False	True	2	2	12.0	1.3659052	narrow	0.311817359033153
29	31	False	True	3	3	13.0	0.8348922	narrow	-0.18045266426204304
29	31	False	True	4	4	14.0	0.3614859	narrow	-1.0175322422933768
29	31	False	True	5	5	15.0	0.13699815	narrow	-1.9877878568948222
29	31	False	True	6	6	16.0	0.11021553	narrow	-2.205317466602564
29	31	False	True	7	7	17.0	0.13599172	narrow	-1.9951612774524319
29	31	False	True	8	8	18.0	0.17054236	narrow	-1.7687715673682989
29	31	False	True	9	9	19.0	0.2168178	narrow	-1.528697909465906
29	31	False	True	10	10	20.0	0.26675817	narrow	-1.3214127613405273
29	31	False	True	11	11	21.0	0.30776936	narrow	-1.1784046076915007
29	31	False	True	12	12	22.0	0.33373457	narrow	-1.097409302546157
29	31	False	True	13	13	23.0	0.34457177	narrow	-1.0654528793119267
29	31	False	True	14	14	24.0	0.34289867	narrow	-1.0703202982026159
29	31	False	True	15	15	25.0	0.3319771	narrow	-1.10268928834821
29	31	False	True	16	16	26.0	0.31483912	narrow	-1.155693500782306
29	31	False	True	17	17	27.0	0.29397526	narrow	-1.2242596648441006
29	31	False	True	18	18	28.0	0.27127877	narrow	-1.3046083152357817
29	31	False	True	19	19	29.0	0.2481048	narrow	-1.3939040414340484
29	31	False	True	20	20	30.0	0.22537261	narrow	-1.49000020206286
29	31	False	True	21	21	31.0	0.20366968	narrow	-1.591255813170754
29	31	False	True	22	22	32.0	0.18334185	narrow	-1.6964028359572545
29	31	False	True	23	23	33.0	0.1645648	narrow	-1.804450865370563
29	31	False	True	24	24	34.0	0.14739808	narrow	-1.914618325091927
29	31	False	True	25	25	35.0	0.13182436	narrow	-2.026284848498686
29	31	False	True	26	26	36.0	0.11777814	narrow	-2.138952593745275
29	31	False	True	27	27	37.0	0.10516529	narrow	-2.2522219760874633
29	31	False	True	28	28	38.0	0.093877085	narrow	-2.3657689587583333
29	31	False	True	29	29	39.0	0.08379915	narrow	-2.479332414743633
29	31	False	True	30	30	40.0	0.074817814	narrow	-2.592699267275911
29	31	False	True	31	31	10.0	3.2198277	wide	1.1693278488078722
29	31	False	True	32	32	11.0	3.6604009	wide	1.2975726769338236
29	31	False	True	33	33	12.0	1.0231158	wide	0.022852677044189654
29	31	False	True	34	34	13.0	0.8158227	wide	-0.20355822703838597
29	31	False	True	35	35	14.0	0.6756446	wide	-0.3920880808336881
29	31	False	True	36	36	15.0	0.5415592	wide	-0.6133028925702925
29	31	False	True	37	37	16.0	0.40563044	wide	-0.9023127802115576
29	31	False	True	38	38	17.0	0.2739249	wide	-1.2949012977541763
29	31	False	True	39	39	18.0	0.16522571	wide	-1.8004428004643283
29	31	False	True	40	40	19.0	0.09364617	wide	-2.3682317478850967
29	31	False	True	41	41	20.0	0.057510983	wide	-2.8557793407230183
29	31	False	True	42	42	21.0	0.044183377	wide	-3.119406646609401
29	31	False	True	43	43	22.0	0.040954042	wide	-3.195304767815444
29	31	False	True	44	44	23.0	0.040923804	wide	-3.196043380342566
29	31	False	True	45	45	24.0	0.04234261	wide	-3.1619613713397046
29	31	False	True	46	46	25.0	0.045521207	wide	-3.0895769736983762
29	31	False	True	47	47	26.0	0.050655253	wide	-2.9827123419178507
29	31	False	True	48	48	27.0	0.057246476	wide	-2.860389193027502
29	31	False	True	49	49	28.0	0.06440012	wide	-2.742639782519528
29	31	False	True	50	50	29.0	0.071248904	wide	-2.641575842407829
29	31	False	True	51	51	30.0	0.07718408	wide	-2.5615620608337633
29	31	False	True	52	52	31.0	0.08188897	wide	-2.502390973627475
29	31	False	True	53	53	32.0	0.08527443	wide	-2.4618806349565836
29	31	False	True	54	54	33.0	0.08739273	wide	-2.437343180558392
29	31	False	True	55	55	34.0	0.088369824	wide	-2.4262247250803246
29	31	False	True	56	56	35.0	0.08836146	wide	-2.4263193772530123
29	31	False	True	57	57	36.0	0.087528214	wide	-2.4357940918787295
29	31	False	True	58	58	37.0	0.086023204	wide	-2.4531382051683797
29	31	False	True	59	59	38.0	0.08398573	wide	-2.477108375522608
29	31	False	True	60	60	39.0	0.08153924	wide	-2.506670902213324
29	31	False	True	61	61	40.0	0.07879049	wide	-2.5409629746805455
30	31	False	True	0	0	10.0	3.9918277	narrow	1.3842491961950956
30	31	False	True	1	1	11.0	1.8696505	narrow	0.6257515150030918
30	31	False	True	2	2	12.0	0.716465	narrow	-0.33342588147647545
30	31	False	True	3	3	13.0	0.2632168	narrow	-1.3347772517807752
30	31	False	True	4	4	14.0	0.2543561	narrow	-1.369020025299941
30	31	False	True	5	5	15.0	0.48112014	narrow	-0.7316382687542651
30	31	False	True	6	6	16.0	0.8183832	narrow	-0.20042459241465727
30	31	False	True	7	7	17.0	1.1222848	narrow	0.11536660733256858
30	31	False	True	8	8	18.0	1.3184273	narrow	0.27643958687616066
30	31	False	True	9	9	19.0	1.5143392	narrow	0.414979172193662
30	31	False	True	10	10	20.0	1.6671159	narrow	0.5110951274466111
30	31	False	True	11	11	21.0	1.7182736	narrow	0.5413200658299542
30	31	False	True	12	12	22.0	1.714784	narrow	0.5392871251639823
30	31	False	True	13	13	23.0	1.686384	narrow	0.5225865916538639
30	31	False	True	14	14	24.0	1.6364547	narrow	0.49253213354939035
30	31	False	True	15	15	25.0	1.5683439	narrow	0.45002022185982
30	31	False	True	16	16	26.0	1.4876457	narrow	0.39719480322073286
30	31	False	True	17	17	27.0	1.3995637	narrow	0.33616054519334354
30	31	False	True	18	18	28.0	1.3081418	narrow	0.26860765694502353
30	31	False	True	19	19	29.0	1.2163274	narrow	0.19583599072552266
30	31	False	True	20	20	30.0	1.1261808	narrow	0.11883208521143444
30	31	False	True	21	21	31.0	1.0390794	narrow	0.03833512883152265
30	31	False	True	22	22	32.0	0.9558982	narrow	-0.045103856956352266
30	31	False	True	23	23	33.0	0.8771499	narrow	-0.13107737761253604
30	31	False	True	24	24	34.0	0.80309844	narrow	-0.21927798226252462
30	31	False	True	25	25	35.0	0.73383725	narrow	-0.30946800519863826
30	31	False	True	26	26	36.0	0.6693493	narrow	-0.4014492325414696
30	31	False	True	27	27	37.0	0.60954386	narrow	-0.49504437202639034
30	31	False	True	28	28	38.0	0.55428207	narrow	-0.5900815701840131
30	31	False	True	29	29	39.0	0.503393	narrow	-0.6863841018205908
30	31	False	True	30	30	40.0	0.4566829	narrow	-0.7837660020146161
30	31	False	True	31	31	10.0	3.7292109	wide	1.3161966563150316
30	31	False	True	32	32	11.0	2.3861177	wide	0.8696676518806945
30	31	False	True	33	33	12.0	1.4498229	wide	0.37144141104200407
30	31	False	True	34	34	13.0	0.8232703	wide	-0.1944706996634445
30	31	False	True	35	35	14.0	0.43674988	wide	-0.8283946047247347
30	31	False	True	36	36	15.0	0.22317876	wide	-1.4997822142934265
30	31	False	True	37	37	16.0	0.12566583	wide	-2.074129038049333
30	31	False	True	38	38	17.0	0.101675265	wide	-2.285971220848503
30	31	False	True	39	39	18.0	0.12144977	wide	-2.1082545173191987
30	31	False	True	40	40	19.0	0.16505979	wide	-1.8014475070830391
30	31	False	True	41	41	20.0	0.22010136	wide	-1.51366711145927
30	31	False	True	42	42	21.0	0.27980962	wide	-1.2736458356405782
30	31	False	True	43	43	22.0	0.3396207	wide	-1.079925872338964
30	31	False	True	44	44	23.0	0.39285946	wide	-0.9343033392124094
30	31	False	True	45	45	24.0	0.43186045	wide	-0.8396527753316411
30	31	False	True	46	46	25.0	0.45534548	wide	-0.7866988514477953
30	31	False	True	47	47	26.0	0.47067067	wide	-0.7535966439675099
30	31	False	True	48	48	27.0	0.4855929	wide	-0.7223846604310523
30	31	False	True	49	49	28.0	0.5006291	wide	-0.6918897714302527
30	31	False	True	50	50	29.0	0.511058	wide	-0.6712721922839826
30	31	False	True	51	51	30.0	0.51338965	wide	-0.6667201704678238
30	31	False	True	52	52	31.0	0.5081032	wide	-0.677070702429443
30	31	False	True	53	53	32.0	0.49792245	wide	-0.6973109369751187
30	31	False	True	54	54	33.0	0.48535818	wide	-0.7228681451490926
30	31	False	True	55	55	34.0	0.47175467	wide	-0.7512961954713996
30	31	False	True	56	56	35.0	0.4575594	wide	-0.7818485666289597
30	31	False	True	57	57	36.0	0.44285965	wide	-0.8145023762899152
30	31	False	True	58	58	37.0	0.42770606	wide	-0.8493190950397372
30	31	False	True	59	59	38.0	0.41220352	wide	-0.8862380710183294
30	31	False	True	60	60	39.0	0.39649814	wide	-0.9250839289648957
30	31	False	True	61	61	40.0	0.38074267	wide	-0.9656315388695252
31	31	False	True	0	0	10.0	2.1341887	narrow	0.7580865744622921
31	31	False	True	1	1	11.0	2.8298898	narrow	1.040237770967639
31	31	False	True	2	2	12.0	2.3848262	narrow	0.8691262495676024
31	31	False	True	3	3	13.0	0.40239263	narrow	-0.9103269754736752
31	31	False	True	4	4	14.0	0.31568635	narrow	-1.1530061216035024
31	31	False	True	5	5	15.0	0.20487854	narrow	-1.5853379632388664
31	31	False	True	6	6	16.0	0.19029371	narrow	-1.6591865583003917
31	31	False	True	7	7	17.0	0.20266177	narrow	-1.5962168471601763
31	31	False	True	8	8	18.0	0.21574295	narrow	-1.533667626261649
31	31	False	True	9	9	19.0	0.22339284	narrow	-1.4988234429949414
31	31	False	True	10	10	20.0	0.22495283	narrow	-1.4918645432006297
31	31	False	True	11	11	21.0	0.22125964	narrow	-1.5084184254218012
31	31	False	True	12	12	22.0	0.21352333	narrow	-1.544009178278743
31	31	False	True	13	13	23.0	0.20293401	narrow	-1.5948744266799462
31	31	False	True	14	14	24.0	0.19051974	narrow	-1.6579994677365308
31	31	False	True	15	15	25.0	0.17710991	narrow	-1.7309847786724966
31	31	False	True	16	16	26.0	0.16334298	narrow	-1.81190311706513
31	31	False	True	17	17	27.0	0.14968982	narrow	-1.8991899925408515
31	31	False	True	18	18	28.0	0.13648227	narrow	-1.9915605629034636
31	31	False	True	19	19	29.0	0.123940684	narrow	-2.0879521826639853
31	31	False	True	20	20	30.0	0.11219921	narrow	-2.1874793269165465
31	31	False	True	21	21	31.0	0.10132705	narrow	-2.28940187474546
31	31	False	True	22	22	32.0	0.091346145	narrow	-2.3930991973769875
31	31	False	True	23	23	33.0	0.082245305	narrow	-2.4980489730327684
31	31	False	True	24	24	34.0	0.07399097	narrow	-2.6038122202508975
31	31	False	True	25	25	35.0	0.06653553	narrow	-2.710019188285836
31	31	False	True	26	26	36.0	0.059823472	narrow	-2.8163571866756025
31	31	False	True	27	27	37.0	0.05379556	narrow	-2.922564343101052
31	31	False	True	28	28	38.0	0.04839212	narrow	-3.02841828843188
31	31	False	True	29	29	39.0	0.043554876	narrow	-3.133733618690423
31	31	False	True	30	30	40.0	0.0392284	narrow	-3.2383543047058447
31	31	False	True	31	31	10.0	1.8778548	wide	0.6301300615030827
31	31	False	True	32	32	11.0	0.5842986	wide	-0.5373431254540532
31	31	False	True	33	33	12.0	0.82027406	wide	-0.19811677505054298
31	31	False	True	34	34	13.0	0.34270072	wide	-1.0708977491408396
31	31	False	True	35	35	14.0	0.8637703	wide	-0.1464484020056621
31	31	False	True	36	36	15.0	0.1633378	wide	-1.8119348299807196
31	31	False	True	37	37	16.0	0.17853045	wide	-1.7229961040756676
31	31	False	True	38	38	17.0	0.1335735	wide	-2.013103390847621
31	31	False	True	39	39	18.0	0.09143278	wide	-2.392151221493138
31	31	False	True	40	40	19.0	0.072089866	wide	-2.629841799355004
31	31	False	True	41	41	20.0	0.066250145	wide	-2.7143176254389556
31	31	False	True	42	42	21.0	0.06588384	wide	-2.7198620875753723
31	31	False	True	43	43	22.0	0.06724054	wide	-2.6994789395400023
31	31	False	True	44	44	23.0	0.068774916	wide	-2.6769161935462904
31	31	False	True	45	45	24.0	0.0698945	wide	-2.6607683166721565
31	31	False	True	46	46	25.0	0.0704079	wide	-2.6534498062047835
31	31	False	True	47	47	26.0	0.07029362	wide	-2.6550742381957098
31	31	False	True	48	48	27.0	0.06960306	wide	-2.6649467470909767
31	31	False	True	49	49	28.0	0.068416774	wide	-2.6821372505004257
31	31	False	True	50	50	29.0	0.06682344	wide	-2.705701361786321
31	31	False	True	51	51	30.0	0.064909115	wide	-2.7347672182925327
31	31	False	True	52	52	31.0	0.06275202	wide	-2.7685645102533107
31	31	False	True	53	53	32.0	0.060420737	wide	-2.806422905150306
31	31	False	True	54	54	33.0	0.05797366	wide	-2.8477665095186135
31	31	False	True	55	55	34.0	0.0554596	wide	-2.892100451225852
31	31	False	True	56	56	35.0	0.052918714	wide	-2.938998240862096
31	31	False	True	57	57	36.0	0.050383426	wide	-2.9880930071939207
31	31	False	True	58	58	37.0	0.047879577	wide	-3.039066232917856
31	31	False	True	59	59	38.0	0.045427307	wide	-3.091641878977961
31	31	False	True	60	60	39.0	0.043042045	wide	-3.145577850316839
31	31	False	True	61	61	40.0	0.04073514	wide	-3.2006641683775183
32	31	False	True	0	0	10.0	3.7421067	narrow	1.3196487416089258
32	31	False	True	1	1	11.0	1.2429636	narrow	0.21749852810944367
32	31	False	True	2	2	12.0	0.5116304	narrow	-0.6701527896198455
32	31	False	True	3	3	13.0	0.243153	narrow	-1.4140644041455315
32	31	False	True	4	4	14.0	0.13119997	narrow	-2.031032631130711
32	31	False	True	5	5	15.0	0.071681805	narrow	-2.6355183292709
32	31	False	True	6	6	16.0	0.047153194	narrow	-3.0543535309456797
32	31	False	True	7	7	17.0	0.04358561	narrow	-3.1330282289758338
32	31	False	True	8	8	18.0	0.053302273	narrow	-2.9317763033162505
32	31	False	True	9	9	19.0	0.07447613	narrow	-2.597276607621094
32	31	False	True	10	10	20.0	0.10820573	narrow	-2.2237209564858174
32	31	False	True	11	11	21.0	0.15578814	narrow	-1.8592582716779262
32	31	False	True	12	12	22.0	0.21679582	narrow	-1.5287992900453204
32	31	False	True	13	13	23.0	0.28810117	narrow	-1.244443575810001
32	31	False	True	14	14	24.0	0.36391747	narrow	-1.0108281678219337
32	31	False	True	15	15	25.0	0.43671238	narrow	-0.8284804699114527
32	31	False	True	16	16	26.0	0.49862403	narrow	-0.6959029141081703
32	31	False	True	17	17	27.0	0.5429218	narrow	-0.610789984152284
32	31	False	True	18	18	28.0	0.56513005	narrow	-0.5706993973312049
32	31	False	True	19	19	29.0	0.56361306	narrow	-0.5733873267633497
32	31	False	True	20	20	30.0	0.53958005	narrow	-0.6169641271629972
32	31	False	True	21	21	31.0	0.49661058	narrow	-0.699949101261879
32	31	False	True	22	22	32.0	0.4398813	narrow	-0.821250361192311
32	31	False	True	23	23	33.0	0.37528104	narrow	-0.9800800937016516
32	31	False	True	24	24	34.0	0.30858985	narrow	-1.1757422300670843
32	31	False	True	25	25	35.0	0.24483758	narrow	-1.4071602270539965
32	31	False	True	26	26	36.0	0.18790174	narrow	-1.6718361123607821
32	31	False	True	27	27	37.0	0.14033933	narrow	-1.9636920032893848
32	31	False	True	28	28	38.0	0.10342106	narrow	-2.268946662598399
32	31	False	True	29	29	39.0	0.077301115	narrow	-2.5600468991719625
32	31	False	True	30	30	40.0	0.061267864	narrow	-2.79249981493812
32	31	False	True	31	31	10.0	10.980193	wide	2.3960930133403826
32	31	False	True	32	32	11.0	3.8024015	wide	1.3356328408052769
32	31	False	True	33	33	12.0	1.6118895	wide	0.4774070933477917
32	31	False	True	34	34	13.0	0.6440841	wide	-0.43992597134181144
32	31	False	True	35	35	14.0	0.28410006	wide	-1.2584287789287754
32	31	False	True	36	36	15.0	0.14519227	wide	-1.9296964149231766
32	31	False	True	37	37	16.0	0.078736864	wide	-2.5416438215393273
32	31	False	True	38	38	17.0	0.044430003	wide	-3.1138402945123773
32	31	False	True	39	39	18.0	0.026570998	wide	-3.6279349587566156
32	31	False	True	40	40	19.0	0.017592525	wide	-4.040281183064469
32	31	False	True	41	41	20.0	0.013441962	wide	-4.309373972398633
32	31	False	True	42	42	21.0	0.011925143	wide	-4.4291062506653756
32	31	False	True	43	43	22.0	0.011903717	wide	-4.430904574695501
32	31	False	True	44	44	23.0	0.012835826	wide	-4.3555151114512105
32	31	False	True	45	45	24.0	0.014507596	wide	-4.233082904654474
32	31	False	True	46	46	25.0	0.016879141	wide	-4.081676679734788
32	31	False	True	47	47	26.0	0.019996034	wide	-3.9122213250921907
32	31	False	True	48	48	27.0	0.023936106	wide	-3.73236724872394
32	31	False	True	49	49	28.0	0.028774545	wide	-3.548264136836305
32	31	False	True	50	50	29.0	0.034559853	wide	-3.3650625885275502
32	31	False	True	51	51	30.0	0.04129714	wide	-3.186962030807673
32	31	False	True	52	52	31.0	0.0489373	wide	-3.0172153920849323
32	31	False	True	53	53	32.0	0.05737347	wide	-2.8581732776236564
32	31	False	True	54	54	33.0	0.066442445	wide	-2.7114191947937414
32	31	False	True	55	55	34.0	0.07593219	wide	-2.577914573818127
32	31	False	True	56	56	35.0	0.08559383	wide	-2.458142077871541
32	31	False	True	57	57	36.0	0.09515544	wide	-2.352243513989367
32	31	False	True	58	58	37.0	0.104338706	wide	-2.2601128832282584
32	31	False	True	59	59	38.0	0.112873584	wide	-2.1814868121741733
32	31	False	True	60	60	39.0	0.12051332	wide	-2.1159949927413715
32	31	False	True	61	61	40.0	0.12704536	wide	-2.063211090937577
33	31	False	True	0	0	10.0	211.04672	narrow	5.352079530766825
33	31	False	True	1	1	11.0	1.5170635	narrow	0.4167765584224373
33	31	False	True	2	2	12.0	0.1475941	narrow	-1.9132893405144316
33	31	False	True	3	3	13.0	0.110638395	narrow	-2.201488098238447
33	31	False	True	4	4	14.0	0.09285794	narrow	-2.3766844805692307
33	31	False	True	5	5	15.0	0.07506196	narrow	-2.5894413731728076
33	31	False	True	6	6	16.0	0.06037035	narrow	-2.807257188609028
33	31	False	True	7	7	17.0	0.050219618	narrow	-2.99134953181289
33	31	False	True	8	8	18.0	0.044343423	narrow	-3.1157908788561985
33	31	False	True	9	9	19.0	0.04160849	narrow	-3.1794510459992824
33	31	False	True	10	10	20.0	0.04071582	narrow	-3.2011385642683057
33	31	False	True	11	11	21.0	0.0405879	narrow	-3.2042852863507343
33	31	False	True	12	12	22.0	0.040498137	narrow	-3.206499305927676
33	31	False	True	13	13	23.0	0.040050425	narrow	-3.217615993788742
33	31	False	True	14	14	24.0	0.039096996	narrow	-3.24170964358679
33	31	False	True	15	15	25.0	0.037647594	narrow	-3.2794862311606767
33	31	False	True	16	16	26.0	0.03579456	narrow	-3.3299593524291224
33	31	False	True	17	17	27.0	0.03366055	narrow	-3.39142875048369
33	31	False	True	18	18	28.0	0.031366926	narrow	-3.462001253292878
33	31	False	True	19	19	29.0	0.02901768	narrow	-3.539849979587466
33	31	False	True	20	20	30.0	0.026693622	narrow	-3.6233306185159404
33	31	False	True	21	21	31.0	0.024452431	narrow	-3.71102564060097
33	31	False	True	22	22	32.0	0.022331689	narrow	-3.8017485778355433
33	31	False	True	23	23	33.0	0.020352941	narrow	-3.894529856651149
33	31	False	True	24	24	34.0	0.018525744	narrow	-3.9885939466631357
33	31	False	True	25	25	35.0	0.016851196	narrow	-4.083333645474186
33	31	False	True	26	26	36.0	0.015324806	narrow	-4.178282456293822
33	31	False	True	27	27	37.0	0.013938624	narrow	-4.273091587273582
33	31	False	True	28	28	38.0	0.012682844	narrow	-4.367505064901528
33	31	False	True	29	29	39.0	0.011546854	narrow	-4.461342260069144
33	31	False	True	30	30	40.0	0.010519984	narrow	-4.554478592586277
33	31	False	True	31	31	10.0	17.24665	wide	2.847617921718993
33	31	False	True	32	32	11.0	64.84879	wide	4.172058252145822
33	31	False	True	33	33	12.0	0.13656124	wide	-1.990982120279415
33	31	False	True	34	34	13.0	0.075547986	wide	-2.5829872484612033
33	31	False	True	35	35	14.0	0.06526503	wide	-2.7292989144770448
33	31	False	True	36	36	15.0	0.058419894	wide	-2.8400987964712954
33	31	False	True	37	37	16.0	0.051066685	wide	-2.9746229513359874
33	31	False	True	38	38	17.0	0.04367954	wide	-3.1308754787364714
33	31	False	True	39	39	18.0	0.036769964	wide	-3.303073962728451
33	31	False	True	40	40	19.0	0.0306626	wide	-3.484711608090169
33	31	False	True	41	41	20.0	0.02550787	wide	-3.6687682469824314
33	31	False	True	42	42	21.0	0.021326337	wide	-3.8478124912039613
33	31	False	True	43	43	22.0	0.01805419	wide	-4.014377488177946
33	31	False	True	44	44	23.0	0.015580366	wide	-4.16174374715949
33	31	False	True	45	45	24.0	0.013773597	wide	-4.285001780310016
33	31	False	True	46	46	25.0	0.01250059	wide	-4.381979435787766
33	31	False	True	47	47	26.0	0.011637252	wide	-4.453543947024926
33	31	False	True	48	48	27.0	0.01107476	wide	-4.503086633714639
33	31	False	True	49	49	28.0	0.010722087	wide	-4.535449459451904
33	31	False	True	50	50	29.0	0.010506137	wide	-4.555795716367866
33	31	False	True	51	51	30.0	0.010370486	wide	-4.568791391879377
33	31	False	True	52	52	31.0	0.010273286	wide	-4.578208345166685
33	31	False	True	53	53	32.0	0.0101849595	wide	-4.5868432057472095
33	31	False	True	54	54	33.0	0.010085804	wide	-4.5966263883936795
33	31	False	True	55	55	34.0	0.009963823	wide	-4.608794445690204
33	31	False	True	56	56	35.0	0.0098128235	wide	-4.624065228264182
33	31	False	True	57	57	36.0	0.009630796	wide	-4.642789398228823
33	31	False	True	58	58	37.0	0.009418635	wide	-4.665065105352129
33	31	False	True	59	59	38.0	0.009179097	wide	-4.690826445201063
33	31	False	True	60	60	39.0	0.008916055	wide	-4.719901694792032
33	31	False	True	61	61	40.0	0.008633893	wide	-4.752059774791059
34	31	False	True	0	0	10.0	1.5028619	narrow	0.4073712236484802
34	31	False	True	1	1	11.0	0.61626923	narrow	-0.4840713492439448
34	31	False	True	2	2	12.0	0.42456803	narrow	-0.856683026942471
34	31	False	True	3	3	13.0	0.26464173	narrow	-1.3293783299855901
34	31	False	True	4	4	14.0	0.16049728	narrow	-1.8294782835961676
34	31	False	True	5	5	15.0	0.14245948	narrow	-1.9486976705860009
34	31	False	True	6	6	16.0	0.13993776	narrow	-1.9665575266525805
34	31	False	True	7	7	17.0	0.12983252	narrow	-2.0415099668006573
34	31	False	True	8	8	18.0	0.11604559	narrow	-2.1537721478454395
34	31	False	True	9	9	19.0	0.10441412	narrow	-2.25939036363678
34	31	False	True	10	10	20.0	0.09682	narrow	-2.334901694470589
34	31	False	True	11	11	21.0	0.092504606	narrow	-2.3804968411088727
34	31	False	True	12	12	22.0	0.09003438	narrow	-2.4075636815952963
34	31	False	True	13	13	23.0	0.08828295	narrow	-2.427208281749561
34	31	False	True	14	14	24.0	0.086631745	narrow	-2.4460889601454774
34	31	False	True	15	15	25.0	0.084840685	narrow	-2.4669800752965623
34	31	False	True	16	16	26.0	0.08286185	narrow	-2.4905805157658043
34	31	False	True	17	17	27.0	0.08070145	narrow	-2.5169987360857444
34	31	False	True	18	18	28.0	0.07834825	narrow	-2.5465916461028133
34	31	False	True	19	19	29.0	0.075754836	narrow	-2.5802529950462874
34	31	False	True	20	20	30.0	0.072849944	narrow	-2.6193535150440326
34	31	False	True	21	21	31.0	0.06956362	narrow	-2.665513549447056
34	31	False	True	22	22	32.0	0.06585252	narrow	-2.720337582732368
34	31	False	True	23	23	33.0	0.061717167	narrow	-2.7851931533831675
34	31	False	True	24	24	34.0	0.057208505	narrow	-2.8610527028382817
34	31	False	True	25	25	35.0	0.05242417	narrow	-2.948387534460637
34	31	False	True	26	26	36.0	0.047496676	narrow	-3.0470955493375507
34	31	False	True	27	27	37.0	0.04257699	narrow	-3.1564413124804993
34	31	False	True	28	28	38.0	0.037817284	narrow	-3.274989032185667
34	31	False	True	29	29	39.0	0.033355203	narrow	-3.400541506795107
34	31	False	True	30	30	40.0	0.029302131	narrow	-3.530095035228414
34	31	False	True	31	31	10.0	2.4029746	wide	0.8767073865777852
34	31	False	True	32	32	11.0	1.3134018	wide	0.2726205652626038
34	31	False	True	33	33	12.0	0.7101593	wide	-0.34226596791592373
34	31	False	True	34	34	13.0	0.4522266	wide	-0.7935718973388918
34	31	False	True	35	35	14.0	0.2980516	wide	-1.2104886531038026
34	31	False	True	36	36	15.0	0.17801486	wide	-1.7258882490285083
34	31	False	True	37	37	16.0	0.105769455	wide	-2.2464935063452494
34	31	False	True	38	38	17.0	0.07368184	wide	-2.6079989144913105
34	31	False	True	39	39	18.0	0.06258721	wide	-2.7711943348498904
34	31	False	True	40	40	19.0	0.05911908	wide	-2.828201564032962
34	31	False	True	41	41	20.0	0.05700781	wide	-2.8645670029897734
34	31	False	True	42	42	21.0	0.0541325	wide	-2.9163205341298295
34	31	False	True	43	43	22.0	0.05028093	wide	-2.9901293990110993
34	31	False	True	44	44	23.0	0.045914173	wide	-3.08098142962193
34	31	False	True	45	45	24.0	0.041569076	wide	-3.1803987535325846
34	31	False	True	46	46	25.0	0.037628736	wide	-3.279987265161524
34	31	False	True	47	47	26.0	0.03428411	wide	-3.37307329745689
34	31	False	True	48	48	27.0	0.03157482	wide	-3.4553953114744203
34	31	False	True	49	49	28.0	0.029447727	wide	-3.5251385535270363
34	31	False	True	50	50	29.0	0.027806202	wide	-3.582496189642026
34	31	False	True	51	51	30.0	0.026543284	wide	-3.628978519978627
34	31	False	True	52	52	31.0	0.025560206	wide	-3.6667185900373616
34	31	False	True	53	53	32.0	0.024774723	wide	-3.6979313794542197
34	31	False	True	54	54	33.0	0.024122989	wide	-3.7245899927444714
34	31	False	True	55	55	34.0	0.02355815	wide	-3.748283446202041
34	31	False	True	56	56	35.0	0.023047514	wide	-3.770197367850555
34	31	False	True	57	57	36.0	0.022569258	wide	-3.791166564191553
34	31	False	True	58	58	37.0	0.02210946	wide	-3.8117497077488927
34	31	False	True	59	59	38.0	0.02165954	wide	-3.8323092749385927
34	31	False	True	60	60	39.0	0.02121434	wide	-3.853077910875411
34	31	False	True	61	61	40.0	0.020770634	wide	-3.8742151167646104
35	31	False	True	0	0	10.0	3.391014	narrow	1.2211289917106205
35	31	False	True	1	1	11.0	3.2954025	narrow	1.1925283152741526
35	31	False	True	2	2	12.0	1.6346754	narrow	0.49144425252901675
35	31	False	True	3	3	13.0	0.7178995	narrow	-0.33142569187577453
35	31	False	True	4	4	14.0	0.3477386	narrow	-1.0563042308870318
35	31	False	True	5	5	15.0	0.19669305	narrow	-1.6261108872057564
35	31	False	True	6	6	16.0	0.13686876	narrow	-1.9887327684916796
35	31	False	True	7	7	17.0	0.11393113	narrow	-2.1721611359503696
35	31	False	True	8	8	18.0	0.105735205	narrow	-2.2468173762807804
35	31	False	True	9	9	19.0	0.10354016	narrow	-2.267795722213072
35	31	False	True	10	10	20.0	0.10400366	narrow	-2.2633291881523068
35	31	False	True	11	11	21.0	0.106468365	narrow	-2.239907380211967
35	31	False	True	12	12	22.0	0.11336275	narrow	-2.177162424896074
35	31	False	True	13	13	23.0	0.13588683	narrow	-1.9959328720133411
35	31	False	True	14	14	24.0	0.20957491	narrow	-1.5626740378988426
35	31	False	True	15	15	25.0	0.4103088	narrow	-0.8908452320428162
35	31	False	True	16	16	26.0	0.822724	narrow	-0.19513449299500013
35	31	False	True	17	17	27.0	1.4220194	narrow	0.3520779740446683
35	31	False	True	18	18	28.0	1.9730142	narrow	0.6795624241762616
35	31	False	True	19	19	29.0	2.1487043	narrow	0.764865009309577
35	31	False	True	20	20	30.0	1.836868	narrow	0.6080619473637767
35	31	False	True	21	21	31.0	1.2852458	narrow	0.2509499841014151
35	31	False	True	22	22	32.0	0.87981665	narrow	-0.12804174549096234
35	31	False	True	23	23	33.0	0.80789167	narrow	-0.21332730123164476
35	31	False	True	24	24	34.0	0.9646028	narrow	-0.036038868593858825
35	31	False	True	25	25	35.0	1.1267225	narrow	0.11931297581196698
35	31	False	True	26	26	36.0	1.152828	narrow	0.14221805409662067
35	31	False	True	27	27	37.0	1.0398086	narrow	0.039036657754587055
35	31	False	True	28	28	38.0	0.86082023	narrow	-0.14986958845671852
35	31	False	True	29	29	39.0	0.687789	narrow	-0.3742731741330881
35	31	False	True	30	30	40.0	0.55640936	narrow	-0.5862509966444382
35	31	False	True	31	31	10.0	1.251651	wide	0.22446347982518056
35	31	False	True	32	32	11.0	1.0344946	wide	0.03391299827683536
35	31	False	True	33	33	12.0	1.801482	wide	0.5886096594824884
35	31	False	True	34	34	13.0	0.8445947	wide	-0.16889841166182168
35	31	False	True	35	35	14.0	0.47792923	wide	-0.7382926118451202
35	31	False	True	36	36	15.0	0.25461307	wide	-1.3680102587483263
35	31	False	True	37	37	16.0	0.15150347	wide	-1.8871467500045833
35	31	False	True	38	38	17.0	0.09838224	wide	-2.3188949790186912
35	31	False	True	39	39	18.0	0.0700189	wide	-2.6589900733762186
35	31	False	True	40	40	19.0	0.05463948	wide	-2.9069985806023695
35	31	False	True	41	41	20.0	0.046027213	wide	-3.078522470455101
35	31	False	True	42	42	21.0	0.041011684	wide	-3.1938982772659097
35	31	False	True	43	43	22.0	0.037976738	wide	-3.2707814645956335
35	31	False	True	44	44	23.0	0.036071673	wide	-3.3222474031073705
35	31	False	True	45	45	24.0	0.034831613	wide	-3.3572298850247955
35	31	False	True	46	46	25.0	0.033995766	wide	-3.3815192915321712
35	31	False	True	47	47	26.0	0.0334168	wide	-3.3986965114465906
35	31	False	True	48	48	27.0	0.033013593	wide	-3.4108358932360083
35	31	False	True	49	49	28.0	0.032746363	wide	-3.4189633765028797
35	31	False	True	50	50	29.0	0.032605033	wide	-3.4232886160227776
35	31	False	True	51	51	30.0	0.0326072	wide	-3.423222156099505
35	31	False	True	52	52	31.0	0.03280621	wide	-3.4171374522442703
35	31	False	True	53	53	32.0	0.033314515	wide	-3.401762091080509
35	31	False	True	54	54	33.0	0.03435128	wide	-3.371115997543707
35	31	False	True	55	55	34.0	0.03632798	wide	-3.315167035726167
35	31	False	True	56	56	35.0	0.039978724	wide	-3.2194078663771872
35	31	False	True	57	57	36.0	0.04651832	wide	-3.0679090654833514
35	31	False	True	58	58	37.0	0.05776483	wide	-2.8513751660100244
35	31	False	True	59	59	38.0	0.07610784	wide	-2.575603997081906
35	31	False	True	60	60	39.0	0.10418541	wide	-2.261583178660331
35	31	False	True	61	61	40.0	0.1441868	wide	-1.9366455978497195
36	31	False	True	0	0	10.0	72.76577	narrow	4.287245652319883
36	31	False	True	1	1	11.0	2.183993	narrow	0.7811548527493171
36	31	False	True	2	2	12.0	0.75620246	narrow	-0.2794461344229524
36	31	False	True	3	3	13.0	0.16469933	narrow	-1.8036337098092454
36	31	False	True	4	4	14.0	0.06441683	narrow	-2.742380344610251
36	31	False	True	5	5	15.0	0.028977385	narrow	-3.5412395808055734
36	31	False	True	6	6	16.0	0.016977377	narrow	-4.075873585885505
36	31	False	True	7	7	17.0	0.012747116	narrow	-4.362450229042325
36	31	False	True	8	8	18.0	0.011311572	narrow	-4.481929006470167
36	31	False	True	9	9	19.0	0.011191479	narrow	-4.492602593810427
36	31	False	True	10	10	20.0	0.012139871	narrow	-4.411260119436895
36	31	False	True	11	11	21.0	0.014555385	narrow	-4.229794250743108
36	31	False	True	12	12	22.0	0.019328784	narrow	-3.946159895138478
36	31	False	True	13	13	23.0	0.027725846	narrow	-3.5853902322346927
36	31	False	True	14	14	24.0	0.041158002	narrow	-3.190336911468555
36	31	False	True	15	15	25.0	0.06080372	narrow	-2.800104307671167
36	31	False	True	16	16	26.0	0.08714038	narrow	-2.4402348975036343
36	31	False	True	17	17	27.0	0.119523644	narrow	-2.124241069441247
36	31	False	True	18	18	28.0	0.15597276	narrow	-1.8580739023642567
36	31	False	True	19	19	29.0	0.19328053	narrow	-1.6436126221036849
36	31	False	True	20	20	30.0	0.22746101	narrow	-1.480776439894538
36	31	False	True	21	21	31.0	0.25443557	narrow	-1.368707638107571
36	31	False	True	22	22	32.0	0.2707918	narrow	-1.3064050190524112
36	31	False	True	23	23	33.0	0.27441254	narrow	-1.293122684466152
36	31	False	True	24	24	34.0	0.2648384	narrow	-1.3286354503272177
36	31	False	True	25	25	35.0	0.2432931	narrow	-1.4134883896441357
36	31	False	True	26	26	36.0	0.21240155	narrow	-1.5492766920891912
36	31	False	True	27	27	37.0	0.17569205	narrow	-1.7390225323938924
36	31	False	True	28	28	38.0	0.13701193	narrow	-1.9876872766533098
36	31	False	True	29	29	39.0	0.09997385	narrow	-2.3028466271911325
36	31	False	True	30	30	40.0	0.06752935	narrow	-2.695192960793406
36	31	False	True	31	31	10.0	414.25333	wide	6.026477694898382
36	31	False	True	32	32	11.0	10.702086	wide	2.370438675737969
36	31	False	True	33	33	12.0	1.8599687	wide	0.620559659626529
36	31	False	True	34	34	13.0	0.8348782	wide	-0.18046943303456445
36	31	False	True	35	35	14.0	0.25012147	wide	-1.3858085991213562
36	31	False	True	36	36	15.0	0.10378071	wide	-2.2654751636706867
36	31	False	True	37	37	16.0	0.0497336	wide	-3.0010745179646663
36	31	False	True	38	38	17.0	0.025503665	wide	-3.6689331116550794
36	31	False	True	39	39	18.0	0.014417165	wide	-4.239335768395777
36	31	False	True	40	40	19.0	0.009122398	wide	-4.6970225708617
36	31	False	True	41	41	20.0	0.006435704	wide	-5.045894042208576
36	31	False	True	42	42	21.0	0.0049946015	wide	-5.299397649843976
36	31	False	True	43	43	22.0	0.0041909683	wide	-5.474823473895057
36	31	False	True	44	44	23.0	0.0037359425	wide	-5.589755149526272
36	31	False	True	45	45	24.0	0.0034850754	wide	-5.659265599422634
36	31	False	True	46	46	25.0	0.003365248	wide	-5.694253618749735
36	31	False	True	47	47	26.0	0.0033423838	wide	-5.7010710139903775
36	31	False	True	48	48	27.0	0.0034063882	wide	-5.682102727898696
36	31	False	True	49	49	28.0	0.003563703	wide	-5.636955106179323
36	31	False	True	50	50	29.0	0.003833295	wide	-5.564030532331043
36	31	False	True	51	51	30.0	0.004244093	wide	-5.462227145181143
36	31	False	True	52	52	31.0	0.0048327455	wide	-5.332340546309769
36	31	False	True	53	53	32.0	0.0056412662	wide	-5.17764673512322
36	31	False	True	54	54	33.0	0.006714123	wide	-5.0035420606635945
36	31	False	True	55	55	34.0	0.008094849	wide	-4.8165273455163256
36	31	False	True	56	56	35.0	0.009822266	wide	-4.623103429671117
36	31	False	True	57	57	36.0	0.011926411	wide	-4.428999926356176
36	31	False	True	58	58	37.0	0.014424789	wide	-4.238807094077971
36	31	False	True	59	59	38.0	0.017318904	wide	-4.055956657295804
36	31	False	True	60	60	39.0	0.020591948	wide	-3.88285515338408
36	31	False	True	61	61	40.0	0.024207305	wide	-3.721100831865778
37	31	False	True	0	0	10.0	3.5837536	narrow	1.2764107427492946
37	31	False	True	1	1	11.0	3.5818086	narrow	1.275867868375036
37	31	False	True	2	2	12.0	1.7587022	narrow	0.5645761506833771
37	31	False	True	3	3	13.0	1.8453264	narrow	0.6126561724147669
37	31	False	True	4	4	14.0	1.8599459	narrow	0.620547401280598
37	31	False	True	5	5	15.0	1.0542022	narrow	0.05278427232732499
37	31	False	True	6	6	16.0	0.57470936	narrow	-0.5538908268427605
37	31	False	True	7	7	17.0	0.3328157	narrow	-1.1001663956670422
37	31	False	True	8	8	18.0	0.21815781	narrow	-1.5225365789990404
37	31	False	True	9	9	19.0	0.16066444	narrow	-1.828437312616844
37	31	False	True	10	10	20.0	0.12813605	narrow	-2.054662688905817
37	31	False	True	11	11	21.0	0.107400365	narrow	-2.2311916984029057
37	31	False	True	12	12	22.0	0.092861176	narrow	-2.376649632244836
37	31	False	True	13	13	23.0	0.08189626	narrow	-2.502301954611477
37	31	False	True	14	14	24.0	0.073146895	narrow	-2.615285599443562
37	31	False	True	15	15	25.0	0.06585336	narrow	-2.7203248270376332
37	31	False	True	16	16	26.0	0.05957011	narrow	-2.820601340776182
37	31	False	True	17	17	27.0	0.054028448	narrow	-2.9182445563212553
37	31	False	True	18	18	28.0	0.04906336	narrow	-3.0146427549307147
37	31	False	True	19	19	29.0	0.044571187	narrow	-3.1106676601144505
37	31	False	True	20	20	30.0	0.04048464	narrow	-3.2068326360658848
37	31	False	True	21	21	31.0	0.036757596	narrow	-3.3034103808039768
37	31	False	True	22	22	32.0	0.033356134	narrow	-3.40051359549721
37	31	False	True	23	23	33.0	0.030253176	narrow	-3.4981541082809957
37	31	False	True	24	24	34.0	0.027425539	narrow	-3.5962806194132435
37	31	False	True	25	25	35.0	0.024852281	narrow	-3.694805739907545
37	31	False	True	26	26	36.0	0.022513894	narrow	-3.793622649242184
37	31	False	True	27	27	37.0	0.020391904	narrow	-3.892617319647925
37	31	False	True	28	28	38.0	0.018468762	narrow	-3.9916745146297834
37	31	False	True	29	29	39.0	0.01672778	narrow	-4.090684468544392
37	31	False	True	30	30	40.0	0.015153214	narrow	-4.189542624311851
37	31	False	True	31	31	10.0	1.6307173	wide	0.4890199793697656
37	31	False	True	32	32	11.0	2.1910782	wide	0.7843937514414888
37	31	False	True	33	33	12.0	1.6626674	wide	0.5084231802081235
37	31	False	True	34	34	13.0	1.3806072	wide	0.32252340239749866
37	31	False	True	35	35	14.0	0.73827326	wide	-0.30344125191234544
37	31	False	True	36	36	15.0	0.49694645	wide	-0.6992730051694505
37	31	False	True	37	37	16.0	0.7789183	wide	-0.24984911666025647
37	31	False	True	38	38	17.0	0.75287676	wide	-0.2838537299155219
37	31	False	True	39	39	18.0	0.53009415	wide	-0.6347006467029201
37	31	False	True	40	40	19.0	0.34833553	wide	-1.0545890970511238
37	31	False	True	41	41	20.0	0.22983038	wide	-1.4704137203906764
37	31	False	True	42	42	21.0	0.15453695	wide	-1.8673220526621384
37	31	False	True	43	43	22.0	0.10783297	wide	-2.2271718231121858
37	31	False	True	44	44	23.0	0.079163164	wide	-2.536244189364881
37	31	False	True	45	45	24.0	0.061274756	wide	-2.792387331624033
37	31	False	True	46	46	25.0	0.049697068	wide	-3.001809341583549
37	31	False	True	47	47	26.0	0.041848682	wide	-3.173694975971494
37	31	False	True	48	48	27.0	0.036268327	wide	-3.316810453026334
37	31	False	True	49	49	28.0	0.032120585	wide	-3.438258177117998
37	31	False	True	50	50	29.0	0.028914463	wide	-3.543413359220012
37	31	False	True	51	51	30.0	0.026350819	wide	-3.6362559228838607
37	31	False	True	52	52	31.0	0.02424038	wide	-3.7197354413362427
37	31	False	True	53	53	32.0	0.022459038	wide	-3.7960621622899446
37	31	False	True	54	54	33.0	0.020922847	wide	-3.8669135591786437
37	31	False	True	55	55	34.0	0.019573567	wide	-3.933575245404345
37	31	False	True	56	56	35.0	0.018369956	wide	-3.997038774967552
37	31	False	True	57	57	36.0	0.01728232	wide	-4.058071265358936
37	31	False	True	58	58	37.0	0.016288973	wide	-4.1172669031683595
37	31	False	True	59	59	38.0	0.0153739145	wide	-4.175083069407984
37	31	False	True	60	60	39.0	0.014525173	wide	-4.231872065815952
37	31	False	True	61	61	40.0	0.013733726	wide	-4.287900719470507
38	31	False	True	0	0	10.0	3.2427764	narrow	1.1764298764436523
38	31	False	True	1	1	11.0	2.2556849	narrow	0.8134536518949567
38	31	False	True	2	2	12.0	3.3597517	narrow	1.2118670724349374
38	31	False	True	3	3	13.0	2.5718324	narrow	0.944618640955108
38	31	False	True	4	4	14.0	2.2233667	narrow	0.7990225786430633
38	31	False	True	5	5	15.0	2.0372136	narrow	0.7115829918355991
38	31	False	True	6	6	16.0	1.8798275	narrow	0.631180017312932
38	31	False	True	7	7	17.0	1.7219292	narrow	0.5434452901777166
38	31	False	True	8	8	18.0	1.560491	narrow	0.44500051532981644
38	31	False	True	9	9	19.0	1.399869	narrow	0.3363786608145623
38	31	False	True	10	10	20.0	1.2453945	narrow	0.2194523471946562
38	31	False	True	11	11	21.0	1.1011206	narrow	0.0963283885265685
38	31	False	True	12	12	22.0	0.9694011	narrow	-0.03107682084899645
38	31	False	True	13	13	23.0	0.85115397	narrow	-0.16116223845469335
38	31	False	True	14	14	24.0	0.7462866	narrow	-0.2926455702518723
38	31	False	True	15	15	25.0	0.654081	narrow	-0.4245240819831049
38	31	False	True	16	16	26.0	0.57348484	narrow	-0.5560237769382123
38	31	False	True	17	17	27.0	0.50330645	narrow	-0.6865560498637
38	31	False	True	18	18	28.0	0.44234025	narrow	-0.8156758966656126
38	31	False	True	19	19	29.0	0.38943696	narrow	-0.9430532752939682
38	31	False	True	20	20	30.0	0.34354082	narrow	-1.0684493388633742
38	31	False	True	21	21	31.0	0.3037064	narrow	-1.191693833724751
38	31	False	True	22	22	32.0	0.26909983	narrow	-1.3126728529848908
38	31	False	True	23	23	33.0	0.23899417	narrow	-1.4313161206535872
38	31	False	True	24	24	34.0	0.21276075	narrow	-1.5475869840155305
38	31	False	True	25	25	35.0	0.18985851	narrow	-1.6614761684471968
38	31	False	True	26	26	36.0	0.1698238	narrow	-1.7729938500271898
38	31	False	True	27	27	37.0	0.15225983	narrow	-1.8821668096159245
38	31	False	True	28	28	38.0	0.13682766	narrow	-1.989033101249477
38	31	False	True	29	29	39.0	0.12323764	narrow	-2.093640755063771
38	31	False	True	30	30	40.0	0.111242436	narrow	-2.196043351258517
38	31	False	True	31	31	10.0	2.5297294	wide	0.9281123404974331
38	31	False	True	32	32	11.0	1.8367887	wide	0.6080187751207022
38	31	False	True	33	33	12.0	1.6543224	wide	0.5033914990094515
38	31	False	True	34	34	13.0	1.9068497	wide	0.6454525086197238
38	31	False	True	35	35	14.0	1.4712555	wide	0.38611611790311895
38	31	False	True	36	36	15.0	1.1613111	wide	0.1495496254775765
38	31	False	True	37	37	16.0	1.0018075	wide	0.0018058684376117912
38	31	False	True	38	38	17.0	0.90524465	wide	-0.09955004032347209
38	31	False	True	39	39	18.0	0.8335371	wide	-0.1820770666840974
38	31	False	True	40	40	19.0	0.7720634	wide	-0.25868860797704935
38	31	False	True	41	41	20.0	0.71549946	wide	-0.3347744347028974
38	31	False	True	42	42	21.0	0.6619804	wide	-0.4125193307341874
38	31	False	True	43	43	22.0	0.611012	wide	-0.4926386800688692
38	31	False	True	44	44	23.0	0.5626179	wide	-0.575154566866573
38	31	False	True	45	45	24.0	0.51696485	wide	-0.6597803951796076
38	31	False	True	46	46	25.0	0.4742064	wide	-0.746112609026893
38	31	False	True	47	47	26.0	0.43442684	wide	-0.8337277258991033
38	31	False	True	48	48	27.0	0.39763325	wide	-0.9222251809356773
38	31	False	True	49	49	28.0	0.3637655	wide	-1.011245849720438
38	31	False	True	50	50	29.0	0.33271158	wide	-1.1004792904317753
38	31	False	True	51	51	30.0	0.3043245	wide	-1.189660712668193
38	31	False	True	52	52	31.0	0.27843574	wide	-1.2785679823246405
38	31	False	True	53	53	32.0	0.25486603	wide	-1.3670172444292443
38	31	False	True	54	54	33.0	0.2334338	wide	-1.4548567538475488
38	31	False	True	55	55	34.0	0.21396065	wide	-1.5419631593726835
38	31	False	True	56	56	35.0	0.19627535	wide	-1.628236758687078
38	31	False	True	57	57	36.0	0.18021637	wide	-1.713597094426707
38	31	False	True	58	58	37.0	0.16563286	wide	-1.797981626763906
38	31	False	True	59	59	38.0	0.15238568	wide	-1.8813406033990074
38	31	False	True	60	60	39.0	0.14034705	wide	-1.9636369952765134
38	31	False	True	61	61	40.0	0.12940039	wide	-2.044843883009523
39	31	False	True	0	0	10.0	5.654231	narrow	1.732404114467942
39	31	False	True	1	1	11.0	4.155485	narrow	1.424429148330503
39	31	False	True	2	2	12.0	1.9428096	narrow	0.664135172799048
39	31	False	True	3	3	13.0	1.0208957	narrow	0.020680379214131843
39	31	False	True	4	4	14.0	1.3264794	narrow	0.2825283648859276
39	31	False	True	5	5	15.0	1.9342818	narrow	0.65973609479309
39	31	False	True	6	6	16.0	2.292873	narrow	0.8298056163846474
39	31	False	True	7	7	17.0	2.2888708	narrow	0.8280585955154666
39	31	False	True	8	8	18.0	2.037695	narrow	0.7118192670748718
39	31	False	True	9	9	19.0	1.6907498	narrow	0.525172099182206
39	31	False	True	10	10	20.0	1.3507154	narrow	0.3006343780151056
39	31	False	True	11	11	21.0	1.0642753	narrow	0.06229409805337982
39	31	False	True	12	12	22.0	0.8421352	narrow	-0.17181470755854553
39	31	False	True	13	13	23.0	0.67866975	narrow	-0.3876206467681499
39	31	False	True	14	14	24.0	0.56370735	narrow	-0.5732200451291604
39	31	False	True	15	15	25.0	0.48762885	narrow	-0.7182007157750521
39	31	False	True	16	16	26.0	0.4426279	narrow	-0.815025816750013
39	31	False	True	17	17	27.0	0.42229545	narrow	-0.8620500914313269
39	31	False	True	18	18	28.0	0.42078692	narrow	-0.8656287016919337
39	31	False	True	19	19	29.0	0.4321865	narrow	-0.8388980709362934
39	31	False	True	20	20	30.0	0.45030916	narrow	-0.7978209098872806
39	31	False	True	21	21	31.0	0.46893555	narrow	-0.7572899400215009
39	31	False	True	22	22	32.0	0.4823487	narrow	-0.7290879825075913
39	31	False	True	23	23	33.0	0.48596013	narrow	-0.7216286954839021
39	31	False	True	24	24	34.0	0.4768371	narrow	-0.7405803558553848
39	31	False	True	25	25	35.0	0.45398432	narrow	-0.7896926189821543
39	31	False	True	26	26	36.0	0.41831893	narrow	-0.8715111469559826
39	31	False	True	27	27	37.0	0.37236533	narrow	-0.9878798367316638
39	31	False	True	28	28	38.0	0.31974697	narrow	-1.1402253147213286
39	31	False	True	29	29	39.0	0.26458603	narrow	-1.3295888253693005
39	31	False	True	30	30	40.0	0.21092549	narrow	-1.5562503358325168
39	31	False	True	31	31	10.0	3.3622446	wide	1.212608786652866
39	31	False	True	32	32	11.0	3.2634268	wide	1.182777808935039
39	31	False	True	33	33	12.0	2.5387676	wide	0.9316787664339714
39	31	False	True	34	34	13.0	1.5657734	wide	0.4483798872262888
39	31	False	True	35	35	14.0	0.8719781	wide	-0.13699097006743535
39	31	False	True	36	36	15.0	0.5072492	wide	-0.6787528774090487
39	31	False	True	37	37	16.0	0.40125248	wide	-0.9131644238716535
39	31	False	True	38	38	17.0	0.45589542	wide	-0.7854918378759365
39	31	False	True	39	39	18.0	0.577509	wide	-0.5490312522920396
39	31	False	True	40	40	19.0	0.6979409	wide	-0.35962085029161867
39	31	False	True	41	41	20.0	0.7801842	wide	-0.2482252333322761
39	31	False	True	42	42	21.0	0.81284124	wide	-0.20721946525608156
39	31	False	True	43	43	22.0	0.8005264	wide	-0.2224857677012932
39	31	False	True	44	44	23.0	0.7550826	wide	-0.2809281317437806
39	31	False	True	45	45	24.0	0.6895865	wide	-0.3716631363904025
39	31	False	True	46	46	25.0	0.6151764	wide	-0.48584622303497693
39	31	False	True	47	47	26.0	0.53994226	wide	-0.6162930710667273
39	31	False	True	48	48	27.0	0.46899757	wide	-0.7571576917859542
39	31	False	True	49	49	28.0	0.40507707	wide	-0.9036779336833451
39	31	False	True	50	50	29.0	0.3492444	wide	-1.051983315332959
39	31	False	True	51	51	30.0	0.30151534	wide	-1.198934385170546
39	31	False	True	52	52	31.0	0.26132894	wide	-1.3419753586656389
39	31	False	True	53	53	32.0	0.22786427	wide	-1.4790051343108177
39	31	False	True	54	54	33.0	0.20023693	wide	-1.608253963578226
39	31	False	True	55	55	34.0	0.17760587	wide	-1.7281883971684644
39	31	False	True	56	56	35.0	0.15922278	wide	-1.8374509253560554
39	31	False	True	57	57	36.0	0.14444682	wide	-1.9348438668501187
39	31	False	True	58	58	37.0	0.13273893	wide	-2.0193710121677224
39	31	False	True	59	59	38.0	0.123647824	wide	-2.090317883228597
39	31	False	True	60	60	39.0	0.1167921	wide	-2.1473598478617957
39	31	False	True	61	61	40.0	0.11184349	wide	-2.190654795690236
40	31	False	True	0	0	10.0	3.1541705	narrow	1.148725545418365
40	31	False	True	1	1	11.0	0.71996444	narrow	-0.32855345708059625
40	31	False	True	2	2	12.0	0.42076677	narrow	-0.8656765893080022
40	31	False	True	3	3	13.0	0.24615385	narrow	-1.401798532030856
40	31	False	True	4	4	14.0	0.122904375	narrow	-2.0963486649965506
40	31	False	True	5	5	15.0	0.044927947	narrow	-3.102695250244729
40	31	False	True	6	6	16.0	0.015177334	narrow	-4.187952148262126
40	31	False	True	7	7	17.0	0.03047113	narrow	-3.490975601014151
40	31	False	True	8	8	18.0	0.072291374	narrow	-2.6270504653723035
40	31	False	True	9	9	19.0	0.11753725	narrow	-2.1409999743619545
40	31	False	True	10	10	20.0	0.1518974	narrow	-1.8845499860509283
40	31	False	True	11	11	21.0	0.1721962	narrow	-1.7591207545955252
40	31	False	True	12	12	22.0	0.18132107	narrow	-1.7074859517576968
40	31	False	True	13	13	23.0	0.18332826	narrow	-1.6964769625338998
40	31	False	True	14	14	24.0	0.18136817	narrow	-1.7072262252752417
40	31	False	True	15	15	25.0	0.17746854	narrow	-1.7289619252120514
40	31	False	True	16	16	26.0	0.17284308	narrow	-1.755371148128092
40	31	False	True	17	17	27.0	0.1681406	narrow	-1.7829547448264942
40	31	False	True	18	18	28.0	0.16357242	narrow	-1.8104994509321077
40	31	False	True	19	19	29.0	0.1590022	narrow	-1.8388372403796411
40	31	False	True	20	20	30.0	0.15405527	narrow	-1.8704438448524132
40	31	False	True	21	21	31.0	0.1482554	narrow	-1.9088188168098332
40	31	False	True	22	22	32.0	0.14116853	narrow	-1.9578008541175058
40	31	False	True	23	23	33.0	0.13252144	narrow	-2.021010835325145
40	31	False	True	24	24	34.0	0.12227496	narrow	-2.1014829996882356
40	31	False	True	25	25	35.0	0.11064053	narrow	-2.2014688013261896
40	31	False	True	26	26	36.0	0.09804569	narrow	-2.322321684470638
40	31	False	True	27	27	37.0	0.08506201	narrow	-2.464374759057286
40	31	False	True	28	28	38.0	0.07231618	narrow	-2.6267073850897438
40	31	False	True	29	29	39.0	0.060401846	narrow	-2.806735611594497
40	31	False	True	30	30	40.0	0.049808867	narrow	-2.999562258592108
40	31	False	True	31	31	10.0	1.6818068	wide	0.5198686916954409
40	31	False	True	32	32	11.0	0.7372054	wide	-0.3048887281997318
40	31	False	True	33	33	12.0	0.39211413	wide	-0.9362023336078331
40	31	False	True	34	34	13.0	0.29985088	wide	-1.2044699945711912
40	31	False	True	35	35	14.0	0.22530963	wide	-1.4902796894480737
40	31	False	True	36	36	15.0	0.16517499	wide	-1.800749821608039
40	31	False	True	37	37	16.0	0.118003696	wide	-2.1370393329730986
40	31	False	True	38	38	17.0	0.081665106	wide	-2.5051284674922036
40	31	False	True	39	39	18.0	0.05396829	wide	-2.919358627122581
40	31	False	True	40	40	19.0	0.033261865	wide	-3.4033437334280126
40	31	False	True	41	41	20.0	0.018653926	wide	-3.9816986456629255
40	31	False	True	42	42	21.0	0.009754178	wide	-4.6300595729372676
40	31	False	True	43	43	22.0	0.006181902	wide	-5.086129287872791
40	31	False	True	44	44	23.0	0.0071937665	wide	-4.934540391839023
40	31	False	True	45	45	24.0	0.0116209015	wide	-4.454949948812087
40	31	False	True	46	46	25.0	0.018069038	wide	-4.013555413205233
40	31	False	True	47	47	26.0	0.025209751	wide	-3.6805244148640104
40	31	False	True	48	48	27.0	0.032007307	wide	-3.4417910584988767
40	31	False	True	49	49	28.0	0.037812572	wide	-3.2751136390606583
40	31	False	True	50	50	29.0	0.042338215	wide	-3.1620651728792843
40	31	False	True	51	51	30.0	0.045566365	wide	-3.0885854442787606
40	31	False	True	52	52	31.0	0.047640156	wide	-3.044079259941205
40	31	False	True	53	53	32.0	0.048773307	wide	-3.0205721034803026
40	31	False	True	54	54	33.0	0.049188517	wide	-3.012095077033508
40	31	False	True	55	55	34.0	0.049084358	wide	-3.014214869275332
40	31	False	True	56	56	35.0	0.048622508	wide	-3.0236687277141465
40	31	False	True	57	57	36.0	0.047926966	wide	-3.038076968460944
40	31	False	True	58	58	37.0	0.04708895	wide	-3.0557169127030273
40	31	False	True	59	59	38.0	0.046173356	wide	-3.0753523572123056
40	31	False	True	60	60	39.0	0.04522474	wide	-3.0961109967499185
40	31	False	True	61	61	40.0	0.04427206	wide	-3.117401500680083
41	31	False	True	0	0	10.0	4.3321977	narrow	1.4660749652165161
41	31	False	True	1	1	11.0	2.430821	narrow	0.8882290603728962
41	31	False	True	2	2	12.0	1.8033736	narrow	0.5896591329613243
41	31	False	True	3	3	13.0	1.75968	narrow	0.5651319743373128
41	31	False	True	4	4	14.0	1.7463102	narrow	0.5575051048674083
41	31	False	True	5	5	15.0	1.7260377	narrow	0.5458284348328912
41	31	False	True	6	6	16.0	1.7120577	narrow	0.5376959804226359
41	31	False	True	7	7	17.0	1.6838667	narrow	0.5210927559174764
41	31	False	True	8	8	18.0	1.6309167	narrow	0.4891422493732353
41	31	False	True	9	9	19.0	1.5544952	narrow	0.4411508627023191
41	31	False	True	10	10	20.0	1.4603809	narrow	0.3786972921052187
41	31	False	True	11	11	21.0	1.3552266	narrow	0.3039686728221978
41	31	False	True	12	12	22.0	1.2450916	narrow	0.2192091015074039
41	31	False	True	13	13	23.0	1.1348248	narrow	0.12647827778496454
41	31	False	True	14	14	24.0	1.0279261	narrow	0.027543277289434554
41	31	False	True	15	15	25.0	0.9266836	narrow	-0.07614308775122518
41	31	False	True	16	16	26.0	0.8324252	narrow	-0.1834119110141276
41	31	False	True	17	17	27.0	0.7457745	narrow	-0.2933320032942029
41	31	False	True	18	18	28.0	0.6668723	narrow	-0.4051567056690858
41	31	False	True	19	19	29.0	0.5955426	narrow	-0.5182823562214678
41	31	False	True	20	20	30.0	0.5314141	narrow	-0.6322137123238292
41	31	False	True	21	21	31.0	0.47400627	narrow	-0.7465347295264465
41	31	False	True	22	22	32.0	0.42278478	narrow	-0.8608920237418543
41	31	False	True	23	23	33.0	0.3772007	narrow	-0.9749778724451292
41	31	False	True	24	24	34.0	0.33671385	narrow	-1.0885218191199757
41	31	False	True	25	25	35.0	0.30080763	narrow	-1.2012843215366666
41	31	False	True	26	26	36.0	0.26899788	narrow	-1.3130517804522457
41	31	False	True	27	27	37.0	0.24083701	narrow	-1.4236348813442044
41	31	False	True	28	28	38.0	0.21591568	narrow	-1.5328673178826906
41	31	False	True	29	29	39.0	0.19386266	narrow	-1.640605308769677
41	31	False	True	30	30	40.0	0.17434333	narrow	-1.746728762973114
41	31	False	True	31	31	10.0	4.1111455	wide	1.4137017001378847
41	31	False	True	32	32	11.0	2.6347861	wide	0.9688020022277494
41	31	False	True	33	33	12.0	1.7170942	wide	0.540633443543784
41	31	False	True	34	34	13.0	1.2120644	wide	0.19232502154902334
41	31	False	True	35	35	14.0	0.97387373	wide	-0.02647362440076248
41	31	False	True	36	36	15.0	0.85522896	wide	-0.15638605642089382
41	31	False	True	37	37	16.0	0.77626806	wide	-0.2532573803046076
41	31	False	True	38	38	17.0	0.7184847	wide	-0.3306108680530424
41	31	False	True	39	39	18.0	0.6795684	wide	-0.38629738820538756
41	31	False	True	40	40	19.0	0.6540788	wide	-0.42452744548655463
41	31	False	True	41	41	20.0	0.63505626	wide	-0.45404168558885716
41	31	False	True	42	42	21.0	0.6175205	wide	-0.482043012650492
41	31	False	True	43	43	22.0	0.59897625	wide	-0.5125333310684395
41	31	False	True	44	44	23.0	0.57856715	wide	-0.5472006630259375
41	31	False	True	45	45	24.0	0.5562644	wide	-0.5865115581963168
41	31	False	True	46	46	25.0	0.5323928	wide	-0.6303737162190424
41	31	False	True	47	47	26.0	0.5074022	wide	-0.678451295996635
41	31	False	True	48	48	27.0	0.4817607	wide	-0.730307761244123
41	31	False	True	49	49	28.0	0.45590377	wide	-0.7854735224396171
41	31	False	True	50	50	29.0	0.43021023	wide	-0.8434812827938605
41	31	False	True	51	51	30.0	0.40499267	wide	-0.9038863108048146
41	31	False	True	52	52	31.0	0.38049534	wide	-0.9662813487987562
41	31	False	True	53	53	32.0	0.35690027	wide	-1.0302988919718787
41	31	False	True	54	54	33.0	0.33433366	wide	-1.095615802619995
41	31	False	True	55	55	34.0	0.31287512	wide	-1.16195114569052
41	31	False	True	56	56	35.0	0.29256684	wide	-1.2290621255947909
41	31	False	True	57	57	36.0	0.2734211	wide	-1.2967421813717614
41	31	False	True	58	58	37.0	0.25542805	wide	-1.3648145136930991
41	31	False	True	59	59	38.0	0.23856093	wide	-1.4331305295829655
41	31	False	True	60	60	39.0	0.22278164	wide	-1.501563180069611
41	31	False	True	61	61	40.0	0.2080439	wide	-1.5700061638580527
